33 chapters, 1314 paragraphs, 176671 chars (core 869) (medium 206) (long 239)
Voice ne-NP-HemkalaNeural  rate -22%  pitch -6Hz  volume -12%

[bedtime] Bedtime: rate -22% pitch -6Hz, one clip per sentence
  · 415 repeated clip(s) will be copied, not re-synthesized
  ✓ ch00-p01-s00  (16 chars, 16KB)
  ✓ ch00-p01-s01  (59 chars, 35KB)
  ✓ ch00-p00-s01  (56 chars, 34KB)
  ✓ ch00-p00-s00  (38 chars, 35KB)
  ✓ ch00-p02-s00  (29 chars, 21KB)
  ✓ ch00-p02-s01  (90 chars, 60KB)
  ✓ ch00-p02-s02  (30 chars, 22KB)
  ✓ ch00-p03-s00  (39 chars, 24KB)
  ✓ ch00-p02-s03  (21 chars, 18KB)
  ✓ ch00-p03-s01  (40 chars, 27KB)
  ✓ ch00-p03-s02  (29 chars, 21KB)
  ✓ ch00-p04-s01  (48 chars, 33KB)
  ✓ ch00-p04-s02  (69 chars, 43KB)
  ✓ ch00-p03-s03  (61 chars, 37KB)
  ✓ ch00-p04-s00  (60 chars, 42KB)
  ✓ ch00-p05-s02  (29 chars, 22KB)
  ✓ ch00-p04-s03  (72 chars, 44KB)
  ✓ ch00-p05-s03  (37 chars, 24KB)
  ✓ ch00-p05-s00  (67 chars, 38KB)
  ✓ ch00-p05-s01  (26 chars, 20KB)
  ✓ ch00-p05-s04  (86 chars, 54KB)
  ✓ ch00-p06-s02  (25 chars, 18KB)
  ✓ ch00-p06-s01  (37 chars, 25KB)
  ✓ ch00-p06-s00  (59 chars, 36KB)
  ✓ ch00-p07-s01  (45 chars, 29KB)
  ✓ ch00-p06-s03  (79 chars, 44KB)
  ✓ ch00-p07-s00  (70 chars, 39KB)
  ✓ ch00-p07-s03  (56 chars, 35KB)
  ✓ ch00-p07-s02  (75 chars, 57KB)
  ✓ ch00-p08-s00  (35 chars, 27KB)
  ✓ ch00-p08-s01  (57 chars, 50KB)
  ✓ ch00-p08-s02  (56 chars, 36KB)
  ✓ ch00-p09-s00  (43 chars, 30KB)
  ✓ ch00-p08-s03  (82 chars, 43KB)
  ✓ ch00-p09-s02  (37 chars, 23KB)
  ✓ ch00-p09-s01  (84 chars, 49KB)
  ✓ ch00-p10-s00  (50 chars, 31KB)
  ✓ ch00-p09-s03  (54 chars, 51KB)
  ✓ ch00-p10-s01  (17 chars, 15KB)
  ✓ ch00-p10-s02  (71 chars, 41KB)
  ✓ ch00-p10-s03  (64 chars, 39KB)
  ✓ ch00-p11-s00  (24 chars, 19KB)
  ✓ ch00-p10-s04  (52 chars, 33KB)
  ✓ ch00-p11-s01  (31 chars, 19KB)
  ✓ ch00-p11-s02  (29 chars, 21KB)
  ✓ ch00-p13-s00  (24 chars, 20KB)
  ✓ ch00-p12-s00  (58 chars, 38KB)
  ✓ ch00-p13-s02  (64 chars, 37KB)
  ✓ ch00-p13-s03  (80 chars, 46KB)
  ✓ ch00-p13-s01  (96 chars, 59KB)
  ✓ ch00-p13-s04  (92 chars, 54KB)
  ✓ ch00-p14-s00  (51 chars, 33KB)
  ✓ ch00-p13-s05  (66 chars, 41KB)
  ✓ ch00-p15-s00  (70 chars, 56KB)
  ✓ ch00-p17-s00  (38 chars, 33KB)
  ✓ ch00-p14-s01  (63 chars, 38KB)
  ✓ ch00-p17-s01  (18 chars, 16KB)
  ✓ ch00-p18-s00  (62 chars, 55KB)
  ✓ ch00-p20-s00  (15 chars, 16KB)
  ✓ ch00-p21-s00  (34 chars, 26KB)
  ✓ ch00-p20-s01  (60 chars, 37KB)
  ✓ ch00-p21-s01  (18 chars, 18KB)
  ✓ ch00-p21-s02  (75 chars, 44KB)
  ✓ ch00-p22-s00  (30 chars, 22KB)
  ✓ ch00-p22-s01  (36 chars, 33KB)
  ✓ ch00-p22-s02  (57 chars, 38KB)
  ✓ ch00-p23-s00  (34 chars, 24KB)
  ✓ ch00-p22-s03  (16 chars, 15KB)
  ✓ ch00-p23-s01  (78 chars, 44KB)
  ✓ ch00-p24-s00  (65 chars, 41KB)
  ✓ ch00-p23-s02  (15 chars, 16KB)
  ✓ ch00-p24-s01  (32 chars, 24KB)
  ✓ ch00-p24-s02  (68 chars, 44KB)
  ✓ ch00-p24-s04  (45 chars, 30KB)
  ✓ ch00-p24-s05  (35 chars, 25KB)
  ✓ ch00-p25-s00  (30 chars, 1KB)
  ✓ ch00-p24-s03  (104 chars, 63KB)
  ✓ ch00-p25-s03  (36 chars, 24KB)
  ✓ ch00-p25-s02  (45 chars, 29KB)
  ✓ ch00-p25-s01  (37 chars, 25KB)
  ✓ ch00-p26-s00  (93 chars, 53KB)
  ✓ ch00-p27-s01  (38 chars, 22KB)
  ✓ ch00-p28-s00  (23 chars, 18KB)
  ✓ ch00-p27-s00  (59 chars, 41KB)
  ✓ ch00-p28-s01  (8 chars, 12KB)
  ✓ ch00-p26-s01  (93 chars, 52KB)
  ✓ ch00-p28-s02  (25 chars, 19KB)
  ✓ ch00-p29-s00  (20 chars, 18KB)
  ✓ ch00-p29-s01  (37 chars, 25KB)
  ✓ ch00-p30-s01  (28 chars, 21KB)
  ✓ ch00-p30-s00  (79 chars, 49KB)
  ✓ ch00-p30-s02  (35 chars, 25KB)
  ✓ ch00-p29-s02  (66 chars, 37KB)
  ✓ ch00-p31-s01  (44 chars, 28KB)
  ✓ ch00-p31-s00  (53 chars, 34KB)
  ✓ ch00-p32-s00  (26 chars, 20KB)
  ✓ ch00-p32-s01  (49 chars, 32KB)
  ✓ ch00-p32-s02  (24 chars, 17KB)
  ✓ ch00-p33-s00  (14 chars, 15KB)
  ✓ ch00-p33-s01  (42 chars, 29KB)
  ✓ ch01-p00-s00  (35 chars, 24KB)
  ✓ ch01-p00-s01  (37 chars, 27KB)
  ✓ ch01-p01-s00  (15 chars, 15KB)
  ✓ ch01-p01-s01  (20 chars, 18KB)
  ✓ ch01-p01-s02  (37 chars, 27KB)
  ✓ ch01-p01-s03  (20 chars, 15KB)
  ✓ ch01-p02-s01  (29 chars, 20KB)
  ✓ ch01-p02-s02  (44 chars, 28KB)
  ✓ ch01-p02-s00  (55 chars, 36KB)
  ✓ ch01-p02-s03  (37 chars, 25KB)
  ✓ ch01-p02-s04  (25 chars, 20KB)
  ✓ ch01-p03-s00  (48 chars, 31KB)
  ✓ ch01-p03-s01  (49 chars, 31KB)
  ✓ ch01-p03-s02  (41 chars, 27KB)
  ✓ ch01-p03-s03  (60 chars, 38KB)
  ✓ ch01-p03-s05  (57 chars, 35KB)
  ✓ ch01-p03-s06  (16 chars, 15KB)
  ✓ ch01-p03-s04  (69 chars, 44KB)
  ✓ ch01-p03-s07  (15 chars, 15KB)
  ✓ ch01-p03-s08  (32 chars, 23KB)
  ✓ ch01-p04-s00  (33 chars, 24KB)
  ✓ ch01-p04-s01  (51 chars, 33KB)
  ✓ ch01-p05-s00  (35 chars, 25KB)
  ✓ ch01-p05-s02  (36 chars, 25KB)
  ✓ ch01-p05-s01  (43 chars, 28KB)
  ✓ ch01-p05-s03  (65 chars, 42KB)
  ✓ ch01-p06-s00  (54 chars, 33KB)
  ✓ ch01-p05-s04  (39 chars, 26KB)
  ✓ ch01-p06-s02  (46 chars, 30KB)
  ✓ ch01-p06-s03  (50 chars, 31KB)
  ✓ ch01-p07-s00  (49 chars, 33KB)
  ✓ ch01-p07-s01  (30 chars, 22KB)
  ✓ ch01-p06-s01  (68 chars, 41KB)
  ✓ ch01-p07-s02  (56 chars, 37KB)
  ✓ ch01-p08-s01  (32 chars, 22KB)
  ✓ ch01-p08-s00  (35 chars, 25KB)
  ✓ ch01-p07-s03  (56 chars, 36KB)
  ✓ ch01-p08-s02  (41 chars, 26KB)
  ✓ ch01-p08-s03  (26 chars, 17KB)
  ✓ ch01-p09-s00  (26 chars, 19KB)
  ✓ ch01-p09-s02  (65 chars, 39KB)
  ✓ ch01-p10-s00  (50 chars, 34KB)
  ✓ ch01-p09-s01  (85 chars, 50KB)
  ✓ ch01-p10-s01  (34 chars, 24KB)
  ✓ ch01-p10-s02  (38 chars, 26KB)
  ✓ ch01-p10-s03  (30 chars, 21KB)
  ✓ ch01-p11-s00  (37 chars, 27KB)
  ✓ ch01-p11-s01  (14 chars, 14KB)
  ✓ ch01-p11-s02  (15 chars, 16KB)
  ✓ ch01-p11-s03  (44 chars, 28KB)
  ✓ ch01-p11-s04  (52 chars, 33KB)
  ✓ ch01-p12-s00  (58 chars, 38KB)
  ✓ ch01-p13-s00  (37 chars, 27KB)
  ✓ ch01-p13-s01  (106 chars, 74KB)
  ✓ ch01-p13-s02  (97 chars, 57KB)
  ✓ ch01-p13-s04  (85 chars, 54KB)
  ✓ ch01-p13-s03  (109 chars, 67KB)
  ✓ ch01-p14-s00  (10 chars, 12KB)
  ✓ ch01-p14-s01  (44 chars, 31KB)
  ✓ ch01-p17-s00  (23 chars, 18KB)
  ✓ ch01-p17-s01  (27 chars, 21KB)
  ✓ ch01-p15-s00  (68 chars, 52KB)
  ✓ ch01-p20-s00  (16 chars, 16KB)
  ✓ ch01-p18-s00  (60 chars, 52KB)
  ✓ ch01-p20-s01  (53 chars, 34KB)
  ✓ ch01-p21-s00  (32 chars, 22KB)
  ✓ ch01-p21-s01  (93 chars, 67KB)
  ✓ ch01-p22-s01  (60 chars, 38KB)
  ✓ ch01-p21-s02  (60 chars, 41KB)
  ✓ ch01-p22-s02  (17 chars, 14KB)
  ✓ ch01-p22-s00  (40 chars, 28KB)
  ✓ ch01-p23-s00  (38 chars, 25KB)
  ✓ ch01-p24-s00  (13 chars, 15KB)
  ✓ ch01-p23-s01  (45 chars, 28KB)
  ✓ ch01-p24-s01  (50 chars, 31KB)
  ✓ ch01-p24-s02  (68 chars, 41KB)
  ✓ ch01-p24-s03  (94 chars, 54KB)
  ✓ ch01-p25-s00  (32 chars, 30KB)
  ✓ ch01-p25-s01  (40 chars, 24KB)
  ✓ ch01-p26-s00  (15 chars, 15KB)
  ✓ ch01-p27-s00  (48 chars, 33KB)
  ✓ ch01-p26-s01  (23 chars, 25KB)
  ✓ ch01-p27-s01  (50 chars, 33KB)
  ✓ ch01-p27-s02  (28 chars, 21KB)
  ✓ ch01-p28-s00  (44 chars, 28KB)
  ✓ ch01-p27-s03  (53 chars, 37KB)
  ✓ ch01-p28-s02  (36 chars, 26KB)
  ✓ ch01-p28-s01  (98 chars, 69KB)
  ✓ ch01-p29-s01  (66 chars, 46KB)
  ✓ ch01-p30-s00  (14 chars, 16KB)
  ✓ ch01-p29-s00  (63 chars, 39KB)
  ✓ ch01-p29-s02  (94 chars, 57KB)
  ✓ ch01-p30-s01  (51 chars, 36KB)
  ✓ ch02-p00-s00  (35 chars, 25KB)
  ✓ ch02-p00-s01  (32 chars, 21KB)
  ✓ ch02-p00-s02  (62 chars, 37KB)
  ✓ ch02-p01-s02  (27 chars, 19KB)
  ✓ ch02-p01-s01  (22 chars, 17KB)
  ✓ ch02-p01-s00  (50 chars, 36KB)
  ✓ ch02-p02-s00  (23 chars, 18KB)
  ✓ ch02-p02-s01  (94 chars, 56KB)
  ✓ ch02-p03-s00  (68 chars, 41KB)
  ✓ ch02-p03-s01  (26 chars, 20KB)
  ✓ ch02-p03-s02  (76 chars, 65KB)
  ✓ ch02-p04-s02  (64 chars, 38KB)
  ✓ ch02-p04-s03  (38 chars, 25KB)
  ✓ ch02-p04-s00  (75 chars, 43KB)
  ✓ ch02-p05-s00  (35 chars, 24KB)
  ✓ ch02-p05-s01  (42 chars, 29KB)
  ✓ ch02-p06-s01  (43 chars, 29KB)
  ✓ ch02-p06-s00  (36 chars, 22KB)
  ✓ ch02-p07-s00  (36 chars, 26KB)
  ✓ ch02-p07-s01  (45 chars, 30KB)
  ✓ ch02-p04-s01  (147 chars, 90KB)
  ✓ ch02-p07-s02  (39 chars, 27KB)
  ✓ ch02-p08-s00  (35 chars, 25KB)
  ✓ ch02-p08-s01  (28 chars, 23KB)
  ✓ ch02-p09-s00  (30 chars, 22KB)
  ✓ ch02-p08-s03  (45 chars, 30KB)
  ✓ ch02-p08-s02  (68 chars, 43KB)
  ✓ ch02-p10-s00  (30 chars, 21KB)
  ✓ ch02-p09-s02  (79 chars, 46KB)
  ✓ ch02-p09-s01  (81 chars, 51KB)
  ✓ ch02-p10-s02  (37 chars, 28KB)
  ✓ ch02-p10-s01  (54 chars, 34KB)
  ✓ ch02-p11-s00  (14 chars, 15KB)
  ✓ ch02-p11-s01  (28 chars, 20KB)
  ✓ ch02-p11-s02  (35 chars, 23KB)
  ✓ ch02-p12-s01  (51 chars, 32KB)
  ✓ ch02-p12-s00  (45 chars, 30KB)
  ✓ ch02-p14-s00  (21 chars, 20KB)
  ✓ ch02-p13-s00  (58 chars, 39KB)
  ✓ ch02-p14-s01  (92 chars, 55KB)
  ✓ ch02-p14-s02  (140 chars, 82KB)
  ✓ ch02-p12-s02  (70 chars, 46KB)
  ✓ ch02-p14-s03  (91 chars, 56KB)
  ✓ ch02-p15-s00  (37 chars, 27KB)
  ✓ ch02-p15-s01  (34 chars, 22KB)
  ✓ ch02-p14-s04  (65 chars, 39KB)
  ✓ ch02-p18-s00  (22 chars, 19KB)
  ✓ ch02-p18-s01  (29 chars, 23KB)
  ✓ ch02-p21-s00  (11 chars, 14KB)
  ✓ ch02-p16-s00  (78 chars, 58KB)
  ✓ ch02-p19-s00  (70 chars, 58KB)
  ✓ ch02-p21-s01  (58 chars, 34KB)
  ✓ ch02-p22-s02  (19 chars, 16KB)
  ✓ ch02-p23-s00  (31 chars, 22KB)
  ✓ ch02-p22-s00  (30 chars, 23KB)
  ✓ ch02-p22-s01  (64 chars, 37KB)
  ✓ ch02-p25-s00  (42 chars, 26KB)
  ✓ ch02-p24-s00  (50 chars, 32KB)
  ✓ ch02-p23-s01  (107 chars, 72KB)
  ✓ ch02-p24-s01  (66 chars, 40KB)
  ✓ ch02-p25-s02  (19 chars, 17KB)
  ✓ ch02-p25-s01  (33 chars, 24KB)
  ✓ ch02-p26-s00  (34 chars, 31KB)
  ✓ ch02-p26-s01  (31 chars, 23KB)
  ✓ ch02-p27-s00  (27 chars, 19KB)
  ✓ ch02-p28-s00  (24 chars, 19KB)
  ✓ ch02-p27-s01  (59 chars, 39KB)
  ✓ ch02-p28-s01  (33 chars, 24KB)
  ✓ ch02-p28-s02  (22 chars, 19KB)
  ✓ ch02-p29-s00  (33 chars, 23KB)
  ✓ ch02-p30-s00  (77 chars, 45KB)
  ✓ ch02-p29-s01  (66 chars, 40KB)
  ✓ ch02-p31-s00  (78 chars, 47KB)
  ✓ ch02-p30-s01  (46 chars, 31KB)
  ✓ ch02-p31-s01  (64 chars, 40KB)
  ✓ ch02-p32-s00  (14 chars, 16KB)
  ✓ ch02-p32-s01  (44 chars, 31KB)
  ✓ ch03-p00-s00  (33 chars, 24KB)
  ✓ ch03-p00-s02  (47 chars, 32KB)
  ✓ ch03-p00-s01  (33 chars, 24KB)
  ✓ ch03-p01-s02  (16 chars, 17KB)
  ✓ ch03-p01-s00  (40 chars, 34KB)
  ✓ ch03-p02-s00  (31 chars, 24KB)
  ✓ ch03-p01-s01  (32 chars, 24KB)
  ✓ ch03-p02-s01  (67 chars, 42KB)
  ✓ ch03-p04-s00  (30 chars, 21KB)
  ✓ ch03-p02-s02  (56 chars, 36KB)
  ✓ ch03-p03-s00  (43 chars, 29KB)
  ✓ ch03-p03-s01  (59 chars, 37KB)
  ✓ ch03-p04-s01  (29 chars, 22KB)
  ✓ ch03-p04-s02  (29 chars, 21KB)
  ✓ ch03-p04-s04  (46 chars, 27KB)
  ✓ ch03-p04-s03  (54 chars, 34KB)
  ✓ ch03-p05-s02  (30 chars, 22KB)
  ✓ ch03-p05-s01  (50 chars, 32KB)
  ✓ ch03-p05-s00  (34 chars, 24KB)
  ✓ ch03-p05-s03  (34 chars, 23KB)
  ✓ ch03-p06-s00  (36 chars, 24KB)
  ✓ ch03-p06-s02  (37 chars, 27KB)
  ✓ ch03-p07-s00  (43 chars, 32KB)
  ✓ ch03-p06-s01  (74 chars, 45KB)
  ✓ ch03-p07-s01  (67 chars, 46KB)
  ✓ ch03-p06-s03  (98 chars, 59KB)
  ✓ ch03-p07-s02  (23 chars, 18KB)
  ✓ ch03-p07-s03  (37 chars, 25KB)
  ✓ ch03-p07-s04  (29 chars, 21KB)
  ✓ ch03-p08-s02  (24 chars, 19KB)
  ✓ ch03-p08-s01  (72 chars, 45KB)
  ✓ ch03-p08-s00  (19 chars, 17KB)
  ✓ ch03-p09-s00  (48 chars, 30KB)
  ✓ ch03-p10-s00  (41 chars, 35KB)
  ✓ ch03-p09-s01  (70 chars, 43KB)
  ✓ ch03-p10-s01  (30 chars, 22KB)
  ✓ ch03-p10-s02  (17 chars, 18KB)
  ✓ ch03-p11-s00  (22 chars, 16KB)
  ✓ ch03-p11-s02  (44 chars, 30KB)
  ✓ ch03-p12-s00  (53 chars, 33KB)
  ✓ ch03-p11-s01  (69 chars, 41KB)
  ✓ ch03-p12-s01  (101 chars, 63KB)
  ✓ ch03-p14-s00  (18 chars, 17KB)
  ✓ ch03-p13-s00  (58 chars, 38KB)
  ✓ ch03-p14-s01  (112 chars, 70KB)
  ✓ ch03-p14-s02  (128 chars, 77KB)
  ✓ ch03-p15-s00  (37 chars, 26KB)
  ✓ ch03-p15-s01  (48 chars, 30KB)
  ✓ ch03-p14-s03  (114 chars, 81KB)
  ✓ ch03-p14-s04  (127 chars, 76KB)
  ✓ ch03-p16-s00  (84 chars, 65KB)
  ✓ ch03-p18-s00  (22 chars, 20KB)
  ✓ ch03-p21-s00  (14 chars, 15KB)
  ✓ ch03-p18-s01  (20 chars, 17KB)
  ✓ ch03-p19-s00  (61 chars, 54KB)
  ✓ ch03-p21-s01  (66 chars, 38KB)
  ✓ ch03-p22-s01  (26 chars, 20KB)
  ✓ ch03-p23-s00  (31 chars, 23KB)
  ✓ ch03-p22-s00  (93 chars, 61KB)
  ✓ ch03-p23-s01  (58 chars, 36KB)
  ✓ ch03-p23-s02  (40 chars, 27KB)
  ✓ ch03-p24-s00  (77 chars, 46KB)
  ✓ ch03-p24-s01  (25 chars, 19KB)
  ✓ ch03-p25-s00  (27 chars, 21KB)
  ✓ ch03-p25-s01  (47 chars, 31KB)
  ✓ ch03-p26-s00  (35 chars, 32KB)
  ✓ ch03-p26-s01  (20 chars, 17KB)
  ✓ ch03-p25-s02  (61 chars, 39KB)
  ✓ ch03-p27-s00  (24 chars, 19KB)
  ✓ ch03-p27-s01  (38 chars, 28KB)
  ✓ ch03-p28-s00  (17 chars, 16KB)
  ✓ ch03-p28-s01  (81 chars, 47KB)
  ✓ ch03-p29-s01  (27 chars, 19KB)
  ✓ ch03-p29-s00  (77 chars, 44KB)
  ✓ ch03-p30-s00  (46 chars, 29KB)
  ✓ ch03-p30-s02  (29 chars, 21KB)
  ✓ ch03-p30-s01  (81 chars, 48KB)
  ✓ ch03-p31-s00  (14 chars, 15KB)
  ✓ ch04-p00-s00  (20 chars, 17KB)
  ✓ ch03-p31-s01  (39 chars, 30KB)
  ✓ ch04-p00-s01  (29 chars, 23KB)
  ✓ ch04-p01-s00  (28 chars, 29KB)
  ✓ ch04-p00-s02  (35 chars, 25KB)
  ✓ ch04-p01-s02  (49 chars, 0KB)
  ✓ ch04-p01-s01  (27 chars, 21KB)
  ✓ ch04-p04-s00  (31 chars, 21KB)
  ✓ ch04-p02-s01  (69 chars, 44KB)
  ✓ ch04-p03-s00  (52 chars, 33KB)
  ✓ ch04-p03-s01  (66 chars, 43KB)
  ✓ ch04-p04-s01  (24 chars, 19KB)
  ✓ ch04-p04-s03  (44 chars, 30KB)
  ✓ ch04-p04-s02  (53 chars, 34KB)
  ✓ ch04-p05-s00  (41 chars, 29KB)
  ✓ ch04-p04-s04  (63 chars, 40KB)
  ✓ ch04-p05-s01  (30 chars, 23KB)
  ✓ ch04-p06-s00  (44 chars, 30KB)
  ✓ ch04-p05-s02  (63 chars, 38KB)
  ✓ ch04-p07-s00  (29 chars, 22KB)
  ✓ ch04-p06-s01  (65 chars, 40KB)
  ✓ ch04-p06-s02  (68 chars, 43KB)
  ✓ ch04-p07-s01  (72 chars, 47KB)
  ✓ ch04-p08-s01  (23 chars, 19KB)
  ✓ ch04-p08-s00  (15 chars, 17KB)
  ✓ ch04-p08-s02  (22 chars, 19KB)
  ✓ ch04-p09-s01  (45 chars, 30KB)
  ✓ ch04-p09-s00  (84 chars, 46KB)
  ✓ ch04-p08-s03  (61 chars, 38KB)
  ✓ ch04-p09-s02  (47 chars, 32KB)
  ✓ ch04-p10-s00  (78 chars, 44KB)
  ✓ ch04-p11-s00  (50 chars, 30KB)
  ✓ ch04-p12-s00  (31 chars, 20KB)
  ✓ ch04-p11-s01  (69 chars, 41KB)
  ✓ ch04-p13-s00  (33 chars, 23KB)
  ✓ ch04-p12-s02  (51 chars, 34KB)
  ✓ ch04-p13-s01  (23 chars, 18KB)
  ✓ ch04-p12-s01  (95 chars, 65KB)
  ✓ ch04-p13-s02  (27 chars, 19KB)
  ✓ ch04-p14-s00  (58 chars, 38KB)
  ✓ ch04-p15-s00  (28 chars, 21KB)
  ✓ ch04-p15-s02  (90 chars, 55KB)
  ✓ ch04-p15-s01  (102 chars, 64KB)
  ✓ ch04-p15-s03  (100 chars, 57KB)
  ✓ ch04-p15-s04  (76 chars, 50KB)
  ✓ ch04-p16-s00  (10 chars, 12KB)
  ✓ ch04-p15-s05  (76 chars, 47KB)
  ✓ ch04-p16-s01  (53 chars, 34KB)
  ✓ ch04-p19-s00  (18 chars, 16KB)
  ✓ ch04-p17-s00  (82 chars, 60KB)
  ✓ ch04-p19-s01  (22 chars, 19KB)
  ✓ ch04-p22-s00  (11 chars, 14KB)
  ✓ ch04-p23-s00  (30 chars, 21KB)
  ✓ ch04-p22-s01  (60 chars, 36KB)
  ✓ ch04-p20-s00  (61 chars, 52KB)
  ✓ ch04-p23-s01  (44 chars, 29KB)
  ✓ ch04-p24-s00  (47 chars, 30KB)
  ✓ ch04-p24-s01  (58 chars, 35KB)
  ✓ ch04-p25-s00  (48 chars, 31KB)
  ✓ ch04-p26-s02  (20 chars, 17KB)
  ✓ ch04-p26-s01  (68 chars, 41KB)
  ✓ ch04-p25-s01  (110 chars, 66KB)
  ✓ ch04-p26-s00  (56 chars, 35KB)
  ✓ ch04-p27-s02  (44 chars, 31KB)
  ✓ ch04-p27-s01  (53 chars, 35KB)
  ✓ ch04-p27-s00  (28 chars, 22KB)
  ✓ ch04-p28-s00  (36 chars, 33KB)
  ✓ ch04-p28-s01  (45 chars, 26KB)
  ✓ ch04-p29-s01  (23 chars, 19KB)
  ✓ ch04-p29-s00  (18 chars, 17KB)
  ✓ ch04-p29-s02  (32 chars, 24KB)
  ✓ ch04-p30-s00  (49 chars, 30KB)
  ✓ ch04-p31-s01  (36 chars, 26KB)
  ✓ ch04-p30-s01  (61 chars, 39KB)
  ✓ ch04-p31-s00  (46 chars, 30KB)
  ✓ ch04-p32-s01  (70 chars, 45KB)
  ✓ ch04-p32-s02  (22 chars, 18KB)
  ✓ ch04-p32-s00  (25 chars, 21KB)
  ✓ ch04-p33-s00  (53 chars, 35KB)
  ✓ ch04-p33-s02  (41 chars, 25KB)
  ✓ ch04-p34-s00  (14 chars, 16KB)
  ✓ ch04-p34-s01  (45 chars, 32KB)
  ✓ ch04-p33-s01  (63 chars, 36KB)
  ✓ ch05-p00-s00  (26 chars, 20KB)
  ✓ ch05-p00-s01  (35 chars, 26KB)
  ✓ ch05-p01-s00  (18 chars, 16KB)
  ✓ ch05-p01-s01  (26 chars, 20KB)
  ✓ ch05-p01-s02  (21 chars, 17KB)
  ✓ ch05-p01-s03  (24 chars, 18KB)
  ✓ ch05-p02-s01  (30 chars, 22KB)
  ✓ ch05-p03-s00  (45 chars, 31KB)
  ✓ ch05-p02-s00  (32 chars, 23KB)
  ✓ ch05-p02-s02  (42 chars, 27KB)
  ✓ ch05-p03-s01  (36 chars, 24KB)
  ✓ ch05-p03-s03  (23 chars, 19KB)
  ✓ ch05-p04-s00  (32 chars, 24KB)
  ✓ ch05-p03-s02  (29 chars, 21KB)
  ✓ ch05-p04-s01  (54 chars, 37KB)
  ✓ ch05-p05-s01  (68 chars, 43KB)
  ✓ ch05-p04-s02  (73 chars, 46KB)
  ✓ ch05-p06-s00  (20 chars, 18KB)
  ✓ ch05-p05-s00  (51 chars, 32KB)
  ✓ ch05-p06-s01  (23 chars, 18KB)
  ✓ ch05-p06-s02  (27 chars, 21KB)
  ✓ ch05-p07-s00  (44 chars, 27KB)
  ✓ ch05-p07-s01  (51 chars, 34KB)
  ✓ ch05-p08-s00  (19 chars, 17KB)
  ✓ ch05-p06-s03  (65 chars, 42KB)
  ✓ ch05-p08-s01  (36 chars, 24KB)
  ✓ ch05-p09-s01  (36 chars, 24KB)
  ✓ ch05-p08-s02  (53 chars, 34KB)
  ✓ ch05-p09-s00  (28 chars, 20KB)
  ✓ ch05-p09-s02  (15 chars, 15KB)
  ✓ ch05-p10-s00  (29 chars, 21KB)
  ✓ ch05-p10-s02  (53 chars, 34KB)
  ✓ ch05-p10-s01  (61 chars, 38KB)
  ✓ ch05-p10-s03  (58 chars, 37KB)
  ✓ ch05-p11-s00  (69 chars, 43KB)
  ✓ ch05-p11-s01  (34 chars, 25KB)
  ✓ ch05-p12-s00  (32 chars, 24KB)
  ✓ ch05-p12-s02  (50 chars, 34KB)
  ✓ ch05-p12-s01  (51 chars, 33KB)
  ✓ ch05-p13-s00  (58 chars, 39KB)
  ✓ ch05-p14-s00  (35 chars, 26KB)
  ✓ ch05-p14-s01  (70 chars, 44KB)
  ✓ ch05-p14-s03  (75 chars, 47KB)
  ✓ ch05-p14-s05  (70 chars, 43KB)
  ✓ ch05-p15-s00  (10 chars, 12KB)
  ✓ ch05-p15-s01  (40 chars, 28KB)
  ✓ ch05-p14-s02  (110 chars, 65KB)
  ✓ ch05-p14-s04  (86 chars, 53KB)
  ✓ ch05-p18-s00  (13 chars, 15KB)
  ✓ ch05-p16-s00  (69 chars, 54KB)
  ✓ ch05-p18-s01  (26 chars, 22KB)
  ✓ ch05-p21-s00  (12 chars, 15KB)
  ✓ ch05-p19-s00  (61 chars, 54KB)
  ✓ ch05-p21-s01  (53 chars, 33KB)
  ✓ ch05-p23-s00  (38 chars, 25KB)
  ✓ ch05-p22-s00  (68 chars, 43KB)
  ✓ ch05-p23-s02  (20 chars, 17KB)
  ✓ ch05-p23-s01  (38 chars, 25KB)
  ✓ ch05-p24-s00  (31 chars, 21KB)
  ✓ ch05-p25-s00  (32 chars, 23KB)
  ✓ ch05-p24-s01  (55 chars, 33KB)
  ✓ ch05-p25-s02  (41 chars, 26KB)
  ✓ ch05-p25-s01  (67 chars, 40KB)
  ✓ ch05-p26-s00  (31 chars, 28KB)
  ✓ ch05-p26-s01  (28 chars, 22KB)
  ✓ ch05-p27-s00  (29 chars, 23KB)
  ✓ ch05-p28-s00  (26 chars, 20KB)
  ✓ ch05-p27-s01  (56 chars, 35KB)
  ✓ ch05-p29-s00  (51 chars, 33KB)
  ✓ ch05-p28-s01  (49 chars, 34KB)
  ✓ ch05-p29-s01  (32 chars, 25KB)
  ✓ ch05-p30-s01  (79 chars, 46KB)
  ✓ ch05-p31-s00  (14 chars, 16KB)
  ✓ ch05-p30-s00  (52 chars, 35KB)
  ✓ ch06-p00-s00  (34 chars, 24KB)
  ✓ ch06-p01-s00  (12 chars, 13KB)
  ✓ ch05-p31-s01  (31 chars, 25KB)
  ✓ ch06-p01-s01  (29 chars, 20KB)
  ✓ ch06-p00-s01  (65 chars, 40KB)
  ✓ ch06-p02-s00  (31 chars, 24KB)
  ✓ ch06-p01-s02  (32 chars, 20KB)
  ✓ ch06-p02-s01  (34 chars, 24KB)
  ✓ ch06-p03-s00  (25 chars, 22KB)
  ✓ ch06-p02-s02  (71 chars, 42KB)
  ✓ ch06-p04-s00  (47 chars, 30KB)
  ✓ ch06-p03-s01  (76 chars, 49KB)
  ✓ ch06-p05-s01  (55 chars, 33KB)
  ✓ ch06-p04-s01  (60 chars, 42KB)
  ✓ ch06-p05-s00  (20 chars, 18KB)
  ✓ ch06-p05-s02  (53 chars, 34KB)
  ✓ ch06-p06-s00  (40 chars, 33KB)
  ✓ ch06-p07-s00  (68 chars, 42KB)
  ✓ ch06-p06-s01  (59 chars, 36KB)
  ✓ ch06-p08-s00  (23 chars, 18KB)
  ✓ ch06-p07-s01  (102 chars, 63KB)
  ✓ ch06-p08-s01  (51 chars, 34KB)
  ✓ ch06-p08-s02  (46 chars, 29KB)
  ✓ ch06-p09-s00  (53 chars, 33KB)
  ✓ ch06-p09-s01  (40 chars, 25KB)
  ✓ ch06-p09-s02  (89 chars, 52KB)
  ✓ ch06-p10-s00  (67 chars, 41KB)
  ✓ ch06-p11-s00  (17 chars, 16KB)
  ✓ ch06-p10-s01  (32 chars, 22KB)
  ✓ ch06-p10-s02  (46 chars, 27KB)
  ✓ ch06-p11-s02  (48 chars, 31KB)
  ✓ ch06-p11-s01  (83 chars, 48KB)
  ✓ ch06-p13-s00  (23 chars, 18KB)
  ✓ ch06-p12-s00  (74 chars, 47KB)
  ✓ ch06-p13-s01  (34 chars, 24KB)
  ✓ ch06-p15-s00  (18 chars, 18KB)
  ✓ ch06-p12-s01  (82 chars, 59KB)
  ✓ ch06-p15-s01  (69 chars, 43KB)
  ✓ ch06-p14-s00  (58 chars, 38KB)
  ✓ ch06-p15-s02  (135 chars, 82KB)
  ✓ ch06-p15-s05  (68 chars, 40KB)
  ✓ ch06-p16-s00  (42 chars, 27KB)
  ✓ ch06-p15-s03  (80 chars, 48KB)
  ✓ ch06-p15-s04  (106 chars, 65KB)
  ✓ ch06-p16-s01  (36 chars, 23KB)
  ✓ ch06-p19-s00  (14 chars, 15KB)
  ✓ ch06-p19-s01  (15 chars, 16KB)
  ✓ ch06-p22-s00  (11 chars, 14KB)
  ✓ ch06-p22-s01  (54 chars, 34KB)
  ✓ ch06-p23-s00  (37 chars, 28KB)
  ✓ ch06-p20-s00  (61 chars, 55KB)
  ✓ ch06-p23-s01  (40 chars, 25KB)
  ✓ ch06-p17-s00  (69 chars, 54KB)
  ✓ ch06-p24-s00  (41 chars, 27KB)
  ✓ ch06-p25-s00  (21 chars, 18KB)
  ✓ ch06-p26-s00  (37 chars, 28KB)
  ✓ ch06-p24-s01  (54 chars, 33KB)
  ✓ ch06-p25-s01  (74 chars, 49KB)
  ✓ ch06-p26-s01  (44 chars, 30KB)
  ✓ ch06-p27-s00  (35 chars, 25KB)
  ✓ ch06-p27-s01  (77 chars, 49KB)
  ✓ ch06-p28-s01  (51 chars, 28KB)
  ✓ ch06-p28-s00  (30 chars, 30KB)
  ✓ ch06-p29-s01  (22 chars, 17KB)
  ✓ ch06-p29-s00  (14 chars, 15KB)
  ✓ ch06-p30-s00  (86 chars, 51KB)
  ✓ ch06-p32-s00  (46 chars, 30KB)
  ✓ ch06-p31-s00  (66 chars, 40KB)
  ✓ ch06-p31-s01  (44 chars, 30KB)
  ✓ ch06-p33-s00  (31 chars, 23KB)
  ✓ ch06-p33-s01  (52 chars, 31KB)
  ✓ ch06-p34-s01  (29 chars, 23KB)
  ✓ ch07-p00-s00  (18 chars, 18KB)
  ✓ ch06-p32-s01  (83 chars, 48KB)
  ✓ ch07-p00-s01  (17 chars, 17KB)
  ✓ ch07-p00-s02  (26 chars, 24KB)
  ✓ ch07-p01-s01  (40 chars, 28KB)
  ✓ ch07-p02-s00  (14 chars, 15KB)
  ✓ ch07-p01-s00  (34 chars, 32KB)
  ✓ ch07-p03-s00  (23 chars, 19KB)
  ✓ ch07-p02-s01  (21 chars, 17KB)
  ✓ ch07-p03-s01  (18 chars, 18KB)
  ✓ ch07-p05-s00  (11 chars, 13KB)
  ✓ ch07-p04-s00  (15 chars, 16KB)
  ✓ ch07-p05-s01  (75 chars, 47KB)
  ✓ ch07-p04-s01  (72 chars, 45KB)
  ✓ ch07-p05-s02  (44 chars, 30KB)
  ✓ ch07-p06-s00  (33 chars, 23KB)
  ✓ ch07-p06-s01  (70 chars, 43KB)
  ✓ ch07-p06-s02  (42 chars, 28KB)
  ✓ ch07-p07-s01  (53 chars, 47KB)
  ✓ ch07-p07-s00  (72 chars, 46KB)
  ✓ ch07-p08-s00  (28 chars, 21KB)
  ✓ ch07-p08-s02  (79 chars, 50KB)
  ✓ ch07-p08-s01  (93 chars, 59KB)
  ✓ ch07-p10-s00  (57 chars, 36KB)
  ✓ ch07-p09-s00  (69 chars, 43KB)
  ✓ ch07-p11-s01  (22 chars, 18KB)
  ✓ ch07-p11-s00  (55 chars, 34KB)
  ✓ ch07-p10-s01  (94 chars, 57KB)
  ✓ ch07-p11-s02  (38 chars, 24KB)
  ✓ ch07-p12-s00  (45 chars, 31KB)
  ✓ ch07-p13-s00  (38 chars, 25KB)
  ✓ ch07-p14-s00  (62 chars, 37KB)
  ✓ ch07-p14-s01  (42 chars, 27KB)
  ✓ ch07-p12-s01  (87 chars, 55KB)
  ✓ ch07-p13-s01  (49 chars, 30KB)
  ✓ ch07-p15-s00  (27 chars, 20KB)
  ✓ ch07-p15-s02  (67 chars, 43KB)
  ✓ ch07-p15-s03  (26 chars, 20KB)
  ✓ ch07-p15-s01  (60 chars, 40KB)
  ✓ ch07-p17-s00  (19 chars, 18KB)
  ✓ ch07-p17-s01  (102 chars, 64KB)
  ✓ ch07-p17-s03  (125 chars, 72KB)
  ✓ ch07-p17-s02  (113 chars, 71KB)
  ✓ ch07-p18-s00  (10 chars, 12KB)
  ✓ ch07-p18-s01  (37 chars, 26KB)
  ✓ ch07-p17-s04  (117 chars, 75KB)
  ✓ ch07-p19-s00  (68 chars, 53KB)
  ✓ ch07-p21-s00  (37 chars, 32KB)
  ✓ ch07-p22-s00  (60 chars, 51KB)
  ✓ ch07-p24-s00  (11 chars, 14KB)
  ✓ ch07-p25-s00  (27 chars, 21KB)
  ✓ ch07-p24-s01  (58 chars, 35KB)
  ✓ ch07-p25-s01  (77 chars, 50KB)
  ✓ ch07-p26-s01  (29 chars, 22KB)
  ✓ ch07-p26-s00  (43 chars, 29KB)
  ✓ ch07-p27-s00  (45 chars, 28KB)
  ✓ ch07-p27-s02  (39 chars, 25KB)
  ✓ ch07-p27-s01  (27 chars, 20KB)
  ✓ ch07-p28-s00  (41 chars, 27KB)
  ✓ ch07-p28-s01  (44 chars, 29KB)
  ✓ ch07-p30-s00  (24 chars, 18KB)
  ✓ ch07-p29-s01  (25 chars, 17KB)
  ✓ ch07-p29-s00  (26 chars, 20KB)
  ✓ ch07-p30-s01  (71 chars, 42KB)
  ✓ ch07-p31-s00  (35 chars, 25KB)
  ✓ ch07-p32-s00  (31 chars, 21KB)
  ✓ ch07-p31-s01  (48 chars, 32KB)
  ✓ ch07-p32-s01  (70 chars, 42KB)
  ✓ ch07-p34-s00  (53 chars, 33KB)
  ✓ ch07-p33-s00  (29 chars, 20KB)
  ✓ ch07-p35-s01  (32 chars, 27KB)
  ✓ ch07-p34-s01  (41 chars, 27KB)
  ✓ ch08-p00-s00  (30 chars, 23KB)
  ✓ ch07-p33-s01  (105 chars, 61KB)
  ✓ ch08-p00-s01  (48 chars, 34KB)
  ✓ ch08-p01-s00  (14 chars, 15KB)
  ✓ ch08-p01-s01  (34 chars, 21KB)
  ✓ ch08-p01-s02  (46 chars, 31KB)
  ✓ ch08-p02-s02  (15 chars, 15KB)
  ✓ ch08-p02-s01  (18 chars, 17KB)
  ✓ ch08-p02-s00  (36 chars, 32KB)
  ✓ ch08-p03-s00  (34 chars, 27KB)
  ✓ ch08-p03-s02  (58 chars, 36KB)
  ✓ ch08-p03-s01  (48 chars, 32KB)
  ✓ ch08-p04-s00  (24 chars, 19KB)
  ✓ ch08-p04-s01  (83 chars, 50KB)
  ✓ ch08-p05-s00  (22 chars, 18KB)
  ✓ ch08-p04-s02  (27 chars, 19KB)
  ✓ ch08-p05-s02  (28 chars, 19KB)
  ✓ ch08-p06-s00  (36 chars, 25KB)
  ✓ ch08-p05-s01  (72 chars, 44KB)
  ✓ ch08-p06-s01  (59 chars, 38KB)
  ✓ ch08-p07-s00  (82 chars, 52KB)
  ✓ ch08-p08-s00  (56 chars, 36KB)
  ✓ ch08-p06-s02  (88 chars, 54KB)
  ✓ ch08-p08-s01  (57 chars, 37KB)
  ✓ ch08-p08-s02  (32 chars, 25KB)
  ✓ ch08-p09-s02  (44 chars, 31KB)
  ✓ ch08-p09-s00  (27 chars, 21KB)
  ✓ ch08-p10-s00  (61 chars, 39KB)
  ✓ ch08-p09-s01  (36 chars, 28KB)
  ✓ ch08-p10-s01  (28 chars, 20KB)
  ✓ ch08-p10-s02  (67 chars, 40KB)
  ✓ ch08-p11-s00  (27 chars, 21KB)
  ✓ ch08-p10-s03  (53 chars, 34KB)
  ✓ ch08-p11-s01  (47 chars, 30KB)
  ✓ ch08-p12-s00  (38 chars, 26KB)
  ✓ ch08-p11-s02  (61 chars, 37KB)
  ✓ ch08-p12-s01  (56 chars, 36KB)
  ✓ ch08-p12-s02  (32 chars, 23KB)
  ✓ ch08-p12-s03  (74 chars, 43KB)
  ✓ ch08-p14-s00  (20 chars, 18KB)
  ✓ ch08-p12-s04  (66 chars, 40KB)
  ✓ ch08-p14-s01  (91 chars, 54KB)
  ✓ ch08-p14-s02  (92 chars, 55KB)
  ✓ ch08-p15-s00  (49 chars, 33KB)
  ✓ ch08-p14-s03  (142 chars, 85KB)
  ✓ ch08-p18-s00  (19 chars, 17KB)
  ✓ ch08-p16-s00  (68 chars, 56KB)
  ✓ ch08-p14-s04  (130 chars, 89KB)
  ✓ ch08-p18-s01  (24 chars, 19KB)
  ✓ ch08-p21-s00  (12 chars, 13KB)
  ✓ ch08-p19-s00  (60 chars, 53KB)
  ✓ ch08-p22-s00  (38 chars, 25KB)
  ✓ ch08-p21-s01  (60 chars, 36KB)
  ✓ ch08-p23-s01  (59 chars, 38KB)
  ✓ ch08-p23-s00  (66 chars, 40KB)
  ✓ ch08-p22-s01  (81 chars, 49KB)
  ✓ ch08-p25-s00  (29 chars, 21KB)
  ✓ ch08-p24-s00  (68 chars, 40KB)
  ✓ ch08-p25-s01  (78 chars, 45KB)
  ✓ ch08-p26-s00  (39 chars, 32KB)
  ✓ ch08-p27-s00  (24 chars, 19KB)
  ✓ ch08-p26-s01  (33 chars, 24KB)
  ✓ ch08-p27-s01  (23 chars, 18KB)
  ✓ ch08-p29-s01  (32 chars, 23KB)
  ✓ ch08-p28-s00  (41 chars, 26KB)
  ✓ ch08-p29-s00  (68 chars, 39KB)
  ✓ ch08-p28-s01  (61 chars, 36KB)
  ✓ ch08-p30-s00  (30 chars, 21KB)
  ✓ ch08-p30-s01  (44 chars, 30KB)
  ✓ ch08-p31-s00  (18 chars, 16KB)
  ✓ ch08-p31-s01  (41 chars, 28KB)
  ✓ ch08-p32-s00  (14 chars, 16KB)
  ✓ ch08-p32-s01  (32 chars, 26KB)
  ✓ ch08-p31-s02  (61 chars, 36KB)
  ✓ ch09-p00-s00  (47 chars, 30KB)
  ✓ ch09-p00-s01  (25 chars, 19KB)
  ✓ ch09-p01-s01  (26 chars, 18KB)
  ✓ ch09-p01-s00  (11 chars, 13KB)
  ✓ ch09-p01-s02  (37 chars, 24KB)
  ✓ ch09-p02-s02  (27 chars, 19KB)
  ✓ ch09-p02-s01  (29 chars, 19KB)
  ✓ ch09-p02-s00  (23 chars, 19KB)
  ✓ ch09-p03-s00  (14 chars, 15KB)
  ✓ ch09-p03-s02  (25 chars, 19KB)
  ✓ ch09-p04-s00  (31 chars, 21KB)
  ✓ ch09-p03-s01  (86 chars, 53KB)
  ✓ ch09-p04-s01  (71 chars, 42KB)
  ✓ ch09-p05-s00  (57 chars, 36KB)
  ✓ ch09-p04-s02  (82 chars, 47KB)
  ✓ ch09-p06-s00  (25 chars, 20KB)
  ✓ ch09-p06-s02  (25 chars, 19KB)
  ✓ ch09-p06-s01  (67 chars, 41KB)
  ✓ ch09-p07-s01  (61 chars, 37KB)
  ✓ ch09-p08-s00  (24 chars, 20KB)
  ✓ ch09-p07-s00  (87 chars, 65KB)
  ✓ ch09-p09-s00  (37 chars, 26KB)
  ✓ ch09-p08-s01  (65 chars, 49KB)
  ✓ ch09-p10-s00  (25 chars, 18KB)
  ✓ ch09-p09-s01  (97 chars, 57KB)
  ✓ ch09-p11-s01  (16 chars, 14KB)
  ✓ ch09-p11-s00  (19 chars, 16KB)
  ✓ ch09-p11-s02  (34 chars, 22KB)
  ✓ ch09-p10-s01  (60 chars, 37KB)
  ✓ ch09-p12-s00  (12 chars, 13KB)
  ✓ ch09-p12-s01  (61 chars, 39KB)
  ✓ ch09-p14-s00  (23 chars, 20KB)
  ✓ ch09-p14-s02  (96 chars, 60KB)
  ✓ ch09-p14-s03  (72 chars, 44KB)
  ✓ ch09-p14-s01  (77 chars, 45KB)
  ✓ ch09-p15-s00  (10 chars, 12KB)
  ✓ ch09-p14-s05  (56 chars, 36KB)
  ✓ ch09-p14-s04  (92 chars, 57KB)
  ✓ ch09-p18-s01  (18 chars, 16KB)
  ✓ ch09-p18-s00  (22 chars, 19KB)
  ✓ ch09-p15-s01  (60 chars, 40KB)
  ✓ ch09-p21-s00  (11 chars, 14KB)
  ✓ ch09-p16-s00  (76 chars, 58KB)
  ✓ ch09-p22-s01  (46 chars, 31KB)
  ✓ ch09-p21-s01  (72 chars, 43KB)
  ✓ ch09-p19-s00  (61 chars, 53KB)
  ✓ ch09-p22-s00  (38 chars, 26KB)
  ✓ ch09-p23-s00  (30 chars, 23KB)
  ✓ ch09-p24-s01  (47 chars, 31KB)
  ✓ ch09-p25-s00  (24 chars, 19KB)
  ✓ ch09-p23-s01  (72 chars, 44KB)
  ✓ ch09-p24-s00  (41 chars, 27KB)
  ✓ ch09-p25-s02  (31 chars, 23KB)
  ✓ ch09-p26-s00  (36 chars, 32KB)
  ✓ ch09-p25-s01  (100 chars, 62KB)
  ✓ ch09-p26-s01  (26 chars, 20KB)
  ✓ ch09-p27-s00  (17 chars, 16KB)
  ✓ ch09-p28-s00  (48 chars, 33KB)
  ✓ ch09-p28-s01  (44 chars, 29KB)
  ✓ ch09-p27-s01  (69 chars, 54KB)
  ✓ ch09-p29-s00  (19 chars, 18KB)
  ✓ ch09-p29-s01  (66 chars, 38KB)
  ✓ ch09-p30-s01  (72 chars, 0KB)
  ✓ ch09-p30-s00  (28 chars, 22KB)
  ✓ ch09-p30-s02  (33 chars, 24KB)
  ✓ ch09-p31-s01  (51 chars, 32KB)
  ✓ ch09-p31-s00  (46 chars, 32KB)
  ✓ ch09-p32-s00  (14 chars, 15KB)
  ✓ ch09-p32-s01  (32 chars, 25KB)
  ✓ ch10-p00-s00  (45 chars, 28KB)
  ✓ ch10-p00-s01  (25 chars, 20KB)
  ✓ ch10-p01-s00  (11 chars, 13KB)
  ✓ ch10-p01-s01  (18 chars, 16KB)
  ✓ ch10-p02-s00  (26 chars, 19KB)
  ✓ ch10-p02-s01  (22 chars, 18KB)
  ✓ ch10-p01-s02  (35 chars, 24KB)
  ✓ ch10-p02-s02  (56 chars, 36KB)
  ✓ ch10-p03-s00  (64 chars, 39KB)
  ✓ ch10-p03-s01  (82 chars, 50KB)
  ✓ ch10-p04-s00  (75 chars, 47KB)
  ✓ ch10-p05-s00  (54 chars, 36KB)
  ✓ ch10-p05-s01  (83 chars, 49KB)
  ✓ ch10-p06-s00  (49 chars, 32KB)
  ✓ ch10-p06-s02  (43 chars, 28KB)
  ✓ ch10-p06-s01  (53 chars, 33KB)
  ✓ ch10-p06-s03  (36 chars, 24KB)
  ✓ ch10-p07-s00  (48 chars, 32KB)
  ✓ ch10-p07-s01  (48 chars, 32KB)
  ✓ ch10-p08-s00  (13 chars, 15KB)
  ✓ ch10-p08-s01  (65 chars, 40KB)
  ✓ ch10-p08-s03  (30 chars, 21KB)
  ✓ ch10-p09-s00  (26 chars, 19KB)
  ✓ ch10-p08-s02  (60 chars, 38KB)
  ✓ ch10-p09-s01  (99 chars, 59KB)
  ✓ ch10-p11-s00  (15 chars, 15KB)
  ✓ ch10-p10-s00  (26 chars, 20KB)
  ✓ ch10-p10-s01  (60 chars, 48KB)
  ✓ ch10-p12-s00  (20 chars, 17KB)
  ✓ ch10-p11-s01  (28 chars, 21KB)
  ✓ ch10-p12-s01  (73 chars, 44KB)
  ✓ ch10-p13-s00  (51 chars, 32KB)
  ✓ ch10-p12-s02  (55 chars, 36KB)
  ✓ ch10-p13-s01  (51 chars, 34KB)
  ✓ ch10-p14-s00  (58 chars, 38KB)
  ✓ ch10-p15-s00  (31 chars, 23KB)
  ✓ ch10-p15-s01  (89 chars, 49KB)
  ✓ ch10-p15-s02  (88 chars, 53KB)
  ✓ ch10-p15-s04  (66 chars, 39KB)
  ✓ ch10-p16-s00  (10 chars, 12KB)
  ✓ ch10-p15-s03  (130 chars, 79KB)
  ✓ ch10-p15-s05  (107 chars, 65KB)
  ✓ ch10-p19-s00  (26 chars, 20KB)
  ✓ ch10-p16-s01  (76 chars, 45KB)
  ✓ ch10-p19-s01  (19 chars, 17KB)
  ✓ ch10-p17-s00  (69 chars, 52KB)
  ✓ ch10-p22-s00  (11 chars, 14KB)
  ✓ ch10-p23-s00  (30 chars, 20KB)
  ✓ ch10-p22-s01  (73 chars, 42KB)
  ✓ ch10-p20-s00  (61 chars, 53KB)
  ✓ ch10-p23-s01  (36 chars, 24KB)
  ✓ ch10-p24-s00  (23 chars, 17KB)
  ✓ ch10-p25-s00  (40 chars, 25KB)
  ✓ ch10-p25-s01  (66 chars, 40KB)
  ✓ ch10-p24-s01  (85 chars, 53KB)
  ✓ ch10-p26-s00  (50 chars, 33KB)
  ✓ ch10-p26-s01  (101 chars, 59KB)
  ✓ ch10-p28-s00  (19 chars, 16KB)
  ✓ ch10-p27-s00  (32 chars, 30KB)
  ✓ ch10-p27-s01  (26 chars, 21KB)
  ✓ ch10-p28-s01  (4 chars, 10KB)
  ✓ ch10-p28-s02  (20 chars, 17KB)
  ✓ ch10-p30-s00  (25 chars, 21KB)
  ✓ ch10-p29-s00  (62 chars, 38KB)
  ✓ ch10-p29-s01  (40 chars, 28KB)
  ✓ ch10-p31-s00  (41 chars, 27KB)
  ✓ ch10-p30-s01  (102 chars, 62KB)
  ✓ ch10-p31-s01  (42 chars, 26KB)
  ✓ ch10-p32-s00  (33 chars, 22KB)
  ✓ ch10-p33-s00  (14 chars, 16KB)
  ✓ ch10-p32-s01  (80 chars, 46KB)
  ✓ ch10-p33-s01  (43 chars, 30KB)
  ✓ ch11-p00-s00  (41 chars, 27KB)
  ✓ ch11-p01-s00  (12 chars, 13KB)
  ✓ ch11-p00-s01  (41 chars, 27KB)
  ✓ ch11-p01-s01  (38 chars, 27KB)
  ✓ ch11-p02-s00  (18 chars, 17KB)
  ✓ ch11-p01-s02  (20 chars, 19KB)
  ✓ ch11-p02-s01  (44 chars, 30KB)
  ✓ ch11-p02-s02  (41 chars, 30KB)
  ✓ ch11-p03-s01  (27 chars, 21KB)
  ✓ ch11-p04-s00  (31 chars, 23KB)
  ✓ ch11-p05-s00  (48 chars, 32KB)
  ✓ ch11-p03-s00  (43 chars, 27KB)
  ✓ ch11-p04-s01  (87 chars, 55KB)
  ✓ ch11-p05-s01  (54 chars, 34KB)
  ✓ ch11-p05-s02  (70 chars, 41KB)
  ✓ ch11-p06-s00  (20 chars, 17KB)
  ✓ ch11-p06-s02  (41 chars, 27KB)
  ✓ ch11-p06-s01  (56 chars, 37KB)
  ✓ ch11-p07-s00  (23 chars, 20KB)
  ✓ ch11-p07-s01  (56 chars, 37KB)
  ✓ ch11-p07-s02  (47 chars, 31KB)
  ✓ ch11-p08-s00  (30 chars, 22KB)
  ✓ ch11-p08-s01  (67 chars, 42KB)
  ✓ ch11-p09-s00  (20 chars, 23KB)
  ✓ ch11-p09-s01  (46 chars, 32KB)
  ✓ ch11-p10-s00  (22 chars, 18KB)
  ✓ ch11-p11-s00  (18 chars, 18KB)
  ✓ ch11-p10-s01  (33 chars, 23KB)
  ✓ ch11-p09-s02  (116 chars, 73KB)
  ✓ ch11-p12-s00  (20 chars, 17KB)
  ✓ ch11-p11-s01  (91 chars, 57KB)
  ✓ ch11-p11-s02  (42 chars, 29KB)
  ✓ ch11-p12-s01  (35 chars, 25KB)
  ✓ ch11-p14-s00  (27 chars, 21KB)
  ✓ ch11-p14-s02  (146 chars, 93KB)
  ✓ ch11-p14-s04  (104 chars, 65KB)
  ✓ ch11-p15-s00  (10 chars, 12KB)
  ✓ ch11-p14-s01  (94 chars, 61KB)
  ✓ ch11-p15-s01  (37 chars, 26KB)
  ✓ ch11-p14-s03  (115 chars, 84KB)
  ✓ ch11-p18-s01  (21 chars, 17KB)
  ✓ ch11-p16-s00  (68 chars, 54KB)
  ✓ ch11-p18-s00  (27 chars, 21KB)
  ✓ ch11-p21-s01  (60 chars, 37KB)
  ✓ ch11-p22-s00  (31 chars, 21KB)
  ✓ ch11-p19-s00  (60 chars, 54KB)
  ✓ ch11-p23-s00  (22 chars, 18KB)
  ✓ ch11-p22-s01  (69 chars, 39KB)
  ✓ ch11-p23-s01  (38 chars, 26KB)
  ✓ ch11-p25-s00  (19 chars, 16KB)
  ✓ ch11-p24-s00  (73 chars, 45KB)
  ✓ ch11-p24-s01  (34 chars, 23KB)
  ✓ ch11-p25-s01  (106 chars, 65KB)
  ✓ ch11-p26-s00  (35 chars, 23KB)
  ✓ ch11-p27-s01  (39 chars, 23KB)
  ✓ ch11-p27-s00  (35 chars, 32KB)
  ✓ ch11-p26-s01  (43 chars, 27KB)
  ✓ ch11-p28-s00  (15 chars, 15KB)
  ✓ ch11-p28-s01  (26 chars, 20KB)
  ✓ ch11-p29-s00  (33 chars, 22KB)
  ✓ ch11-p29-s01  (54 chars, 33KB)
  ✓ ch11-p30-s00  (68 chars, 54KB)
  ✓ ch11-p30-s01  (53 chars, 33KB)
  ✓ ch11-p31-s00  (58 chars, 38KB)
  ✓ ch11-p32-s01  (38 chars, 25KB)
  ✓ ch11-p31-s01  (46 chars, 30KB)
  ✓ ch12-p00-s00  (18 chars, 17KB)
  ✓ ch11-p33-s01  (50 chars, 34KB)
  ✓ ch12-p00-s01  (44 chars, 30KB)
  ✓ ch11-p32-s00  (70 chars, 41KB)
  ✓ ch12-p01-s00  (31 chars, 30KB)
  ✓ ch12-p02-s01  (18 chars, 14KB)
  ✓ ch12-p01-s01  (39 chars, 22KB)
  ✓ ch12-p02-s02  (13 chars, 15KB)
  ✓ ch12-p02-s00  (14 chars, 15KB)
  ✓ ch12-p02-s03  (48 chars, 28KB)
  ✓ ch12-p04-s00  (18 chars, 19KB)
  ✓ ch12-p03-s00  (44 chars, 32KB)
  ✓ ch12-p04-s01  (40 chars, 27KB)
  ✓ ch12-p03-s01  (102 chars, 74KB)
  ✓ ch12-p05-s00  (48 chars, 31KB)
  ✓ ch12-p05-s01  (49 chars, 30KB)
  ✓ ch12-p06-s00  (23 chars, 18KB)
  ✓ ch12-p06-s02  (58 chars, 37KB)
  ✓ ch12-p07-s00  (71 chars, 46KB)
  ✓ ch12-p06-s01  (59 chars, 36KB)
  ✓ ch12-p07-s01  (67 chars, 42KB)
  ✓ ch12-p08-s00  (52 chars, 34KB)
  ✓ ch12-p07-s02  (39 chars, 26KB)
  ✓ ch12-p08-s01  (38 chars, 27KB)
  ✓ ch12-p09-s00  (54 chars, 35KB)
  ✓ ch12-p09-s01  (30 chars, 23KB)
  ✓ ch12-p09-s02  (36 chars, 24KB)
  ✓ ch12-p10-s00  (21 chars, 17KB)
  ✓ ch12-p11-s00  (53 chars, 33KB)
  ✓ ch12-p10-s01  (51 chars, 34KB)
  ✓ ch12-p11-s01  (24 chars, 20KB)
  ✓ ch12-p12-s00  (65 chars, 40KB)
  ✓ ch12-p13-s00  (42 chars, 27KB)
  ✓ ch12-p13-s01  (49 chars, 31KB)
  ✓ ch12-p12-s01  (95 chars, 58KB)
  ✓ ch12-p13-s02  (61 chars, 37KB)
  ✓ ch12-p14-s01  (54 chars, 35KB)
  ✓ ch12-p15-s01  (29 chars, 23KB)
  ✓ ch12-p14-s00  (20 chars, 18KB)
  ✓ ch12-p15-s00  (98 chars, 58KB)
  ✓ ch12-p16-s01  (27 chars, 21KB)
  ✓ ch12-p16-s00  (67 chars, 41KB)
  ✓ ch12-p17-s00  (17 chars, 17KB)
  ✓ ch12-p19-s00  (23 chars, 19KB)
  ✓ ch12-p17-s01  (75 chars, 46KB)
  ✓ ch12-p19-s01  (110 chars, 71KB)
  ✓ ch12-p19-s02  (158 chars, 100KB)
  ✓ ch12-p20-s01  (55 chars, 35KB)
  ✓ ch12-p19-s04  (75 chars, 45KB)
  ✓ ch12-p23-s00  (21 chars, 18KB)
  ✓ ch12-p23-s01  (19 chars, 17KB)
  ✓ ch12-p21-s00  (69 chars, 55KB)
  ✓ ch12-p19-s03  (156 chars, 105KB)
  ✓ ch12-p26-s00  (11 chars, 14KB)
  ✓ ch12-p24-s00  (61 chars, 56KB)
  ✓ ch12-p26-s01  (53 chars, 34KB)
  ✓ ch12-p27-s00  (55 chars, 37KB)
  ✓ ch12-p28-s00  (24 chars, 17KB)
  ✓ ch12-p27-s01  (73 chars, 48KB)
  ✓ ch12-p28-s01  (47 chars, 30KB)
  ✓ ch12-p30-s00  (14 chars, 15KB)
  ✓ ch12-p29-s01  (23 chars, 19KB)
  ✓ ch12-p29-s00  (40 chars, 28KB)
  ✓ ch12-p30-s01  (87 chars, 53KB)
  ✓ ch12-p30-s02  (40 chars, 25KB)
  ✓ ch12-p31-s01  (29 chars, 22KB)
  ✓ ch12-p31-s00  (33 chars, 30KB)
  ✓ ch12-p32-s00  (33 chars, 23KB)
  ✓ ch12-p32-s01  (40 chars, 27KB)
  ✓ ch12-p33-s01  (33 chars, 25KB)
  ✓ ch12-p33-s00  (61 chars, 38KB)
  ✓ ch12-p34-s00  (69 chars, 42KB)
  ✓ ch12-p35-s00  (54 chars, 34KB)
  ✓ ch12-p35-s01  (93 chars, 57KB)
  ✓ ch12-p36-s00  (31 chars, 22KB)
  ✓ ch12-p37-s00  (14 chars, 15KB)
  ✓ ch13-p00-s00  (34 chars, 25KB)
  ✓ ch12-p36-s01  (103 chars, 60KB)
  ✓ ch12-p37-s01  (41 chars, 31KB)
  ✓ ch13-p00-s01  (55 chars, 36KB)
  ✓ ch13-p02-s01  (17 chars, 16KB)
  ✓ ch13-p01-s01  (40 chars, 24KB)
  ✓ ch13-p02-s00  (14 chars, 15KB)
  ✓ ch13-p02-s02  (18 chars, 16KB)
  ✓ ch13-p03-s01  (65 chars, 43KB)
  ✓ ch13-p03-s00  (16 chars, 17KB)
  ✓ ch13-p04-s00  (13 chars, 15KB)
  ✓ ch13-p03-s02  (35 chars, 24KB)
  ✓ ch13-p04-s02  (26 chars, 21KB)
  ✓ ch13-p04-s01  (51 chars, 34KB)
  ✓ ch13-p05-s01  (32 chars, 23KB)
  ✓ ch13-p05-s00  (25 chars, 20KB)
  ✓ ch13-p06-s00  (13 chars, 15KB)
  ✓ ch13-p06-s01  (75 chars, 44KB)
  ✓ ch13-p07-s01  (51 chars, 33KB)
  ✓ ch13-p08-s00  (25 chars, 19KB)
  ✓ ch13-p06-s02  (53 chars, 34KB)
  ✓ ch13-p07-s00  (75 chars, 46KB)
  ✓ ch13-p08-s02  (15 chars, 16KB)
  ✓ ch13-p08-s01  (32 chars, 23KB)
  ✓ ch13-p09-s00  (39 chars, 26KB)
  ✓ ch13-p10-s00  (22 chars, 19KB)
  ✓ ch13-p09-s01  (64 chars, 40KB)
  ✓ ch13-p10-s02  (50 chars, 32KB)
  ✓ ch13-p10-s01  (71 chars, 45KB)
  ✓ ch13-p11-s00  (31 chars, 21KB)
  ✓ ch13-p11-s01  (65 chars, 39KB)
  ✓ ch13-p10-s03  (58 chars, 48KB)
  ✓ ch13-p11-s02  (48 chars, 31KB)
  ✓ ch13-p13-s00  (34 chars, 25KB)
  ✓ ch13-p12-s00  (45 chars, 43KB)
  ✓ ch13-p14-s00  (38 chars, 26KB)
  ✓ ch13-p13-s01  (81 chars, 51KB)
  ✓ ch13-p14-s01  (42 chars, 31KB)
  ✓ ch13-p15-s00  (79 chars, 48KB)
  ✓ ch13-p15-s01  (96 chars, 59KB)
  ✓ ch13-p17-s00  (14 chars, 15KB)
  ✓ ch13-p17-s01  (48 chars, 29KB)
  ✓ ch13-p16-s00  (75 chars, 54KB)
  ✓ ch13-p18-s00  (58 chars, 37KB)
  ✓ ch13-p19-s00  (30 chars, 23KB)
  ✓ ch13-p19-s04  (52 chars, 36KB)
  ✓ ch13-p19-s02  (177 chars, 116KB)
  ✓ ch13-p19-s01  (77 chars, 47KB)
  ✓ ch13-p20-s00  (10 chars, 12KB)
  ✓ ch13-p20-s01  (53 chars, 33KB)
  ✓ ch13-p21-s00  (69 chars, 54KB)
  ✓ ch13-p23-s00  (23 chars, 20KB)
  ✓ ch13-p19-s03  (140 chars, 95KB)
  ✓ ch13-p23-s01  (25 chars, 21KB)
  ✓ ch13-p24-s00  (61 chars, 55KB)
  ✓ ch13-p26-s00  (11 chars, 14KB)
  ✓ ch13-p26-s01  (56 chars, 36KB)
  ✓ ch13-p27-s00  (33 chars, 24KB)
  ✓ ch13-p28-s00  (62 chars, 40KB)
  ✓ ch13-p29-s00  (19 chars, 16KB)
  ✓ ch13-p27-s01  (47 chars, 31KB)
  ✓ ch13-p28-s01  (52 chars, 34KB)
  ✓ ch13-p29-s01  (71 chars, 42KB)
  ✓ ch13-p30-s00  (62 chars, 42KB)
  ✓ ch13-p31-s00  (34 chars, 32KB)
  ✓ ch13-p30-s01  (35 chars, 24KB)
  ✓ ch13-p31-s01  (27 chars, 23KB)
  ✓ ch13-p32-s00  (19 chars, 17KB)
  ✓ ch13-p32-s01  (82 chars, 47KB)
  ✓ ch13-p33-s00  (15 chars, 17KB)
  ✓ ch13-p34-s00  (75 chars, 44KB)
  ✓ ch13-p33-s01  (53 chars, 37KB)
  ✓ ch13-p35-s00  (57 chars, 33KB)
  ✓ ch13-p35-s01  (64 chars, 45KB)
  ✓ ch13-p36-s01  (61 chars, 38KB)
  ✓ ch13-p36-s00  (39 chars, 25KB)
  ✓ ch13-p37-s01  (28 chars, 24KB)
  ✓ ch14-p00-s01  (20 chars, 17KB)
  ✓ ch14-p01-s01  (34 chars, 22KB)
  ✓ ch14-p01-s00  (12 chars, 13KB)
  ✓ ch14-p00-s00  (55 chars, 36KB)
  ✓ ch14-p02-s00  (27 chars, 20KB)
  ✓ ch14-p01-s02  (15 chars, 15KB)
  ✓ ch14-p02-s01  (29 chars, 18KB)
  ✓ ch14-p03-s00  (32 chars, 24KB)
  ✓ ch14-p03-s01  (40 chars, 28KB)
  ✓ ch14-p05-s00  (46 chars, 31KB)
  ✓ ch14-p04-s00  (53 chars, 34KB)
  ✓ ch14-p04-s01  (61 chars, 36KB)
  ✓ ch14-p06-s00  (69 chars, 44KB)
  ✓ ch14-p05-s01  (42 chars, 29KB)
  ✓ ch14-p07-s00  (39 chars, 26KB)
  ✓ ch14-p07-s02  (74 chars, 45KB)
  ✓ ch14-p07-s03  (39 chars, 28KB)
  ✓ ch14-p07-s01  (75 chars, 45KB)
  ✓ ch14-p09-s00  (61 chars, 38KB)
  ✓ ch14-p08-s00  (70 chars, 44KB)
  ✓ ch14-p10-s00  (63 chars, 38KB)
  ✓ ch14-p09-s01  (23 chars, 19KB)
  ✓ ch14-p10-s01  (20 chars, 17KB)
  ✓ ch14-p11-s00  (29 chars, 21KB)
  ✓ ch14-p11-s02  (57 chars, 36KB)
  ✓ ch14-p12-s00  (50 chars, 32KB)
  ✓ ch14-p12-s01  (71 chars, 42KB)
  ✓ ch14-p11-s01  (58 chars, 37KB)
  ✓ ch14-p13-s00  (86 chars, 56KB)
  ✓ ch14-p12-s02  (87 chars, 49KB)
  ✓ ch14-p14-s00  (33 chars, 25KB)
  ✓ ch14-p13-s01  (61 chars, 41KB)
  ✓ ch14-p15-s00  (54 chars, 34KB)
  ✓ ch14-p14-s01  (64 chars, 39KB)
  ✓ ch14-p16-s00  (66 chars, 42KB)
  ✓ ch14-p18-s00  (32 chars, 24KB)
  ✓ ch14-p16-s01  (82 chars, 55KB)
  ✓ ch14-p15-s01  (87 chars, 69KB)
  ✓ ch14-p18-s01  (124 chars, 76KB)
  ✓ ch14-p18-s02  (138 chars, 85KB)
  ✓ ch14-p18-s04  (151 chars, 98KB)
  ✓ ch14-p18-s03  (128 chars, 75KB)
  ✓ ch14-p19-s01  (58 chars, 37KB)
  ✓ ch14-p22-s00  (31 chars, 24KB)
  ✓ ch14-p22-s01  (20 chars, 17KB)
  ✓ ch14-p23-s00  (61 chars, 53KB)
  ✓ ch14-p20-s00  (69 chars, 54KB)
  ✓ ch14-p25-s00  (11 chars, 14KB)
  ✓ ch14-p25-s01  (76 chars, 43KB)
  ✓ ch14-p26-s00  (55 chars, 33KB)
  ✓ ch14-p26-s01  (36 chars, 26KB)
  ✓ ch14-p27-s00  (32 chars, 22KB)
  ✓ ch14-p27-s01  (74 chars, 45KB)
  ✓ ch14-p28-s01  (29 chars, 22KB)
  ✓ ch14-p28-s00  (44 chars, 30KB)
  ✓ ch14-p29-s00  (22 chars, 19KB)
  ✓ ch14-p29-s01  (84 chars, 49KB)
  ✓ ch14-p30-s01  (34 chars, 26KB)
  ✓ ch14-p30-s00  (32 chars, 30KB)
  ✓ ch14-p31-s00  (48 chars, 32KB)
  ✓ ch14-p29-s02  (63 chars, 40KB)
  ✓ ch14-p32-s01  (43 chars, 27KB)
  ✓ ch14-p33-s00  (43 chars, 29KB)
  ✓ ch14-p33-s01  (57 chars, 36KB)
  ✓ ch14-p32-s00  (68 chars, 42KB)
  ✓ ch14-p34-s00  (24 chars, 20KB)
  ✓ ch14-p35-s00  (44 chars, 29KB)
  ✓ ch14-p34-s01  (85 chars, 52KB)
  ✓ ch14-p36-s01  (38 chars, 28KB)
  ✓ ch14-p35-s01  (40 chars, 29KB)
  ✓ ch15-p00-s00  (38 chars, 26KB)
  ✓ ch15-p00-s01  (39 chars, 27KB)
  ✓ ch15-p01-s00  (17 chars, 15KB)
  ✓ ch15-p01-s01  (59 chars, 35KB)
  ✓ ch15-p03-s00  (74 chars, 46KB)
  ✓ ch15-p02-s01  (28 chars, 19KB)
  ✓ ch15-p02-s00  (14 chars, 15KB)
  ✓ ch15-p04-s01  (73 chars, 43KB)
  ✓ ch15-p04-s00  (27 chars, 19KB)
  ✓ ch15-p05-s00  (52 chars, 34KB)
  ✓ ch15-p03-s01  (82 chars, 62KB)
  ✓ ch15-p06-s01  (47 chars, 29KB)
  ✓ ch15-p05-s01  (70 chars, 45KB)
  ✓ ch15-p07-s00  (32 chars, 23KB)
  ✓ ch15-p06-s00  (49 chars, 31KB)
  ✓ ch15-p08-s01  (31 chars, 22KB)
  ✓ ch15-p08-s02  (17 chars, 18KB)
  ✓ ch15-p07-s01  (67 chars, 41KB)
  ✓ ch15-p08-s00  (21 chars, 18KB)
  ✓ ch15-p09-s00  (42 chars, 28KB)
  ✓ ch15-p10-s00  (38 chars, 26KB)
  ✓ ch15-p09-s01  (55 chars, 33KB)
  ✓ ch15-p10-s01  (48 chars, 32KB)
  ✓ ch15-p11-s00  (36 chars, 25KB)
  ✓ ch15-p11-s01  (72 chars, 44KB)
  ✓ ch15-p12-s00  (36 chars, 26KB)
  ✓ ch15-p13-s00  (55 chars, 35KB)
  ✓ ch15-p12-s01  (48 chars, 32KB)
  ✓ ch15-p13-s01  (78 chars, 44KB)
  ✓ ch15-p15-s00  (39 chars, 29KB)
  ✓ ch15-p15-s01  (70 chars, 43KB)
  ✓ ch15-p14-s00  (71 chars, 43KB)
  ✓ ch15-p17-s00  (68 chars, 41KB)
  ✓ ch15-p16-s00  (38 chars, 26KB)
  ✓ ch15-p16-s01  (49 chars, 34KB)
  ✓ ch15-p18-s00  (35 chars, 25KB)
  ✓ ch15-p18-s02  (18 chars, 17KB)
  ✓ ch15-p20-s00  (17 chars, 17KB)
  ✓ ch15-p18-s01  (84 chars, 51KB)
  ✓ ch15-p19-s00  (58 chars, 39KB)
  ✓ ch15-p20-s01  (145 chars, 107KB)
  ✓ ch15-p20-s03  (129 chars, 75KB)
  ✓ ch15-p20-s02  (188 chars, 111KB)
  ✓ ch15-p20-s04  (128 chars, 76KB)
  ✓ ch15-p21-s00  (10 chars, 13KB)
  ✓ ch15-p22-s00  (67 chars, 54KB)
  ✓ ch15-p24-s00  (29 chars, 22KB)
  ✓ ch15-p21-s01  (55 chars, 36KB)
  ✓ ch15-p24-s01  (23 chars, 18KB)
  ✓ ch15-p25-s00  (59 chars, 53KB)
  ✓ ch15-p28-s00  (42 chars, 30KB)
  ✓ ch15-p29-s00  (37 chars, 27KB)
  ✓ ch15-p27-s01  (69 chars, 41KB)
  ✓ ch15-p29-s01  (53 chars, 33KB)
  ✓ ch15-p28-s01  (109 chars, 67KB)
  ✓ ch15-p30-s00  (53 chars, 32KB)
  ✓ ch15-p30-s01  (41 chars, 28KB)
  ✓ ch15-p31-s01  (63 chars, 37KB)
  ✓ ch15-p31-s00  (39 chars, 25KB)
  ✓ ch15-p32-s01  (61 chars, 37KB)
  ✓ ch15-p33-s01  (40 chars, 29KB)
  ✓ ch15-p32-s00  (54 chars, 33KB)
  ✓ ch15-p33-s00  (35 chars, 31KB)
  ✓ ch15-p35-s00  (44 chars, 31KB)
  ✓ ch15-p34-s00  (33 chars, 24KB)
  ✓ ch15-p36-s00  (40 chars, 27KB)
  ✓ ch15-p34-s01  (58 chars, 38KB)
  ✓ ch15-p35-s01  (105 chars, 71KB)
  ✓ ch15-p36-s01  (51 chars, 34KB)
  ✓ ch15-p37-s00  (47 chars, 29KB)
  ✓ ch15-p37-s01  (42 chars, 26KB)
  ✓ ch15-p38-s00  (26 chars, 20KB)
  ✓ ch15-p38-s01  (79 chars, 46KB)
  ✓ ch15-p39-s01  (43 chars, 32KB)
  ✓ ch16-p00-s00  (21 chars, 18KB)
  ✓ ch16-p00-s01  (37 chars, 26KB)
  ✓ ch16-p01-s01  (47 chars, 33KB)
  ✓ ch16-p01-s00  (24 chars, 19KB)
  ✓ ch16-p02-s01  (32 chars, 35KB)
  ✓ ch16-p02-s00  (11 chars, 14KB)
  ✓ ch16-p03-s00  (54 chars, 34KB)
  ✓ ch16-p04-s00  (25 chars, 22KB)
  ✓ ch16-p03-s01  (78 chars, 49KB)
  ✓ ch16-p06-s00  (45 chars, 30KB)
  ✓ ch16-p04-s01  (58 chars, 36KB)
  ✓ ch16-p06-s02  (29 chars, 22KB)
  ✓ ch16-p05-s00  (60 chars, 37KB)
  ✓ ch16-p06-s01  (63 chars, 39KB)
  ✓ ch16-p07-s01  (38 chars, 24KB)
  ✓ ch16-p07-s00  (52 chars, 37KB)
  ✓ ch16-p08-s00  (61 chars, 38KB)
  ✓ ch16-p09-s00  (50 chars, 34KB)
  ✓ ch16-p08-s01  (81 chars, 61KB)
  ✓ ch16-p09-s01  (49 chars, 29KB)
  ✓ ch16-p10-s01  (64 chars, 37KB)
  ✓ ch16-p11-s00  (42 chars, 30KB)
  ✓ ch16-p10-s00  (72 chars, 43KB)
  ✓ ch16-p11-s01  (55 chars, 36KB)
  ✓ ch16-p12-s00  (61 chars, 40KB)
  ✓ ch16-p13-s00  (49 chars, 31KB)
  ✓ ch16-p14-s00  (69 chars, 38KB)
  ✓ ch16-p13-s01  (48 chars, 30KB)
  ✓ ch16-p15-s00  (30 chars, 22KB)
  ✓ ch16-p16-s00  (43 chars, 30KB)
  ✓ ch16-p14-s01  (58 chars, 34KB)
  ✓ ch16-p15-s01  (27 chars, 21KB)
  ✓ ch16-p16-s01  (49 chars, 30KB)
  ✓ ch16-p17-s00  (76 chars, 47KB)
  ✓ ch16-p18-s00  (43 chars, 30KB)
  ✓ ch16-p17-s01  (66 chars, 39KB)
  ✓ ch16-p18-s01  (38 chars, 27KB)
  ✓ ch16-p20-s00  (18 chars, 17KB)
  ✓ ch16-p20-s03  (151 chars, 86KB)
  ✓ ch16-p20-s01  (97 chars, 58KB)
  ✓ ch16-p20-s02  (74 chars, 46KB)
  ✓ ch16-p21-s01  (57 chars, 36KB)
  ✓ ch16-p22-s00  (71 chars, 54KB)
  ✓ ch16-p20-s04  (105 chars, 62KB)
  ✓ ch16-p24-s00  (25 chars, 21KB)
  ✓ ch16-p24-s01  (32 chars, 23KB)
  ✓ ch16-p27-s01  (55 chars, 37KB)
  ✓ ch16-p28-s01  (49 chars, 33KB)
  ✓ ch16-p28-s00  (66 chars, 40KB)
  ✓ ch16-p29-s00  (47 chars, 30KB)
  ✓ ch16-p25-s00  (63 chars, 57KB)
  ✓ ch16-p30-s00  (16 chars, 14KB)
  ✓ ch16-p29-s01  (67 chars, 41KB)
  ✓ ch16-p31-s01  (34 chars, 24KB)
  ✓ ch16-p30-s02  (32 chars, 24KB)
  ✓ ch16-p31-s00  (81 chars, 52KB)
  ✓ ch16-p30-s01  (65 chars, 40KB)
  ✓ ch16-p33-s00  (33 chars, 24KB)
  ✓ ch16-p32-s00  (35 chars, 24KB)
  ✓ ch16-p33-s01  (45 chars, 31KB)
  ✓ ch16-p34-s00  (32 chars, 31KB)
  ✓ ch16-p32-s01  (106 chars, 64KB)
  ✓ ch16-p35-s01  (65 chars, 42KB)
  ✓ ch16-p34-s01  (34 chars, 26KB)
  ✓ ch16-p37-s00  (35 chars, 23KB)
  ✓ ch16-p36-s00  (35 chars, 25KB)
  ✓ ch16-p37-s01  (82 chars, 50KB)
  ✓ ch16-p36-s01  (96 chars, 72KB)
  ✓ ch16-p38-s00  (27 chars, 19KB)
  ✓ ch16-p39-s00  (69 chars, 42KB)
  ✓ ch16-p38-s01  (74 chars, 43KB)
  ✓ ch16-p35-s00  (51 chars, 35KB)
  ✓ ch16-p40-s01  (38 chars, 30KB)
  ✓ ch17-p00-s00  (21 chars, 19KB)
  ✓ ch17-p00-s01  (40 chars, 29KB)
  ✓ ch17-p01-s01  (15 chars, 15KB)
  ✓ ch17-p01-s00  (23 chars, 20KB)
  ✓ ch17-p01-s02  (30 chars, 23KB)
  ✓ ch17-p02-s01  (91 chars, 54KB)
  ✓ ch17-p02-s00  (25 chars, 21KB)
  ✓ ch17-p03-s00  (71 chars, 38KB)
  ✓ ch17-p03-s01  (38 chars, 26KB)
  ✓ ch17-p04-s01  (53 chars, 33KB)
  ✓ ch17-p05-s01  (48 chars, 31KB)
  ✓ ch17-p05-s00  (38 chars, 25KB)
  ✓ ch17-p06-s00  (49 chars, 33KB)
  ✓ ch17-p04-s00  (71 chars, 43KB)
  ✓ ch17-p07-s00  (72 chars, 43KB)
  ✓ ch17-p06-s01  (58 chars, 38KB)
  ✓ ch17-p07-s01  (26 chars, 20KB)
  ✓ ch17-p08-s01  (26 chars, 19KB)
  ✓ ch17-p10-s00  (41 chars, 27KB)
  ✓ ch17-p09-s00  (72 chars, 46KB)
  ✓ ch17-p08-s00  (95 chars, 68KB)
  ✓ ch17-p11-s00  (76 chars, 46KB)
  ✓ ch17-p10-s01  (67 chars, 44KB)
  ✓ ch17-p11-s01  (55 chars, 35KB)
  ✓ ch17-p12-s00  (20 chars, 18KB)
  ✓ ch17-p13-s00  (48 chars, 31KB)
  ✓ ch17-p14-s00  (57 chars, 37KB)
  ✓ ch17-p13-s01  (33 chars, 26KB)
  ✓ ch17-p14-s01  (49 chars, 34KB)
  ✓ ch17-p15-s00  (19 chars, 18KB)
  ✓ ch17-p16-s00  (74 chars, 47KB)
  ✓ ch17-p15-s01  (61 chars, 41KB)
  ✓ ch17-p12-s01  (123 chars, 70KB)
  ✓ ch17-p16-s01  (21 chars, 18KB)
  ✓ ch17-p17-s02  (34 chars, 24KB)
  ✓ ch17-p17-s00  (27 chars, 21KB)
  ✓ ch17-p17-s01  (102 chars, 65KB)
  ✓ ch17-p19-s00  (20 chars, 17KB)
  ✓ ch17-p19-s01  (102 chars, 60KB)
  ✓ ch17-p19-s02  (143 chars, 90KB)
  ✓ ch17-p19-s03  (132 chars, 79KB)
  ✓ ch17-p19-s04  (179 chars, 106KB)
  ✓ ch17-p20-s00  (10 chars, 12KB)
  ✓ ch17-p21-s00  (69 chars, 55KB)
  ✓ ch17-p20-s01  (59 chars, 36KB)
  ✓ ch17-p23-s01  (27 chars, 23KB)
  ✓ ch17-p23-s00  (17 chars, 17KB)
  ✓ ch17-p26-s00  (11 chars, 14KB)
  ✓ ch17-p27-s00  (40 chars, 26KB)
  ✓ ch17-p26-s01  (74 chars, 44KB)
  ✓ ch17-p24-s00  (61 chars, 55KB)
  ✓ ch17-p27-s01  (61 chars, 35KB)
  ✓ ch17-p28-s00  (37 chars, 27KB)
  ✓ ch17-p29-s00  (56 chars, 32KB)
  ✓ ch17-p30-s00  (51 chars, 31KB)
  ✓ ch17-p29-s01  (40 chars, 25KB)
  ✓ ch17-p28-s01  (56 chars, 35KB)
  ✓ ch17-p30-s01  (65 chars, 38KB)
  ✓ ch17-p31-s01  (64 chars, 40KB)
  ✓ ch17-p32-s00  (38 chars, 26KB)
  ✓ ch17-p31-s00  (21 chars, 18KB)
  ✓ ch17-p32-s01  (26 chars, 21KB)
  ✓ ch17-p33-s00  (31 chars, 30KB)
  ✓ ch17-p33-s01  (39 chars, 29KB)
  ✓ ch17-p34-s00  (21 chars, 17KB)
  ✓ ch17-p35-s00  (43 chars, 26KB)
  ✓ ch17-p34-s01  (82 chars, 51KB)
  ✓ ch17-p37-s00  (69 chars, 42KB)
  ✓ ch17-p36-s00  (110 chars, 64KB)
  ✓ ch17-p35-s01  (75 chars, 47KB)
  ✓ ch17-p37-s01  (43 chars, 27KB)
  ✓ ch17-p38-s00  (27 chars, 21KB)
  ✓ ch17-p38-s01  (79 chars, 46KB)
  ✓ ch17-p39-s00  (14 chars, 16KB)
  ✓ ch17-p39-s01  (44 chars, 36KB)
  ✓ ch18-p00-s00  (38 chars, 26KB)
  ✓ ch18-p01-s00  (17 chars, 15KB)
  ✓ ch18-p00-s01  (47 chars, 33KB)
  ✓ ch18-p01-s01  (52 chars, 32KB)
  ✓ ch18-p01-s02  (27 chars, 20KB)
  ✓ ch18-p02-s01  (34 chars, 22KB)
  ✓ ch18-p02-s00  (50 chars, 33KB)
  ✓ ch18-p04-s00  (41 chars, 29KB)
  ✓ ch18-p05-s00  (24 chars, 19KB)
  ✓ ch18-p03-s00  (118 chars, 86KB)
  ✓ ch18-p04-s01  (47 chars, 32KB)
  ✓ ch18-p06-s00  (35 chars, 25KB)
  ✓ ch18-p05-s01  (100 chars, 61KB)
  ✓ ch18-p07-s01  (19 chars, 17KB)
  ✓ ch18-p07-s00  (79 chars, 47KB)
  ✓ ch18-p08-s00  (39 chars, 27KB)
  ✓ ch18-p06-s01  (63 chars, 40KB)
  ✓ ch18-p08-s01  (70 chars, 42KB)
  ✓ ch18-p09-s00  (22 chars, 18KB)
  ✓ ch18-p10-s00  (28 chars, 21KB)
  ✓ ch18-p09-s01  (48 chars, 31KB)
  ✓ ch18-p10-s01  (82 chars, 52KB)
  ✓ ch18-p11-s01  (33 chars, 22KB)
  ✓ ch18-p11-s00  (60 chars, 37KB)
  ✓ ch18-p12-s00  (26 chars, 18KB)
  ✓ ch18-p12-s01  (48 chars, 28KB)
  ✓ ch18-p14-s01  (38 chars, 27KB)
  ✓ ch18-p14-s00  (49 chars, 33KB)
  ✓ ch18-p13-s00  (38 chars, 25KB)
  ✓ ch18-p13-s01  (117 chars, 77KB)
  ✓ ch18-p15-s00  (70 chars, 44KB)
  ✓ ch18-p15-s01  (33 chars, 23KB)
  ✓ ch18-p16-s01  (51 chars, 32KB)
  ✓ ch18-p16-s00  (48 chars, 31KB)
  ✓ ch18-p17-s00  (28 chars, 20KB)
  ✓ ch18-p20-s00  (15 chars, 16KB)
  ✓ ch18-p18-s00  (59 chars, 39KB)
  ✓ ch18-p20-s02  (164 chars, 98KB)
  ✓ ch18-p17-s01  (102 chars, 69KB)
  ✓ ch18-p20-s01  (130 chars, 78KB)
  ✓ ch18-p21-s00  (10 chars, 12KB)
  ✓ ch18-p21-s01  (52 chars, 35KB)
  ✓ ch18-p22-s00  (68 chars, 55KB)
  ✓ ch18-p20-s04  (151 chars, 97KB)
  ✓ ch18-p24-s01  (26 chars, 20KB)
  ✓ ch18-p24-s00  (31 chars, 23KB)
  ✓ ch18-p25-s00  (60 chars, 54KB)
  ✓ ch18-p28-s00  (21 chars, 18KB)
  ✓ ch18-p27-s01  (58 chars, 36KB)
  ✓ ch18-p28-s01  (52 chars, 34KB)
  ✓ ch18-p20-s03  (185 chars, 134KB)
  ✓ ch18-p29-s01  (44 chars, 30KB)
  ✓ ch18-p30-s01  (40 chars, 29KB)
  ✓ ch18-p29-s00  (79 chars, 48KB)
  ✓ ch18-p30-s00  (41 chars, 27KB)
  ✓ ch18-p31-s00  (22 chars, 17KB)
  ✓ ch18-p31-s01  (37 chars, 28KB)
  ✓ ch18-p32-s00  (91 chars, 54KB)
  ✓ ch18-p33-s00  (27 chars, 20KB)
  ✓ ch18-p33-s01  (81 chars, 47KB)
  ✓ ch18-p34-s00  (61 chars, 35KB)
  ✓ ch18-p36-s00  (16 chars, 15KB)
  ✓ ch18-p35-s01  (34 chars, 25KB)
  ✓ ch18-p37-s00  (48 chars, 30KB)
  ✓ ch18-p36-s01  (83 chars, 61KB)
  ✓ ch18-p38-s00  (66 chars, 42KB)
  ✓ ch18-p37-s01  (35 chars, 23KB)
  ✓ ch18-p38-s01  (43 chars, 28KB)
  ✓ ch18-p40-s01  (33 chars, 25KB)
  ✓ ch18-p40-s00  (45 chars, 28KB)
  ✓ ch18-p41-s00  (14 chars, 15KB)
  ✓ ch18-p41-s01  (32 chars, 25KB)
  ✓ ch18-p39-s00  (92 chars, 58KB)
  ✓ ch19-p00-s01  (46 chars, 31KB)
  ✓ ch19-p00-s00  (21 chars, 18KB)
  ✓ ch19-p01-s01  (16 chars, 14KB)
  ✓ ch19-p01-s00  (35 chars, 25KB)
  ✓ ch19-p01-s02  (43 chars, 27KB)
  ✓ ch19-p02-s00  (22 chars, 20KB)
  ✓ ch19-p03-s00  (47 chars, 30KB)
  ✓ ch19-p02-s01  (67 chars, 41KB)
  ✓ ch19-p04-s00  (25 chars, 20KB)
  ✓ ch19-p03-s01  (85 chars, 4KB)
  ✓ ch19-p06-s00  (23 chars, 19KB)
  ✓ ch19-p04-s01  (67 chars, 43KB)
  ✓ ch19-p05-s00  (73 chars, 45KB)
  ✓ ch19-p06-s01  (63 chars, 39KB)
  ✓ ch19-p07-s01  (61 chars, 36KB)
  ✓ ch19-p08-s00  (61 chars, 36KB)
  ✓ ch19-p08-s01  (44 chars, 29KB)
  ✓ ch19-p07-s00  (87 chars, 49KB)
  ✓ ch19-p09-s00  (55 chars, 35KB)
  ✓ ch19-p10-s00  (35 chars, 25KB)
  ✓ ch19-p10-s01  (79 chars, 47KB)
  ✓ ch19-p09-s01  (59 chars, 37KB)
  ✓ ch19-p11-s00  (52 chars, 30KB)
  ✓ ch19-p12-s00  (49 chars, 46KB)
  ✓ ch19-p13-s00  (36 chars, 25KB)
  ✓ ch19-p13-s01  (84 chars, 50KB)
  ✓ ch19-p12-s01  (63 chars, 42KB)
  ✓ ch19-p14-s01  (38 chars, 24KB)
  ✓ ch19-p15-s00  (70 chars, 42KB)
  ✓ ch19-p16-s01  (42 chars, 29KB)
  ✓ ch19-p16-s00  (62 chars, 40KB)
  ✓ ch19-p14-s00  (83 chars, 64KB)
  ✓ ch19-p17-s00  (31 chars, 23KB)
  ✓ ch19-p18-s00  (28 chars, 20KB)
  ✓ ch19-p19-s00  (46 chars, 28KB)
  ✓ ch19-p17-s01  (86 chars, 50KB)
  ✓ ch19-p19-s01  (79 chars, 47KB)
  ✓ ch19-p22-s00  (33 chars, 24KB)
  ✓ ch19-p18-s01  (78 chars, 52KB)
  ✓ ch19-p20-s00  (80 chars, 46KB)
  ✓ ch19-p22-s01  (179 chars, 107KB)
  ✓ ch19-p23-s01  (42 chars, 26KB)
  ✓ ch19-p22-s03  (139 chars, 81KB)
  ✓ ch19-p26-s00  (18 chars, 16KB)
  ✓ ch19-p24-s00  (71 chars, 56KB)
  ✓ ch19-p26-s01  (21 chars, 18KB)
  ✓ ch19-p22-s02  (151 chars, 88KB)
  ✓ ch19-p22-s04  (149 chars, 89KB)
  ✓ ch19-p29-s01  (55 chars, 36KB)
  ✓ ch19-p27-s00  (63 chars, 57KB)
  ✓ ch19-p30-s00  (45 chars, 30KB)
  ✓ ch19-p31-s00  (21 chars, 19KB)
  ✓ ch19-p30-s01  (50 chars, 33KB)
  ✓ ch19-p32-s01  (33 chars, 27KB)
  ✓ ch19-p32-s00  (64 chars, 40KB)
  ✓ ch19-p33-s01  (46 chars, 31KB)
  ✓ ch19-p33-s00  (46 chars, 30KB)
  ✓ ch19-p31-s01  (119 chars, 77KB)
  ✓ ch19-p35-s01  (32 chars, 24KB)
  ✓ ch19-p34-s01  (108 chars, 65KB)
  ✓ ch19-p35-s00  (33 chars, 31KB)
  ✓ ch19-p34-s00  (55 chars, 34KB)
  ✓ ch19-p36-s00  (19 chars, 17KB)
  ✓ ch19-p37-s00  (36 chars, 25KB)
  ✓ ch19-p38-s01  (45 chars, 31KB)
  ✓ ch19-p37-s01  (83 chars, 61KB)
  ✓ ch19-p38-s00  (66 chars, 40KB)
  ✓ ch19-p36-s01  (72 chars, 42KB)
  ✓ ch19-p40-s00  (44 chars, 25KB)
  ✓ ch19-p39-s00  (78 chars, 43KB)
  ✓ ch19-p39-s01  (33 chars, 21KB)
  ✓ ch19-p40-s01  (44 chars, 29KB)
  ✓ ch20-p00-s01  (38 chars, 24KB)
  ✓ ch20-p01-s01  (27 chars, 21KB)
  ✓ ch20-p00-s00  (38 chars, 27KB)
  ✓ ch19-p41-s01  (38 chars, 28KB)
  ✓ ch20-p01-s00  (36 chars, 31KB)
  ✓ ch20-p02-s00  (16 chars, 17KB)
  ✓ ch20-p01-s02  (23 chars, 18KB)
  ✓ ch20-p03-s00  (77 chars, 46KB)
  ✓ ch20-p02-s01  (52 chars, 33KB)
  ✓ ch20-p03-s01  (69 chars, 41KB)
  ✓ ch20-p04-s00  (41 chars, 27KB)
  ✓ ch20-p05-s01  (60 chars, 39KB)
  ✓ ch20-p05-s00  (22 chars, 18KB)
  ✓ ch20-p06-s00  (26 chars, 20KB)
  ✓ ch20-p04-s01  (59 chars, 35KB)
  ✓ ch20-p07-s00  (36 chars, 24KB)
  ✓ ch20-p08-s00  (25 chars, 19KB)
  ✓ ch20-p07-s01  (45 chars, 32KB)
  ✓ ch20-p06-s01  (65 chars, 41KB)
  ✓ ch20-p09-s01  (49 chars, 32KB)
  ✓ ch20-p08-s01  (57 chars, 36KB)
  ✓ ch20-p09-s00  (40 chars, 27KB)
  ✓ ch20-p10-s00  (26 chars, 20KB)
  ✓ ch20-p11-s00  (76 chars, 50KB)
  ✓ ch20-p10-s01  (73 chars, 44KB)
  ✓ ch20-p12-s01  (80 chars, 51KB)
  ✓ ch20-p12-s00  (39 chars, 26KB)
  ✓ ch20-p13-s00  (69 chars, 42KB)
  ✓ ch20-p13-s01  (37 chars, 26KB)
  ✓ ch20-p14-s00  (30 chars, 22KB)
  ✓ ch20-p14-s01  (59 chars, 40KB)
  ✓ ch20-p15-s00  (23 chars, 18KB)
  ✓ ch20-p17-s00  (21 chars, 17KB)
  ✓ ch20-p16-s00  (61 chars, 40KB)
  ✓ ch20-p15-s01  (67 chars, 42KB)
  ✓ ch20-p17-s01  (62 chars, 55KB)
  ✓ ch20-p18-s00  (21 chars, 18KB)
  ✓ ch20-p18-s01  (96 chars, 59KB)
  ✓ ch20-p19-s00  (41 chars, 28KB)
  ✓ ch20-p20-s00  (18 chars, 17KB)
  ✓ ch20-p22-s00  (24 chars, 20KB)
  ✓ ch20-p20-s01  (97 chars, 69KB)
  ✓ ch20-p19-s01  (107 chars, 64KB)
  ✓ ch20-p22-s03  (202 chars, 128KB)
  ✓ ch20-p22-s01  (129 chars, 82KB)
  ✓ ch20-p22-s02  (139 chars, 83KB)
  ✓ ch20-p23-s00  (10 chars, 12KB)
  ✓ ch20-p22-s04  (139 chars, 86KB)
  ✓ ch20-p24-s00  (68 chars, 52KB)
  ✓ ch20-p23-s01  (51 chars, 31KB)
  ✓ ch20-p26-s00  (33 chars, 25KB)
  ✓ ch20-p26-s01  (22 chars, 18KB)
  ✓ ch20-p29-s01  (57 chars, 35KB)
  ✓ ch20-p30-s00  (26 chars, 18KB)
  ✓ ch20-p27-s00  (60 chars, 53KB)
  ✓ ch20-p31-s01  (39 chars, 27KB)
  ✓ ch20-p30-s01  (67 chars, 40KB)
  ✓ ch20-p32-s00  (22 chars, 17KB)
  ✓ ch20-p31-s00  (66 chars, 40KB)
  ✓ ch20-p33-s00  (52 chars, 33KB)
  ✓ ch20-p32-s01  (61 chars, 37KB)
  ✓ ch20-p33-s01  (50 chars, 30KB)
  ✓ ch20-p34-s01  (36 chars, 24KB)
  ✓ ch20-p34-s00  (23 chars, 18KB)
  ✓ ch20-p35-s01  (27 chars, 20KB)
  ✓ ch20-p36-s01  (36 chars, 26KB)
  ✓ ch20-p36-s00  (34 chars, 31KB)
  ✓ ch20-p35-s00  (80 chars, 48KB)
  ✓ ch20-p37-s00  (42 chars, 29KB)
  ✓ ch20-p37-s01  (58 chars, 38KB)
  ✓ ch20-p39-s00  (30 chars, 22KB)
  ✓ ch20-p38-s01  (53 chars, 34KB)
  ✓ ch20-p38-s00  (85 chars, 50KB)
  ✓ ch20-p39-s01  (49 chars, 32KB)
  ✓ ch20-p40-s00  (48 chars, 32KB)
  ✓ ch20-p40-s01  (48 chars, 32KB)
  ✓ ch20-p41-s00  (27 chars, 21KB)
  ✓ ch20-p43-s00  (14 chars, 16KB)
  ✓ ch20-p42-s00  (64 chars, 40KB)
  ✓ ch20-p41-s01  (83 chars, 48KB)
  ✓ ch20-p43-s01  (43 chars, 33KB)
  ✓ ch21-p00-s00  (12 chars, 14KB)
  ✓ ch21-p01-s00  (26 chars, 21KB)
  ✓ ch21-p00-s01  (47 chars, 32KB)
  ✓ ch21-p01-s01  (28 chars, 20KB)
  ✓ ch21-p01-s02  (30 chars, 21KB)
  ✓ ch21-p02-s00  (28 chars, 22KB)
  ✓ ch21-p03-s00  (25 chars, 20KB)
  ✓ ch21-p02-s01  (47 chars, 30KB)
  ✓ ch21-p03-s01  (72 chars, 46KB)
  ✓ ch21-p05-s00  (21 chars, 17KB)
  ✓ ch21-p04-s01  (108 chars, 77KB)
  ✓ ch21-p05-s01  (70 chars, 44KB)
  ✓ ch21-p04-s00  (23 chars, 18KB)
  ✓ ch21-p07-s01  (46 chars, 32KB)
  ✓ ch21-p06-s00  (55 chars, 33KB)
  ✓ ch21-p08-s00  (48 chars, 33KB)
  ✓ ch21-p07-s00  (61 chars, 41KB)
  ✓ ch21-p09-s00  (49 chars, 31KB)
  ✓ ch21-p10-s00  (38 chars, 26KB)
  ✓ ch21-p09-s01  (51 chars, 35KB)
  ✓ ch21-p08-s01  (49 chars, 33KB)
  ✓ ch21-p11-s00  (29 chars, 21KB)
  ✓ ch21-p10-s01  (93 chars, 54KB)
  ✓ ch21-p12-s00  (54 chars, 33KB)
  ✓ ch21-p13-s00  (40 chars, 28KB)
  ✓ ch21-p13-s01  (53 chars, 36KB)
  ✓ ch21-p12-s01  (58 chars, 37KB)
  ✓ ch21-p14-s00  (40 chars, 27KB)
  ✓ ch21-p11-s01  (91 chars, 54KB)
  ✓ ch21-p15-s00  (27 chars, 21KB)
  ✓ ch21-p14-s01  (56 chars, 36KB)
  ✓ ch21-p16-s01  (21 chars, 19KB)
  ✓ ch21-p15-s01  (49 chars, 32KB)
  ✓ ch21-p16-s00  (103 chars, 71KB)
  ✓ ch21-p19-s00  (35 chars, 25KB)
  ✓ ch21-p17-s00  (47 chars, 31KB)
  ✓ ch21-p19-s01  (35 chars, 26KB)
  ✓ ch21-p18-s00  (62 chars, 40KB)
  ✓ ch21-p17-s01  (59 chars, 37KB)
  ✓ ch21-p20-s00  (58 chars, 37KB)
  ✓ ch21-p21-s01  (41 chars, 25KB)
  ✓ ch21-p20-s01  (38 chars, 25KB)
  ✓ ch21-p21-s00  (67 chars, 41KB)
  ✓ ch21-p23-s00  (32 chars, 23KB)
  ✓ ch21-p23-s02  (98 chars, 60KB)
  ✓ ch21-p23-s01  (153 chars, 90KB)
  ✓ ch21-p24-s00  (10 chars, 13KB)
  ✓ ch21-p23-s04  (163 chars, 99KB)
  ✓ ch21-p24-s01  (43 chars, 30KB)
  ✓ ch21-p25-s00  (69 chars, 55KB)
  ✓ ch21-p27-s00  (34 chars, 32KB)
  ✓ ch21-p28-s00  (61 chars, 53KB)
  ✓ ch21-p23-s03  (201 chars, 127KB)
  ✓ ch21-p30-s01  (61 chars, 37KB)
  ✓ ch21-p31-s01  (29 chars, 21KB)
  ✓ ch21-p32-s01  (27 chars, 20KB)
  ✓ ch21-p31-s00  (73 chars, 46KB)
  ✓ ch21-p32-s00  (64 chars, 41KB)
  ✓ ch21-p33-s01  (45 chars, 31KB)
  ✓ ch21-p33-s00  (37 chars, 26KB)
  ✓ ch21-p34-s01  (31 chars, 23KB)
  ✓ ch21-p35-s00  (29 chars, 21KB)
  ✓ ch21-p34-s00  (77 chars, 49KB)
  ✓ ch21-p35-s01  (79 chars, 49KB)
  ✓ ch21-p36-s00  (24 chars, 19KB)
  ✓ ch21-p37-s01  (36 chars, 25KB)
  ✓ ch21-p37-s00  (31 chars, 28KB)
  ✓ ch21-p38-s00  (37 chars, 26KB)
  ✓ ch21-p36-s01  (95 chars, 57KB)
  ✓ ch21-p39-s00  (34 chars, 24KB)
  ✓ ch21-p38-s01  (79 chars, 48KB)
  ✓ ch21-p40-s00  (67 chars, 42KB)
  ✓ ch21-p41-s00  (28 chars, 22KB)
  ✓ ch21-p39-s01  (59 chars, 39KB)
  ✓ ch21-p40-s01  (73 chars, 41KB)
  ✓ ch21-p42-s00  (30 chars, 23KB)
  ✓ ch21-p41-s01  (54 chars, 49KB)
  ✓ ch21-p43-s01  (38 chars, 29KB)
  ✓ ch21-p42-s01  (86 chars, 51KB)
  ✓ ch22-p00-s00  (25 chars, 20KB)
  ✓ ch22-p00-s01  (35 chars, 25KB)
  ✓ ch22-p01-s00  (34 chars, 25KB)
  ✓ ch22-p01-s01  (31 chars, 22KB)
  ✓ ch22-p01-s02  (30 chars, 21KB)
  ✓ ch22-p02-s00  (19 chars, 18KB)
  ✓ ch22-p03-s00  (32 chars, 23KB)
  ✓ ch22-p02-s01  (55 chars, 34KB)
  ✓ ch22-p03-s01  (50 chars, 32KB)
  ✓ ch22-p05-s00  (29 chars, 22KB)
  ✓ ch22-p04-s00  (61 chars, 39KB)
  ✓ ch22-p04-s01  (26 chars, 21KB)
  ✓ ch22-p06-s00  (43 chars, 31KB)
  ✓ ch22-p05-s01  (102 chars, 60KB)
  ✓ ch22-p07-s01  (24 chars, 18KB)
  ✓ ch22-p07-s00  (65 chars, 40KB)
  ✓ ch22-p08-s00  (27 chars, 22KB)
  ✓ ch22-p06-s01  (58 chars, 38KB)
  ✓ ch22-p09-s00  (20 chars, 19KB)
  ✓ ch22-p09-s01  (40 chars, 29KB)
  ✓ ch22-p08-s01  (76 chars, 44KB)
  ✓ ch22-p10-s01  (63 chars, 40KB)
  ✓ ch22-p11-s00  (43 chars, 28KB)
  ✓ ch22-p10-s00  (97 chars, 58KB)
  ✓ ch22-p11-s01  (62 chars, 39KB)
  ✓ ch22-p12-s00  (45 chars, 27KB)
  ✓ ch22-p14-s00  (87 chars, 50KB)
  ✓ ch22-p13-s00  (76 chars, 48KB)
  ✓ ch22-p14-s01  (65 chars, 39KB)
  ✓ ch22-p15-s00  (62 chars, 38KB)
  ✓ ch22-p15-s01  (15 chars, 14KB)
  ✓ ch22-p16-s01  (38 chars, 25KB)
  ✓ ch22-p18-s00  (50 chars, 33KB)
  ✓ ch22-p17-s00  (80 chars, 45KB)
  ✓ ch22-p18-s01  (26 chars, 21KB)
  ✓ ch22-p16-s00  (62 chars, 39KB)
  ✓ ch22-p19-s01  (48 chars, 31KB)
  ✓ ch22-p20-s00  (35 chars, 25KB)
  ✓ ch22-p19-s00  (71 chars, 43KB)
  ✓ ch22-p20-s01  (77 chars, 45KB)
  ✓ ch22-p21-s00  (36 chars, 22KB)
  ✓ ch22-p23-s00  (19 chars, 16KB)
  ✓ ch22-p22-s00  (58 chars, 38KB)
  ✓ ch22-p23-s01  (121 chars, 75KB)
  ✓ ch22-p23-s02  (113 chars, 72KB)
  ✓ ch22-p23-s03  (139 chars, 83KB)
  ✓ ch22-p24-s01  (61 chars, 38KB)
  ✓ ch22-p23-s04  (188 chars, 118KB)
  ✓ ch22-p25-s00  (69 chars, 54KB)
  ✓ ch22-p27-s01  (17 chars, 16KB)
  ✓ ch22-p27-s00  (17 chars, 15KB)
  ✓ ch22-p28-s00  (61 chars, 53KB)
  ✓ ch22-p30-s01  (55 chars, 35KB)
  ✓ ch22-p31-s01  (48 chars, 33KB)
  ✓ ch22-p31-s00  (55 chars, 37KB)
  ✓ ch22-p32-s00  (26 chars, 19KB)
  ✓ ch22-p33-s00  (51 chars, 33KB)
  ✓ ch22-p34-s00  (25 chars, 18KB)
  ✓ ch22-p32-s01  (69 chars, 42KB)
  ✓ ch22-p33-s01  (82 chars, 50KB)
  ✓ ch22-p34-s01  (28 chars, 23KB)
  ✓ ch22-p35-s00  (30 chars, 21KB)
  ✓ ch22-p35-s01  (81 chars, 49KB)
  ✓ ch22-p37-s00  (31 chars, 29KB)
  ✓ ch22-p37-s01  (32 chars, 24KB)
  ✓ ch22-p36-s00  (90 chars, 53KB)
  ✓ ch22-p38-s00  (56 chars, 34KB)
  ✓ ch22-p39-s01  (20 chars, 18KB)
  ✓ ch22-p38-s01  (45 chars, 31KB)
  ✓ ch22-p39-s00  (82 chars, 49KB)
  ✓ ch22-p40-s01  (31 chars, 24KB)
  ✓ ch22-p40-s00  (44 chars, 30KB)
  ✓ ch22-p41-s00  (59 chars, 37KB)
  ✓ ch22-p41-s01  (61 chars, 38KB)
  ✓ ch22-p42-s00  (44 chars, 29KB)
  ✓ ch22-p42-s01  (48 chars, 33KB)
  ✓ ch22-p43-s00  (44 chars, 26KB)
  ✓ ch22-p44-s01  (43 chars, 31KB)
  ✓ ch22-p43-s01  (56 chars, 35KB)
  ✓ ch23-p00-s00  (57 chars, 37KB)
  ✓ ch23-p00-s01  (29 chars, 23KB)
  ✓ ch23-p01-s01  (32 chars, 21KB)
  ✓ ch23-p01-s00  (30 chars, 28KB)
  ✓ ch23-p02-s00  (19 chars, 19KB)
  ✓ ch23-p01-s02  (28 chars, 22KB)
  ✓ ch23-p03-s00  (35 chars, 24KB)
  ✓ ch23-p02-s01  (67 chars, 39KB)
  ✓ ch23-p04-s01  (49 chars, 31KB)
  ✓ ch23-p04-s00  (28 chars, 20KB)
  ✓ ch23-p05-s00  (25 chars, 20KB)
  ✓ ch23-p03-s01  (67 chars, 41KB)
  ✓ ch23-p05-s01  (103 chars, 60KB)
  ✓ ch23-p06-s00  (64 chars, 40KB)
  ✓ ch23-p06-s01  (48 chars, 29KB)
  ✓ ch23-p08-s00  (27 chars, 22KB)
  ✓ ch23-p07-s00  (67 chars, 41KB)
  ✓ ch23-p08-s01  (80 chars, 47KB)
  ✓ ch23-p09-s01  (58 chars, 36KB)
  ✓ ch23-p09-s00  (61 chars, 37KB)
  ✓ ch23-p10-s00  (58 chars, 35KB)
  ✓ ch23-p10-s01  (33 chars, 24KB)
  ✓ ch23-p11-s00  (32 chars, 24KB)
  ✓ ch23-p11-s01  (86 chars, 52KB)
  ✓ ch23-p12-s00  (72 chars, 41KB)
  ✓ ch23-p12-s01  (42 chars, 28KB)
  ✓ ch23-p13-s00  (58 chars, 35KB)
  ✓ ch23-p13-s01  (89 chars, 57KB)
  ✓ ch23-p14-s00  (73 chars, 44KB)
  ✓ ch23-p15-s00  (39 chars, 25KB)
  ✓ ch23-p15-s01  (33 chars, 24KB)
  ✓ ch23-p14-s01  (67 chars, 44KB)
  ✓ ch23-p16-s00  (22 chars, 20KB)
  ✓ ch23-p16-s01  (54 chars, 35KB)
  ✓ ch23-p17-s00  (45 chars, 29KB)
  ✓ ch23-p18-s01  (25 chars, 19KB)
  ✓ ch23-p18-s00  (95 chars, 66KB)
  ✓ ch23-p19-s01  (34 chars, 23KB)
  ✓ ch23-p17-s01  (86 chars, 62KB)
  ✓ ch23-p20-s00  (62 chars, 39KB)
  ✓ ch23-p19-s00  (80 chars, 49KB)
  ✓ ch23-p21-s01  (57 chars, 37KB)
  ✓ ch23-p21-s00  (53 chars, 34KB)
  ✓ ch23-p22-s00  (80 chars, 48KB)
  ✓ ch23-p23-s00  (21 chars, 17KB)
  ✓ ch23-p23-s01  (56 chars, 35KB)
  ✓ ch23-p22-s01  (34 chars, 26KB)
  ✓ ch23-p24-s00  (58 chars, 38KB)
  ✓ ch23-p25-s00  (21 chars, 18KB)
  ✓ ch23-p25-s01  (130 chars, 89KB)
  ✓ ch23-p25-s02  (182 chars, 110KB)
  ✓ ch23-p25-s03  (154 chars, 90KB)
  ✓ ch23-p29-s00  (17 chars, 15KB)
  ✓ ch23-p26-s01  (62 chars, 51KB)
  ✓ ch23-p25-s04  (157 chars, 99KB)
  ✓ ch23-p27-s00  (69 chars, 53KB)
  ✓ ch23-p29-s01  (21 chars, 18KB)
  ✓ ch23-p33-s00  (31 chars, 23KB)
  ✓ ch23-p32-s01  (55 chars, 36KB)
  ✓ ch23-p34-s00  (41 chars, 29KB)
  ✓ ch23-p33-s01  (48 chars, 31KB)
  ✓ ch23-p30-s00  (61 chars, 54KB)
  ✓ ch23-p34-s01  (66 chars, 41KB)
  ✓ ch23-p35-s00  (35 chars, 24KB)
  ✓ ch23-p36-s00  (28 chars, 21KB)
  ✓ ch23-p35-s01  (100 chars, 71KB)
  ✓ ch23-p36-s01  (55 chars, 34KB)
  ✓ ch23-p39-s00  (31 chars, 30KB)
  ✓ ch23-p37-s00  (103 chars, 66KB)
  ✓ ch23-p39-s01  (28 chars, 22KB)
  ✓ ch23-p38-s00  (48 chars, 38KB)
  ✓ ch23-p40-s00  (25 chars, 19KB)
  ✓ ch23-p41-s00  (24 chars, 19KB)
  ✓ ch23-p40-s01  (58 chars, 35KB)
  ✓ ch23-p42-s00  (23 chars, 19KB)
  ✓ ch23-p42-s01  (73 chars, 44KB)
  ✓ ch23-p43-s00  (40 chars, 27KB)
  ✓ ch23-p43-s01  (66 chars, 38KB)
  ✓ ch23-p41-s01  (83 chars, 59KB)
  ✓ ch23-p45-s00  (56 chars, 36KB)
  ✓ ch23-p45-s01  (33 chars, 23KB)
  ✓ ch23-p44-s01  (67 chars, 41KB)
  ✓ ch23-p44-s00  (33 chars, 23KB)
  ✓ ch23-p46-s01  (46 chars, 33KB)
  ✓ ch24-p00-s00  (19 chars, 17KB)
  ✓ ch24-p01-s00  (33 chars, 24KB)
  ✓ ch24-p01-s01  (23 chars, 20KB)
  ✓ ch24-p01-s02  (28 chars, 22KB)
  ✓ ch24-p00-s01  (73 chars, 46KB)
  ✓ ch24-p02-s00  (23 chars, 20KB)
  ✓ ch24-p02-s01  (81 chars, 48KB)
  ✓ ch24-p04-s00  (28 chars, 20KB)
  ✓ ch24-p03-s00  (39 chars, 25KB)
  ✓ ch24-p03-s01  (89 chars, 54KB)
  ✓ ch24-p05-s00  (28 chars, 22KB)
  ✓ ch24-p05-s01  (72 chars, 45KB)
  ✓ ch24-p04-s01  (99 chars, 58KB)
  ✓ ch24-p06-s00  (49 chars, 32KB)
  ✓ ch24-p07-s00  (38 chars, 27KB)
  ✓ ch24-p06-s01  (43 chars, 28KB)
  ✓ ch24-p07-s01  (38 chars, 27KB)
  ✓ ch24-p08-s00  (27 chars, 19KB)
  ✓ ch24-p09-s00  (30 chars, 21KB)
  ✓ ch24-p09-s01  (54 chars, 35KB)
  ✓ ch24-p08-s01  (76 chars, 45KB)
  ✓ ch24-p10-s00  (30 chars, 20KB)
  ✓ ch24-p12-s00  (46 chars, 30KB)
  ✓ ch24-p10-s01  (86 chars, 51KB)
  ✓ ch24-p11-s00  (50 chars, 32KB)
  ✓ ch24-p12-s01  (21 chars, 17KB)
  ✓ ch24-p13-s01  (42 chars, 29KB)
  ✓ ch24-p14-s00  (28 chars, 23KB)
  ✓ ch24-p15-s00  (33 chars, 22KB)
  ✓ ch24-p13-s00  (65 chars, 41KB)
  ✓ ch24-p14-s01  (64 chars, 39KB)
  ✓ ch24-p15-s01  (53 chars, 36KB)
  ✓ ch24-p16-s00  (60 chars, 40KB)
  ✓ ch24-p17-s00  (53 chars, 33KB)
  ✓ ch24-p18-s00  (30 chars, 21KB)
  ✓ ch24-p17-s01  (96 chars, 56KB)
  ✓ ch24-p19-s00  (78 chars, 49KB)
  ✓ ch24-p18-s01  (66 chars, 40KB)
  ✓ ch24-p20-s00  (61 chars, 40KB)
  ✓ ch24-p19-s01  (50 chars, 32KB)
  ✓ ch24-p22-s00  (23 chars, 19KB)
  ✓ ch24-p22-s01  (159 chars, 97KB)
  ✓ ch24-p22-s03  (129 chars, 81KB)
  ✓ ch24-p23-s00  (10 chars, 12KB)
  ✓ ch24-p23-s01  (53 chars, 34KB)
  ✓ ch24-p24-s00  (64 chars, 53KB)
  ✓ ch24-p22-s04  (205 chars, 132KB)
  ✓ ch24-p26-s00  (29 chars, 23KB)
  ✓ ch24-p26-s01  (14 chars, 15KB)
  ✓ ch24-p22-s02  (212 chars, 125KB)
  ✓ ch24-p27-s00  (56 chars, 54KB)
  ✓ ch24-p29-s00  (11 chars, 14KB)
  ✓ ch24-p29-s01  (64 chars, 40KB)
  ✓ ch24-p30-s01  (21 chars, 18KB)
  ✓ ch24-p30-s00  (76 chars, 46KB)
  ✓ ch24-p31-s00  (82 chars, 49KB)
  ✓ ch24-p31-s01  (21 chars, 17KB)
  ✓ ch24-p32-s00  (54 chars, 34KB)
  ✓ ch24-p33-s00  (29 chars, 21KB)
  ✓ ch24-p33-s01  (54 chars, 33KB)
  ✓ ch24-p32-s01  (39 chars, 27KB)
  ✓ ch24-p34-s00  (77 chars, 55KB)
  ✓ ch24-p35-s00  (64 chars, 40KB)
  ✓ ch24-p34-s01  (66 chars, 39KB)
  ✓ ch24-p36-s01  (27 chars, 21KB)
  ✓ ch24-p36-s00  (30 chars, 22KB)
  ✓ ch24-p37-s00  (36 chars, 26KB)
  ✓ ch24-p38-s00  (78 chars, 48KB)
  ✓ ch24-p37-s01  (80 chars, 50KB)
  ✓ ch24-p39-s00  (20 chars, 17KB)
  ✓ ch24-p38-s01  (39 chars, 25KB)
  ✓ ch24-p39-s01  (84 chars, 50KB)
  ✓ ch24-p40-s00  (22 chars, 18KB)
  ✓ ch24-p41-s00  (38 chars, 26KB)
  ✓ ch24-p42-s00  (14 chars, 15KB)
  ✓ ch24-p42-s01  (36 chars, 27KB)
  ✓ ch24-p41-s01  (58 chars, 35KB)
  ✓ ch25-p00-s00  (40 chars, 28KB)
  ✓ ch24-p40-s01  (87 chars, 68KB)
  ✓ ch25-p00-s01  (48 chars, 32KB)
  ✓ ch25-p01-s01  (13 chars, 14KB)
  ✓ ch25-p01-s00  (17 chars, 16KB)
  ✓ ch25-p01-s02  (14 chars, 13KB)
  ✓ ch25-p01-s03  (18 chars, 16KB)
  ✓ ch25-p02-s00  (23 chars, 20KB)
  ✓ ch25-p03-s00  (48 chars, 32KB)
  ✓ ch25-p02-s01  (82 chars, 50KB)
  ✓ ch25-p03-s01  (62 chars, 40KB)
  ✓ ch25-p04-s01  (30 chars, 22KB)
  ✓ ch25-p04-s00  (60 chars, 39KB)
  ✓ ch25-p05-s00  (26 chars, 21KB)
  ✓ ch25-p06-s00  (31 chars, 22KB)
  ✓ ch25-p07-s00  (55 chars, 33KB)
  ✓ ch25-p05-s01  (65 chars, 44KB)
  ✓ ch25-p06-s01  (91 chars, 56KB)
  ✓ ch25-p07-s01  (36 chars, 26KB)
  ✓ ch25-p08-s00  (29 chars, 24KB)
  ✓ ch25-p09-s00  (24 chars, 20KB)
  ✓ ch25-p08-s01  (76 chars, 47KB)
  ✓ ch25-p10-s00  (72 chars, 45KB)
  ✓ ch25-p09-s01  (95 chars, 76KB)
  ✓ ch25-p12-s01  (40 chars, 26KB)
  ✓ ch25-p12-s00  (51 chars, 34KB)
  ✓ ch25-p11-s00  (84 chars, 64KB)
  ✓ ch25-p11-s01  (40 chars, 42KB)
  ✓ ch25-p13-s01  (41 chars, 29KB)
  ✓ ch25-p13-s00  (76 chars, 58KB)
  ✓ ch25-p14-s00  (27 chars, 20KB)
  ✓ ch25-p15-s00  (61 chars, 40KB)
  ✓ ch25-p16-s00  (49 chars, 30KB)
  ✓ ch25-p15-s01  (41 chars, 28KB)
  ✓ ch25-p14-s01  (102 chars, 60KB)
  ✓ ch25-p17-s00  (20 chars, 18KB)
  ✓ ch25-p18-s00  (27 chars, 20KB)
  ✓ ch25-p17-s01  (85 chars, 61KB)
  ✓ ch25-p16-s01  (153 chars, 102KB)
  ✓ ch25-p19-s00  (22 chars, 20KB)
  ✓ ch25-p18-s01  (110 chars, 75KB)
  ✓ ch25-p21-s00  (28 chars, 21KB)
  ✓ ch25-p19-s01  (74 chars, 57KB)
  ✓ ch25-p21-s01  (62 chars, 39KB)
  ✓ ch25-p21-s03  (169 chars, 110KB)
  ✓ ch25-p22-s01  (43 chars, 27KB)
  ✓ ch25-p21-s02  (162 chars, 105KB)
  ✓ ch25-p25-s00  (34 chars, 24KB)
  ✓ ch25-p23-s00  (72 chars, 55KB)
  ✓ ch25-p25-s01  (23 chars, 19KB)
  ✓ ch25-p26-s00  (64 chars, 57KB)
  ✓ ch25-p28-s00  (11 chars, 14KB)
  ✓ ch25-p21-s04  (213 chars, 140KB)
  ✓ ch25-p28-s01  (74 chars, 44KB)
  ✓ ch25-p29-s00  (37 chars, 23KB)
  ✓ ch25-p29-s01  (71 chars, 40KB)
  ✓ ch25-p30-s00  (37 chars, 24KB)
  ✓ ch25-p31-s00  (23 chars, 19KB)
  ✓ ch25-p30-s01  (77 chars, 46KB)
  ✓ ch25-p31-s01  (59 chars, 36KB)
  ✓ ch25-p32-s00  (29 chars, 20KB)
  ✓ ch25-p33-s00  (69 chars, 43KB)
  ✓ ch25-p32-s01  (86 chars, 52KB)
  ✓ ch25-p33-s01  (41 chars, 28KB)
  ✓ ch25-p34-s00  (27 chars, 20KB)
  ✓ ch25-p34-s01  (91 chars, 56KB)
  ✓ ch25-p35-s00  (35 chars, 32KB)
  ✓ ch25-p35-s01  (33 chars, 26KB)
  ✓ ch25-p36-s00  (34 chars, 25KB)
  ✓ ch25-p37-s00  (13 chars, 14KB)
  ✓ ch25-p37-s01  (73 chars, 44KB)
  ✓ ch25-p38-s00  (25 chars, 20KB)
  ✓ ch25-p36-s01  (53 chars, 36KB)
  ✓ ch25-p39-s00  (21 chars, 18KB)
  ✓ ch25-p39-s01  (66 chars, 40KB)
  ✓ ch25-p38-s01  (74 chars, 42KB)
  ✓ ch25-p40-s00  (41 chars, 27KB)
  ✓ ch25-p40-s01  (85 chars, 48KB)
  ✓ ch26-p00-s01  (36 chars, 25KB)
  ✓ ch25-p41-s01  (39 chars, 28KB)
  ✓ ch26-p01-s00  (28 chars, 22KB)
  ✓ ch26-p00-s00  (17 chars, 18KB)
  ✓ ch26-p01-s01  (25 chars, 18KB)
  ✓ ch26-p02-s00  (28 chars, 22KB)
  ✓ ch26-p03-s00  (34 chars, 22KB)
  ✓ ch26-p03-s01  (56 chars, 32KB)
  ✓ ch26-p02-s01  (73 chars, 44KB)
  ✓ ch26-p05-s00  (44 chars, 29KB)
  ✓ ch26-p04-s00  (38 chars, 25KB)
  ✓ ch26-p04-s01  (57 chars, 36KB)
  ✓ ch26-p05-s01  (47 chars, 29KB)
  ✓ ch26-p06-s00  (44 chars, 29KB)
  ✓ ch26-p07-s00  (30 chars, 22KB)
  ✓ ch26-p06-s01  (42 chars, 42KB)
  ✓ ch26-p07-s01  (42 chars, 27KB)
  ✓ ch26-p08-s00  (28 chars, 20KB)
  ✓ ch26-p09-s00  (30 chars, 21KB)
  ✓ ch26-p09-s01  (60 chars, 39KB)
  ✓ ch26-p08-s01  (68 chars, 42KB)
  ✓ ch26-p10-s00  (51 chars, 32KB)
  ✓ ch26-p10-s01  (100 chars, 61KB)
  ✓ ch26-p11-s00  (63 chars, 42KB)
  ✓ ch26-p12-s01  (34 chars, 23KB)
  ✓ ch26-p13-s00  (55 chars, 34KB)
  ✓ ch26-p13-s01  (25 chars, 19KB)
  ✓ ch26-p12-s00  (75 chars, 58KB)
  ✓ ch26-p14-s00  (32 chars, 24KB)
  ✓ ch26-p14-s01  (69 chars, 42KB)
  ✓ ch26-p15-s00  (23 chars, 19KB)
  ✓ ch26-p16-s01  (35 chars, 25KB)
  ✓ ch26-p16-s00  (45 chars, 31KB)
  ✓ ch26-p15-s01  (57 chars, 36KB)
  ✓ ch26-p17-s00  (37 chars, 25KB)
  ✓ ch26-p17-s01  (33 chars, 22KB)
  ✓ ch26-p18-s00  (30 chars, 22KB)
  ✓ ch26-p18-s01  (112 chars, 77KB)
  ✓ ch26-p19-s01  (55 chars, 35KB)
  ✓ ch26-p19-s00  (27 chars, 20KB)
  ✓ ch26-p20-s00  (33 chars, 23KB)
  ✓ ch26-p21-s00  (24 chars, 19KB)
  ✓ ch26-p23-s00  (21 chars, 18KB)
  ✓ ch26-p21-s01  (100 chars, 61KB)
  ✓ ch26-p20-s01  (90 chars, 52KB)
  ✓ ch26-p23-s01  (167 chars, 104KB)
  ✓ ch26-p23-s02  (152 chars, 101KB)
  ✓ ch26-p24-s01  (33 chars, 25KB)
  ✓ ch26-p27-s00  (17 chars, 17KB)
  ✓ ch26-p25-s00  (70 chars, 54KB)
  ✓ ch26-p23-s03  (146 chars, 100KB)
  ✓ ch26-p23-s04  (163 chars, 100KB)
  ✓ ch26-p30-s00  (11 chars, 14KB)
  ✓ ch26-p27-s01  (26 chars, 21KB)
  ✓ ch26-p31-s00  (43 chars, 28KB)
  ✓ ch26-p28-s00  (62 chars, 53KB)
  ✓ ch26-p30-s01  (48 chars, 31KB)
  ✓ ch26-p31-s01  (43 chars, 28KB)
  ✓ ch26-p32-s00  (27 chars, 20KB)
  ✓ ch26-p32-s01  (71 chars, 42KB)
  ✓ ch26-p33-s00  (30 chars, 22KB)
  ✓ ch26-p33-s01  (70 chars, 41KB)
  ✓ ch26-p34-s00  (50 chars, 32KB)
  ✓ ch26-p35-s00  (70 chars, 41KB)
  ✓ ch26-p34-s01  (57 chars, 34KB)
  ✓ ch26-p35-s01  (37 chars, 26KB)
  ✓ ch26-p36-s00  (27 chars, 20KB)
  ✓ ch26-p37-s00  (31 chars, 29KB)
  ✓ ch26-p37-s01  (24 chars, 22KB)
  ✓ ch26-p36-s01  (109 chars, 67KB)
  ✓ ch26-p38-s00  (24 chars, 19KB)
  ✓ ch26-p38-s01  (68 chars, 43KB)
  ✓ ch26-p39-s00  (22 chars, 18KB)
  ✓ ch26-p40-s01  (67 chars, 44KB)
  ✓ ch26-p40-s00  (52 chars, 33KB)
  ✓ ch26-p39-s01  (57 chars, 36KB)
  ✓ ch26-p41-s00  (42 chars, 27KB)
  ✓ ch26-p41-s01  (78 chars, 45KB)
  ✓ ch26-p42-s00  (30 chars, 22KB)
  ✓ ch26-p43-s00  (34 chars, 24KB)
  ✓ ch26-p42-s01  (70 chars, 47KB)
  ✓ ch27-p00-s00  (37 chars, 27KB)
  ✓ ch26-p43-s01  (44 chars, 31KB)
  ✓ ch26-p44-s01  (34 chars, 27KB)
  ✓ ch27-p01-s01  (31 chars, 20KB)
  ✓ ch27-p00-s01  (57 chars, 37KB)
  ✓ ch27-p01-s02  (32 chars, 21KB)
  ✓ ch27-p01-s00  (17 chars, 16KB)
  ✓ ch27-p02-s00  (18 chars, 18KB)
  ✓ ch27-p03-s00  (28 chars, 22KB)
  ✓ ch27-p02-s01  (53 chars, 35KB)
  ✓ ch27-p03-s01  (65 chars, 38KB)
  ✓ ch27-p04-s00  (12 chars, 14KB)
  ✓ ch27-p05-s00  (29 chars, 21KB)
  ✓ ch27-p05-s01  (80 chars, 48KB)
  ✓ ch27-p06-s00  (36 chars, 25KB)
  ✓ ch27-p04-s01  (92 chars, 53KB)
  ✓ ch27-p06-s01  (49 chars, 32KB)
  ✓ ch27-p07-s00  (32 chars, 24KB)
  ✓ ch27-p07-s01  (60 chars, 34KB)
  ✓ ch27-p08-s00  (34 chars, 24KB)
  ✓ ch27-p08-s01  (75 chars, 42KB)
  ✓ ch27-p09-s00  (64 chars, 39KB)
  ✓ ch27-p10-s00  (44 chars, 30KB)
  ✓ ch27-p10-s01  (18 chars, 16KB)
  ✓ ch27-p11-s00  (13 chars, 14KB)
  ✓ ch27-p09-s01  (81 chars, 51KB)
  ✓ ch27-p11-s01  (67 chars, 40KB)
  ✓ ch27-p12-s00  (16 chars, 16KB)
  ✓ ch27-p12-s01  (107 chars, 63KB)
  ✓ ch27-p13-s00  (31 chars, 24KB)
  ✓ ch27-p13-s01  (74 chars, 43KB)
  ✓ ch27-p14-s01  (19 chars, 18KB)
  ✓ ch27-p14-s00  (75 chars, 45KB)
  ✓ ch27-p16-s00  (43 chars, 30KB)
  ✓ ch27-p15-s00  (22 chars, 18KB)
  ✓ ch27-p16-s01  (50 chars, 33KB)
  ✓ ch27-p15-s01  (54 chars, 34KB)
  ✓ ch27-p17-s00  (65 chars, 39KB)
  ✓ ch27-p17-s01  (40 chars, 27KB)
  ✓ ch27-p18-s01  (48 chars, 29KB)
  ✓ ch27-p19-s00  (18 chars, 21KB)
  ✓ ch27-p18-s00  (95 chars, 57KB)
  ✓ ch27-p19-s01  (50 chars, 32KB)
  ✓ ch27-p20-s00  (26 chars, 20KB)
  ✓ ch27-p21-s00  (17 chars, 19KB)
  ✓ ch27-p23-s00  (30 chars, 22KB)
  ✓ ch27-p20-s01  (107 chars, 68KB)
  ✓ ch27-p21-s01  (36 chars, 44KB)
  ✓ ch27-p23-s01  (160 chars, 102KB)
  ✓ ch27-p24-s01  (51 chars, 34KB)
  ✓ ch27-p23-s02  (207 chars, 138KB)
  ✓ ch27-p23-s03  (135 chars, 81KB)
  ✓ ch27-p27-s00  (38 chars, 26KB)
  ✓ ch27-p25-s00  (70 chars, 55KB)
  ✓ ch27-p27-s01  (30 chars, 22KB)
  ✓ ch27-p30-s01  (75 chars, 44KB)
  ✓ ch27-p28-s00  (62 chars, 54KB)
  ✓ ch27-p31-s01  (16 chars, 15KB)
  ✓ ch27-p31-s00  (71 chars, 42KB)
  ✓ ch27-p23-s04  (230 chars, 151KB)
  ✓ ch27-p32-s00  (78 chars, 49KB)
  ✓ ch27-p32-s01  (43 chars, 30KB)
  ✓ ch27-p33-s00  (30 chars, 21KB)
  ✓ ch27-p34-s00  (16 chars, 16KB)
  ✓ ch27-p33-s01  (64 chars, 56KB)
  ✓ ch27-p34-s01  (87 chars, 50KB)
  ✓ ch27-p35-s00  (22 chars, 19KB)
  ✓ ch27-p36-s00  (25 chars, 19KB)
  ✓ ch27-p36-s01  (91 chars, 53KB)
  ✓ ch27-p37-s00  (35 chars, 31KB)
  ✓ ch27-p35-s01  (57 chars, 36KB)
  ✓ ch27-p38-s00  (21 chars, 17KB)
  ✓ ch27-p37-s01  (48 chars, 31KB)
  ✓ ch27-p39-s00  (34 chars, 24KB)
  ✓ ch27-p39-s01  (35 chars, 26KB)
  ✓ ch27-p38-s01  (72 chars, 43KB)
  ✓ ch27-p40-s00  (25 chars, 20KB)
  ✓ ch27-p41-s01  (58 chars, 36KB)
  ✓ ch27-p42-s00  (28 chars, 20KB)
  ✓ ch27-p40-s01  (68 chars, 41KB)
  ✓ ch27-p41-s00  (69 chars, 40KB)
  ✓ ch27-p42-s01  (45 chars, 27KB)
  ✓ ch27-p43-s00  (32 chars, 22KB)
  ✓ ch28-p00-s00  (26 chars, 22KB)
  ✓ ch27-p44-s01  (40 chars, 28KB)
  ✓ ch27-p43-s01  (79 chars, 49KB)
  ✓ ch28-p01-s00  (29 chars, 22KB)
  ✓ ch28-p00-s01  (39 chars, 43KB)
  ✓ ch28-p01-s01  (27 chars, 18KB)
  ✓ ch28-p01-s02  (23 chars, 16KB)
  ✓ ch28-p03-s00  (21 chars, 19KB)
  ✓ ch28-p02-s01  (70 chars, 43KB)
  ✓ ch28-p04-s00  (28 chars, 20KB)
  ✓ ch28-p03-s01  (62 chars, 51KB)
  ✓ ch28-p05-s00  (51 chars, 34KB)
  ✓ ch28-p04-s01  (51 chars, 35KB)
  ✓ ch28-p06-s00  (57 chars, 38KB)
  ✓ ch28-p06-s01  (39 chars, 26KB)
  ✓ ch28-p05-s01  (60 chars, 40KB)
  ✓ ch28-p07-s01  (23 chars, 19KB)
  ✓ ch28-p08-s00  (26 chars, 20KB)
  ✓ ch28-p07-s00  (54 chars, 35KB)
  ✓ ch28-p09-s01  (25 chars, 19KB)
  ✓ ch28-p08-s01  (74 chars, 47KB)
  ✓ ch28-p09-s00  (63 chars, 39KB)
  ✓ ch28-p10-s00  (32 chars, 22KB)
  ✓ ch28-p11-s00  (48 chars, 33KB)
  ✓ ch28-p12-s00  (40 chars, 27KB)
  ✓ ch28-p10-s01  (91 chars, 55KB)
  ✓ ch28-p12-s01  (37 chars, 25KB)
  ✓ ch28-p11-s01  (77 chars, 48KB)
  ✓ ch28-p13-s00  (64 chars, 41KB)
  ✓ ch28-p14-s00  (74 chars, 43KB)
  ✓ ch28-p14-s01  (37 chars, 26KB)
  ✓ ch28-p15-s01  (22 chars, 20KB)
  ✓ ch28-p16-s01  (35 chars, 24KB)
  ✓ ch28-p15-s00  (82 chars, 47KB)
  ✓ ch28-p16-s00  (52 chars, 34KB)
  ✓ ch28-p17-s00  (40 chars, 25KB)
  ✓ ch28-p18-s00  (32 chars, 23KB)
  ✓ ch28-p17-s01  (58 chars, 35KB)
  ✓ ch28-p18-s01  (49 chars, 31KB)
  ✓ ch28-p19-s00  (25 chars, 19KB)
  ✓ ch28-p19-s01  (53 chars, 32KB)
  ✓ ch28-p20-s00  (69 chars, 41KB)
  ✓ ch28-p20-s01  (38 chars, 27KB)
  ✓ ch28-p21-s00  (49 chars, 31KB)
  ✓ ch28-p21-s01  (76 chars, 43KB)
  ✓ ch28-p22-s00  (21 chars, 18KB)
  ✓ ch28-p22-s01  (75 chars, 44KB)
  ✓ ch28-p25-s00  (17 chars, 17KB)
  ✓ ch28-p23-s01  (42 chars, 26KB)
  ✓ ch28-p23-s00  (109 chars, 64KB)
  ✓ ch28-p25-s01  (97 chars, 76KB)
  ✓ ch28-p25-s03  (188 chars, 124KB)
  ✓ ch28-p25-s02  (201 chars, 124KB)
  ✓ ch28-p26-s00  (10 chars, 12KB)
  ✓ ch28-p26-s01  (52 chars, 34KB)
  ✓ ch28-p27-s00  (68 chars, 54KB)
  ✓ ch28-p29-s00  (24 chars, 20KB)
  ✓ ch28-p25-s04  (103 chars, 61KB)
  ✓ ch28-p32-s01  (55 chars, 38KB)
  ✓ ch28-p30-s00  (60 chars, 55KB)
  ✓ ch28-p33-s00  (33 chars, 24KB)
  ✓ ch28-p29-s01  (27 chars, 20KB)
  ✓ ch28-p33-s01  (64 chars, 41KB)
  ✓ ch28-p34-s01  (47 chars, 31KB)
  ✓ ch28-p34-s00  (59 chars, 36KB)
  ✓ ch28-p35-s00  (28 chars, 21KB)
  ✓ ch28-p35-s01  (94 chars, 56KB)
  ✓ ch28-p36-s01  (45 chars, 28KB)
  ✓ ch28-p36-s00  (40 chars, 26KB)
  ✓ ch28-p37-s00  (35 chars, 27KB)
  ✓ ch28-p37-s01  (57 chars, 35KB)
  ✓ ch28-p38-s00  (20 chars, 18KB)
  ✓ ch28-p39-s00  (40 chars, 26KB)
  ✓ ch28-p38-s01  (82 chars, 48KB)
  ✓ ch28-p40-s01  (46 chars, 31KB)
  ✓ ch28-p39-s01  (77 chars, 46KB)
  ✓ ch28-p40-s00  (36 chars, 32KB)
  ✓ ch28-p41-s00  (44 chars, 29KB)
  ✓ ch28-p41-s01  (42 chars, 27KB)
  ✓ ch28-p42-s00  (78 chars, 58KB)
  ✓ ch28-p42-s01  (38 chars, 25KB)
  ✓ ch28-p43-s01  (45 chars, 30KB)
  ✓ ch28-p43-s00  (74 chars, 57KB)
  ✓ ch28-p45-s00  (31 chars, 22KB)
  ✓ ch28-p44-s00  (29 chars, 20KB)
  ✓ ch28-p44-s01  (74 chars, 44KB)
  ✓ ch28-p47-s01  (43 chars, 33KB)
  ✓ ch28-p45-s01  (120 chars, 81KB)
  ✓ ch28-p46-s00  (56 chars, 34KB)
  ✓ ch29-p00-s00  (35 chars, 26KB)
  ✓ ch29-p00-s01  (28 chars, 21KB)
  ✓ ch29-p01-s00  (15 chars, 14KB)
  ✓ ch29-p01-s01  (32 chars, 19KB)
  ✓ ch29-p01-s02  (23 chars, 16KB)
  ✓ ch29-p02-s00  (23 chars, 20KB)
  ✓ ch29-p02-s01  (54 chars, 36KB)
  ✓ ch29-p03-s00  (34 chars, 23KB)
  ✓ ch29-p04-s00  (74 chars, 45KB)
  ✓ ch29-p03-s01  (30 chars, 21KB)
  ✓ ch29-p05-s00  (19 chars, 18KB)
  ✓ ch29-p04-s01  (27 chars, 21KB)
  ✓ ch29-p06-s00  (17 chars, 16KB)
  ✓ ch29-p07-s00  (58 chars, 38KB)
  ✓ ch29-p05-s01  (74 chars, 45KB)
  ✓ ch29-p06-s01  (45 chars, 31KB)
  ✓ ch29-p08-s00  (40 chars, 25KB)
  ✓ ch29-p09-s00  (101 chars, 60KB)
  ✓ ch29-p09-s01  (69 chars, 41KB)
  ✓ ch29-p08-s01  (63 chars, 37KB)
  ✓ ch29-p10-s00  (57 chars, 36KB)
  ✓ ch29-p10-s01  (104 chars, 62KB)
  ✓ ch29-p11-s00  (104 chars, 64KB)
  ✓ ch29-p12-s00  (66 chars, 41KB)
  ✓ ch29-p13-s01  (37 chars, 27KB)
  ✓ ch29-p13-s00  (49 chars, 34KB)
  ✓ ch29-p14-s01  (43 chars, 28KB)
  ✓ ch29-p14-s00  (78 chars, 46KB)
  ✓ ch29-p15-s00  (46 chars, 32KB)
  ✓ ch29-p15-s01  (33 chars, 22KB)
  ✓ ch29-p17-s00  (27 chars, 20KB)
  ✓ ch29-p16-s00  (68 chars, 43KB)
  ✓ ch29-p17-s01  (69 chars, 43KB)
  ✓ ch29-p18-s01  (46 chars, 30KB)
  ✓ ch29-p19-s00  (27 chars, 21KB)
  ✓ ch29-p18-s00  (50 chars, 33KB)
  ✓ ch29-p19-s01  (60 chars, 36KB)
  ✓ ch29-p20-s00  (93 chars, 57KB)
  ✓ ch29-p21-s00  (27 chars, 20KB)
  ✓ ch29-p23-s00  (29 chars, 22KB)
  ✓ ch29-p22-s00  (58 chars, 38KB)
  ✓ ch29-p21-s01  (121 chars, 81KB)
  ✓ ch29-p23-s01  (172 chars, 112KB)
  ✓ ch29-p23-s02  (152 chars, 100KB)
  ✓ ch29-p23-s04  (271 chars, 166KB)
  ✓ ch29-p24-s01  (43 chars, 28KB)
  ✓ ch29-p25-s00  (67 chars, 53KB)
  ✓ ch29-p23-s03  (163 chars, 105KB)
  ✓ ch29-p27-s01  (24 chars, 20KB)
  ✓ ch29-p30-s01  (71 chars, 43KB)
  ✓ ch29-p27-s00  (25 chars, 21KB)
  ✓ ch29-p28-s00  (59 chars, 53KB)
  ✓ ch29-p31-s00  (24 chars, 18KB)
  ✓ ch29-p32-s00  (32 chars, 21KB)
  ✓ ch29-p31-s01  (57 chars, 36KB)
  ✓ ch29-p32-s01  (53 chars, 33KB)
  ✓ ch29-p34-s00  (42 chars, 27KB)
  ✓ ch29-p33-s00  (88 chars, 55KB)
  ✓ ch29-p34-s01  (48 chars, 31KB)
  ✓ ch29-p35-s00  (30 chars, 22KB)
  ✓ ch29-p36-s00  (21 chars, 18KB)
  ✓ ch29-p35-s01  (53 chars, 36KB)
  ✓ ch29-p36-s01  (67 chars, 41KB)
  ✓ ch29-p37-s00  (30 chars, 23KB)
  ✓ ch29-p38-s01  (54 chars, 34KB)
  ✓ ch29-p38-s00  (53 chars, 36KB)
  ✓ ch29-p37-s01  (49 chars, 34KB)
  ✓ ch29-p39-s00  (19 chars, 17KB)
  ✓ ch29-p40-s00  (23 chars, 18KB)
  ✓ ch29-p39-s01  (69 chars, 42KB)
  ✓ ch29-p41-s01  (63 chars, 39KB)
  ✓ ch29-p40-s01  (65 chars, 41KB)
  ✓ ch29-p42-s00  (23 chars, 18KB)
  ✓ ch29-p41-s00  (22 chars, 18KB)
  ✓ ch29-p43-s00  (38 chars, 26KB)
  ✓ ch29-p42-s01  (67 chars, 41KB)
  ✓ ch30-p00-s00  (21 chars, 19KB)
  ✓ ch29-p44-s01  (36 chars, 29KB)
  ✓ ch29-p43-s01  (73 chars, 47KB)
  ✓ ch30-p00-s01  (38 chars, 26KB)
  ✓ ch30-p01-s00  (29 chars, 23KB)
  ✓ ch30-p01-s01  (24 chars, 18KB)
  ✓ ch30-p02-s00  (48 chars, 34KB)
  ✓ ch30-p02-s01  (26 chars, 20KB)
  ✓ ch30-p01-s02  (16 chars, 15KB)
  ✓ ch30-p03-s00  (26 chars, 21KB)
  ✓ ch30-p03-s01  (39 chars, 25KB)
  ✓ ch30-p04-s01  (49 chars, 31KB)
  ✓ ch30-p05-s00  (71 chars, 45KB)
  ✓ ch30-p05-s01  (41 chars, 27KB)
  ✓ ch30-p04-s00  (75 chars, 47KB)
  ✓ ch30-p06-s00  (37 chars, 24KB)
  ✓ ch30-p07-s00  (46 chars, 31KB)
  ✓ ch30-p06-s01  (22 chars, 17KB)
  ✓ ch30-p07-s01  (41 chars, 27KB)
  ✓ ch30-p08-s00  (24 chars, 19KB)
  ✓ ch30-p08-s01  (32 chars, 24KB)
  ✓ ch30-p09-s00  (28 chars, 21KB)
  ✓ ch30-p10-s00  (24 chars, 19KB)
  ✓ ch30-p10-s01  (65 chars, 40KB)
  ✓ ch30-p09-s01  (56 chars, 49KB)
  ✓ ch30-p11-s00  (62 chars, 38KB)
  ✓ ch30-p12-s00  (58 chars, 36KB)
  ✓ ch30-p12-s01  (31 chars, 22KB)
  ✓ ch30-p13-s00  (61 chars, 37KB)
  ✓ ch30-p13-s01  (59 chars, 36KB)
  ✓ ch30-p14-s00  (46 chars, 29KB)
  ✓ ch30-p14-s01  (78 chars, 45KB)
  ✓ ch30-p15-s00  (43 chars, 28KB)
  ✓ ch30-p15-s01  (54 chars, 35KB)
  ✓ ch30-p17-s01  (62 chars, 36KB)
  ✓ ch30-p17-s00  (27 chars, 20KB)
  ✓ ch30-p16-s00  (66 chars, 42KB)
  ✓ ch30-p18-s00  (47 chars, 30KB)
  ✓ ch30-p18-s01  (58 chars, 37KB)
  ✓ ch30-p19-s00  (47 chars, 30KB)
  ✓ ch30-p19-s01  (53 chars, 35KB)
  ✓ ch30-p21-s00  (48 chars, 31KB)
  ✓ ch30-p20-s01  (62 chars, 36KB)
  ✓ ch30-p20-s00  (112 chars, 66KB)
  ✓ ch30-p23-s00  (17 chars, 17KB)
  ✓ ch30-p21-s01  (107 chars, 68KB)
  ✓ ch30-p23-s01  (127 chars, 79KB)
  ✓ ch30-p23-s03  (83 chars, 60KB)
  ✓ ch30-p24-s01  (45 chars, 30KB)
  ✓ ch30-p23-s02  (159 chars, 105KB)
  ✓ ch30-p25-s00  (69 chars, 56KB)
  ✓ ch30-p27-s00  (39 chars, 27KB)
  ✓ ch30-p27-s01  (15 chars, 16KB)
  ✓ ch30-p28-s00  (61 chars, 54KB)
  ✓ ch30-p23-s04  (194 chars, 120KB)
  ✓ ch30-p30-s01  (60 chars, 37KB)
  ✓ ch30-p31-s00  (20 chars, 16KB)
  ✓ ch30-p31-s01  (69 chars, 43KB)
  ✓ ch30-p32-s01  (50 chars, 32KB)
  ✓ ch30-p32-s00  (40 chars, 28KB)
  ✓ ch30-p33-s00  (23 chars, 18KB)
  ✓ ch30-p33-s01  (40 chars, 28KB)
  ✓ ch30-p34-s00  (38 chars, 26KB)
  ✓ ch30-p35-s01  (42 chars, 28KB)
  ✓ ch30-p35-s00  (23 chars, 18KB)
  ✓ ch30-p34-s01  (65 chars, 41KB)
  ✓ ch30-p36-s01  (36 chars, 24KB)
  ✓ ch30-p37-s00  (32 chars, 29KB)
  ✓ ch30-p36-s00  (60 chars, 39KB)
  ✓ ch30-p38-s00  (47 chars, 29KB)
  ✓ ch30-p37-s01  (42 chars, 26KB)
  ✓ ch30-p38-s01  (39 chars, 24KB)
  ✓ ch30-p39-s00  (44 chars, 30KB)
  ✓ ch30-p40-s00  (67 chars, 38KB)
  ✓ ch30-p40-s01  (30 chars, 22KB)
  ✓ ch30-p39-s01  (31 chars, 22KB)
  ✓ ch30-p41-s00  (23 chars, 18KB)
  ✓ ch30-p41-s01  (61 chars, 38KB)
  ✓ ch30-p42-s00  (37 chars, 25KB)
  ✓ ch30-p42-s01  (41 chars, 27KB)
  ✓ ch30-p43-s00  (28 chars, 20KB)
  ✓ ch30-p43-s01  (81 chars, 48KB)
  ✓ ch31-p00-s00  (25 chars, 20KB)
  ✓ ch30-p44-s01  (38 chars, 29KB)
  ✓ ch31-p01-s00  (27 chars, 21KB)
  ✓ ch31-p00-s01  (38 chars, 26KB)
  ✓ ch31-p01-s01  (33 chars, 32KB)
  ✓ ch31-p02-s00  (27 chars, 21KB)
  ✓ ch31-p01-s02  (24 chars, 16KB)
  ✓ ch31-p03-s00  (34 chars, 23KB)
  ✓ ch31-p02-s01  (57 chars, 37KB)
  ✓ ch31-p04-s00  (40 chars, 26KB)
  ✓ ch31-p04-s01  (66 chars, 41KB)
  ✓ ch31-p03-s01  (52 chars, 34KB)
  ✓ ch31-p05-s00  (86 chars, 52KB)
  ✓ ch31-p06-s00  (26 chars, 20KB)
  ✓ ch31-p05-s01  (25 chars, 20KB)
  ✓ ch31-p08-s00  (31 chars, 22KB)
  ✓ ch31-p06-s01  (39 chars, 30KB)
  ✓ ch31-p07-s01  (86 chars, 53KB)
  ✓ ch31-p07-s00  (27 chars, 22KB)
  ✓ ch31-p08-s01  (33 chars, 24KB)
  ✓ ch31-p09-s00  (53 chars, 34KB)
  ✓ ch31-p09-s01  (61 chars, 39KB)
  ✓ ch31-p11-s00  (44 chars, 29KB)
  ✓ ch31-p10-s00  (57 chars, 37KB)
  ✓ ch31-p11-s01  (32 chars, 24KB)
  ✓ ch31-p12-s01  (30 chars, 21KB)
  ✓ ch31-p12-s00  (51 chars, 32KB)
  ✓ ch31-p13-s01  (40 chars, 29KB)
  ✓ ch31-p15-s00  (36 chars, 25KB)
  ✓ ch31-p13-s00  (84 chars, 51KB)
  ✓ ch31-p14-s00  (90 chars, 71KB)
  ✓ ch31-p16-s00  (60 chars, 39KB)
  ✓ ch31-p17-s00  (23 chars, 18KB)
  ✓ ch31-p15-s01  (74 chars, 58KB)
  ✓ ch31-p16-s01  (34 chars, 25KB)
  ✓ ch31-p17-s01  (47 chars, 30KB)
  ✓ ch31-p18-s00  (22 chars, 18KB)
  ✓ ch31-p19-s00  (25 chars, 19KB)
  ✓ ch31-p19-s01  (50 chars, 31KB)
  ✓ ch31-p20-s00  (38 chars, 25KB)
  ✓ ch31-p18-s01  (88 chars, 52KB)
  ✓ ch31-p20-s01  (86 chars, 49KB)
  ✓ ch31-p21-s00  (44 chars, 30KB)
  ✓ ch31-p22-s00  (22 chars, 18KB)
  ✓ ch31-p22-s01  (47 chars, 31KB)
  ✓ ch31-p21-s01  (55 chars, 38KB)
  ✓ ch31-p24-s00  (47 chars, 31KB)
  ✓ ch31-p23-s01  (54 chars, 34KB)
  ✓ ch31-p23-s00  (74 chars, 44KB)
  ✓ ch31-p25-s01  (30 chars, 22KB)
  ✓ ch31-p25-s00  (84 chars, 49KB)
  ✓ ch31-p24-s01  (62 chars, 39KB)
  ✓ ch31-p26-s00  (53 chars, 34KB)
  ✓ ch31-p26-s01  (76 chars, 45KB)
  ✓ ch31-p27-s01  (70 chars, 57KB)
  ✓ ch31-p27-s00  (21 chars, 17KB)
  ✓ ch31-p29-s00  (31 chars, 23KB)
  ✓ ch31-p29-s03  (169 chars, 95KB)
  ✓ ch31-p29-s01  (205 chars, 132KB)
  ✓ ch31-p30-s01  (49 chars, 33KB)
  ✓ ch31-p31-s00  (70 chars, 57KB)
  ✓ ch31-p29-s02  (203 chars, 138KB)
  ✓ ch31-p33-s00  (23 chars, 20KB)
  ✓ ch31-p29-s04  (224 chars, 140KB)
  ✓ ch31-p36-s01  (72 chars, 45KB)
  ✓ ch31-p33-s01  (21 chars, 19KB)
  ✓ ch31-p37-s00  (24 chars, 19KB)
  ✓ ch31-p37-s01  (58 chars, 35KB)
  ✓ ch31-p34-s00  (62 chars, 56KB)
  ✓ ch31-p38-s00  (43 chars, 27KB)
  ✓ ch31-p39-s00  (56 chars, 34KB)
  ✓ ch31-p39-s01  (33 chars, 24KB)
  ✓ ch31-p38-s01  (59 chars, 37KB)
  ✓ ch31-p40-s00  (28 chars, 22KB)
  ✓ ch31-p41-s00  (31 chars, 22KB)
  ✓ ch31-p41-s01  (62 chars, 38KB)
  ✓ ch31-p42-s00  (50 chars, 32KB)
  ✓ ch31-p42-s01  (44 chars, 29KB)
  ✓ ch31-p43-s00  (34 chars, 30KB)
  ✓ ch31-p40-s01  (66 chars, 56KB)
  ✓ ch31-p44-s01  (41 chars, 26KB)
  ✓ ch31-p43-s01  (41 chars, 28KB)
  ✓ ch31-p44-s00  (34 chars, 23KB)
  ✓ ch31-p46-s01  (18 chars, 16KB)
  ✓ ch31-p45-s00  (62 chars, 37KB)
  ✓ ch31-p45-s01  (33 chars, 22KB)
  ✓ ch31-p46-s00  (39 chars, 26KB)
  ✓ ch31-p48-s00  (36 chars, 23KB)
  ✓ ch31-p47-s00  (54 chars, 31KB)
  ✓ ch31-p47-s01  (91 chars, 66KB)
  ✓ ch31-p50-s01  (43 chars, 31KB)
  ✓ ch31-p49-s00  (75 chars, 60KB)
  ✓ ch32-p00-s00  (36 chars, 25KB)
  ✓ ch32-p00-s01  (59 chars, 39KB)
  ✓ ch32-p01-s00  (18 chars, 17KB)
  ✓ ch32-p01-s01  (81 chars, 51KB)
  ✓ ch32-p02-s00  (14 chars, 15KB)
  ✓ ch31-p48-s01  (122 chars, 87KB)
  ✓ ch32-p02-s01  (40 chars, 24KB)
  ✓ ch32-p03-s00  (24 chars, 20KB)
  ✓ ch32-p04-s01  (43 chars, 27KB)
  ✓ ch32-p03-s01  (69 chars, 43KB)
  ✓ ch32-p04-s00  (57 chars, 34KB)
  ✓ ch32-p05-s00  (28 chars, 21KB)
  ✓ ch32-p06-s00  (36 chars, 25KB)
  ✓ ch32-p05-s01  (42 chars, 28KB)
  ✓ ch32-p07-s00  (39 chars, 27KB)
  ✓ ch32-p08-s00  (62 chars, 38KB)
  ✓ ch32-p07-s01  (47 chars, 31KB)
  ✓ ch32-p06-s01  (75 chars, 58KB)
  ✓ ch32-p09-s00  (34 chars, 24KB)
  ✓ ch32-p10-s00  (37 chars, 26KB)
  ✓ ch32-p09-s01  (41 chars, 28KB)
  ✓ ch32-p11-s01  (38 chars, 25KB)
  ✓ ch32-p10-s01  (76 chars, 45KB)
  ✓ ch32-p11-s00  (43 chars, 27KB)
  ✓ ch32-p12-s00  (29 chars, 21KB)
  ✓ ch32-p13-s00  (43 chars, 29KB)
  ✓ ch32-p12-s01  (72 chars, 43KB)
  ✓ ch32-p15-s00  (51 chars, 33KB)
  ✓ ch32-p13-s01  (64 chars, 41KB)
  ✓ ch32-p14-s00  (48 chars, 32KB)
  ✓ ch32-p16-s00  (38 chars, 26KB)
  ✓ ch32-p15-s01  (44 chars, 28KB)
  ✓ ch32-p17-s00  (27 chars, 20KB)
  ✓ ch32-p18-s00  (30 chars, 21KB)
  ✓ ch32-p16-s01  (62 chars, 41KB)
  ✓ ch32-p17-s01  (86 chars, 53KB)
  ✓ ch32-p19-s00  (48 chars, 31KB)
  ✓ ch32-p18-s01  (66 chars, 41KB)
  ✓ ch32-p19-s01  (56 chars, 34KB)
  ✓ ch32-p21-s00  (34 chars, 26KB)
  ✓ ch32-p20-s00  (46 chars, 30KB)
  ✓ ch32-p22-s00  (27 chars, 22KB)
  ✓ ch32-p23-s00  (44 chars, 33KB)
  ✓ ch32-p21-s01  (66 chars, 42KB)
  ✓ ch32-p22-s01  (77 chars, 49KB)
  ✓ ch32-p24-s00  (69 chars, 44KB)
  ✓ ch32-p23-s01  (75 chars, 47KB)
  ✓ ch32-p24-s01  (64 chars, 41KB)
  ✓ ch32-p25-s00  (34 chars, 23KB)
  ✓ ch32-p25-s01  (86 chars, 61KB)
  ✓ ch32-p26-s00  (65 chars, 41KB)
  ✓ ch32-p27-s00  (27 chars, 21KB)
  ✓ ch32-p27-s02  (139 chars, 86KB)
  ✓ ch32-p27-s03  (142 chars, 86KB)
  ✓ ch32-p27-s04  (153 chars, 92KB)
  ✓ ch32-p27-s05  (145 chars, 95KB)
  ✓ ch32-p28-s01  (36 chars, 25KB)
  ✓ ch32-p27-s01  (162 chars, 118KB)
  ✓ ch32-p29-s00  (69 chars, 53KB)
  ✓ ch32-p27-s06  (202 chars, 139KB)
  ✓ ch32-p31-s00  (24 chars, 20KB)
  ✓ ch32-p31-s01  (34 chars, 25KB)
  ✓ ch32-p34-s01  (28 chars, 20KB)
  ✓ ch32-p35-s00  (12 chars, 13KB)
  ✓ ch32-p34-s00  (40 chars, 26KB)
  ✓ ch32-p32-s00  (61 chars, 53KB)
  ✓ ch32-p35-s01  (52 chars, 33KB)
  ✓ ch32-p36-s00  (25 chars, 19KB)
  ✓ ch32-p37-s00  (33 chars, 22KB)
  ✓ ch32-p36-s01  (46 chars, 28KB)
  ✓ ch32-p38-s00  (30 chars, 22KB)
  ✓ ch32-p37-s01  (63 chars, 39KB)
  ✓ ch32-p38-s01  (84 chars, 53KB)
  ✓ ch32-p39-s00  (50 chars, 32KB)
  ✓ ch32-p39-s01  (44 chars, 28KB)
  ✓ ch32-p40-s01  (55 chars, 37KB)
  ✓ ch32-p40-s00  (39 chars, 27KB)
  ✓ ch32-p41-s00  (29 chars, 21KB)
  ✓ ch32-p41-s01  (24 chars, 17KB)
  ✓ ch32-p43-s00  (25 chars, 19KB)
  ✓ ch32-p42-s00  (39 chars, 27KB)
  ✓ ch32-p42-s01  (14 chars, 15KB)
  ✓ ch32-p44-s00  (20 chars, 17KB)
  ✓ ch32-p43-s01  (67 chars, 40KB)
  ✓ ch32-p44-s01  (64 chars, 39KB)
  ✓ ch32-p45-s00  (40 chars, 27KB)
  ✓ ch32-p45-s01  (36 chars, 25KB)
  ✓ ch32-p47-s00  (28 chars, 21KB)
  ✓ ch32-p46-s00  (89 chars, 54KB)
  ✓ ch32-p48-s00  (15 chars, 16KB)
  ✓ ch32-p47-s01  (50 chars, 33KB)
  ✓ ch32-p49-s01  (38 chars, 29KB)
  ✓ ch32-p48-s01  (89 chars, 73KB)
[drive] Driving: rate -6% pitch +0Hz, one clip per paragraph
  · 82 repeated clip(s) will be copied, not re-synthesized
  ✓ drive-ch00-p01  (76 chars, 42KB)
  ✓ drive-ch00-p02-x01  (52 chars, 33KB)
  ✓ drive-ch00-p00  (95 chars, 58KB)
  ✓ drive-ch00-p02-x00  (120 chars, 67KB)
  ✓ drive-ch00-p04  (252 chars, 133KB)
  ✓ drive-ch00-p03  (172 chars, 88KB)
  ✓ drive-ch00-p06  (203 chars, 101KB)
  ✓ drive-ch00-p07  (249 chars, 121KB)
  ✓ drive-ch00-p05  (249 chars, 130KB)
  ✓ drive-ch00-p08  (233 chars, 119KB)
  ✓ drive-ch00-p09  (221 chars, 114KB)
  ✓ drive-ch00-p11-x01  (31 chars, 16KB)
  ✓ drive-ch00-p11-x00  (24 chars, 15KB)
  ✓ drive-ch00-p11-x02  (29 chars, 17KB)
  ✓ drive-ch00-p12  (58 chars, 32KB)
  ✓ drive-ch00-p14  (115 chars, 60KB)
  ✓ drive-ch00-p10  (258 chars, 130KB)
  ✓ drive-ch00-p15  (70 chars, 38KB)
  ✓ drive-ch00-p13  (427 chars, 213KB)
  ✓ drive-ch00-p18  (62 chars, 34KB)
  ✓ drive-ch00-p17  (57 chars, 40KB)
  ✓ drive-ch00-p21-x01  (75 chars, 37KB)
  ✓ drive-ch00-p21-x00  (53 chars, 36KB)
  ✓ drive-ch00-p20  (76 chars, 44KB)
  ✓ drive-ch00-p22  (142 chars, 91KB)
  ✓ drive-ch00-p23  (129 chars, 70KB)
  ✓ drive-ch00-p26  (187 chars, 86KB)
  ✓ drive-ch00-p27-x00  (59 chars, 34KB)
  ✓ drive-ch00-p24  (354 chars, 186KB)
  ✓ drive-ch00-p27-x01  (38 chars, 19KB)
  ✓ drive-ch00-p28-x00  (23 chars, 15KB)
  ✓ drive-ch00-p28-x01  (34 chars, 25KB)
  ✓ drive-ch00-p25  (151 chars, 81KB)
  ✓ drive-ch00-p29  (125 chars, 67KB)
  ✓ drive-ch00-p31  (98 chars, 51KB)
  ✓ drive-ch00-p33  (57 chars, 35KB)
  ✓ drive-ch01-p00  (73 chars, 43KB)
  ✓ drive-ch00-p30  (144 chars, 78KB)
  ✓ drive-ch00-p32  (101 chars, 57KB)
  ✓ drive-ch01-p01-x01  (20 chars, 13KB)
  ✓ drive-ch01-p01-x00  (74 chars, 49KB)
  ✓ drive-ch01-p04  (85 chars, 48KB)
  ✓ drive-ch01-p05  (222 chars, 121KB)
  ✓ drive-ch01-p02  (194 chars, 107KB)
  ✓ drive-ch01-p06  (221 chars, 112KB)
  ✓ drive-ch01-p08-x00  (35 chars, 20KB)
  ✓ drive-ch01-p07  (194 chars, 106KB)
  ✓ drive-ch01-p08-x01  (101 chars, 54KB)
  ✓ drive-ch01-p11  (166 chars, 97KB)
  ✓ drive-ch01-p09  (178 chars, 89KB)
  ✓ drive-ch01-p10  (155 chars, 85KB)
  ✓ drive-ch01-p12  (58 chars, 32KB)
  ✓ drive-ch01-p03  (395 chars, 212KB)
  ✓ drive-ch01-p14  (55 chars, 35KB)
  ✓ drive-ch01-p15  (68 chars, 34KB)
  ✓ drive-ch01-p18  (60 chars, 32KB)
  ✓ drive-ch01-p17  (51 chars, 32KB)
  ✓ drive-ch01-p20  (70 chars, 41KB)
  ✓ drive-ch01-p23  (84 chars, 44KB)
  ✓ drive-ch01-p21  (187 chars, 98KB)
  ✓ drive-ch01-p25-x00  (32 chars, 25KB)
  ✓ drive-ch01-p22  (119 chars, 66KB)
  ✓ drive-ch01-p25-x01  (40 chars, 20KB)
  ✓ drive-ch01-p13  (438 chars, 222KB)
  ✓ drive-ch01-p24  (228 chars, 116KB)
  ✓ drive-ch01-p26-x00  (15 chars, 12KB)
  ✓ drive-ch01-p26-x01  (23 chars, 21KB)
  ✓ drive-ch01-p27  (182 chars, 103KB)
  ✓ drive-ch01-p28  (180 chars, 96KB)
  ✓ drive-ch01-p30  (66 chars, 43KB)
  ✓ drive-ch02-p01-x01  (50 chars, 30KB)
  ✓ drive-ch02-p01-x00  (50 chars, 30KB)
  ✓ drive-ch02-p00  (131 chars, 68KB)
  ✓ drive-ch02-p02  (118 chars, 61KB)
  ✓ drive-ch02-p03  (172 chars, 88KB)
  ✓ drive-ch01-p29  (225 chars, 118KB)
  ✓ drive-ch02-p05  (78 chars, 44KB)
  ✓ drive-ch02-p06  (80 chars, 42KB)
  ✓ drive-ch02-p04  (327 chars, 157KB)
  ✓ drive-ch02-p08  (179 chars, 100KB)
  ✓ drive-ch02-p11-x00  (14 chars, 13KB)
  ✓ drive-ch02-p10  (123 chars, 70KB)
  ✓ drive-ch02-p07  (122 chars, 68KB)
  ✓ drive-ch02-p11-x01  (28 chars, 17KB)
  ✓ drive-ch02-p09  (192 chars, 98KB)
  ✓ drive-ch02-p11-x02  (35 chars, 19KB)
  ✓ drive-ch02-p13  (58 chars, 32KB)
  ✓ drive-ch02-p15  (72 chars, 40KB)
  ✓ drive-ch02-p16  (78 chars, 39KB)
  ✓ drive-ch02-p18  (52 chars, 35KB)
  ✓ drive-ch02-p19  (70 chars, 37KB)
  ✓ drive-ch02-p21  (70 chars, 39KB)
  ✓ drive-ch02-p12  (168 chars, 89KB)
  ✓ drive-ch02-p22  (115 chars, 62KB)
  ✓ drive-ch02-p14  (413 chars, 208KB)
  ✓ drive-ch02-p23  (139 chars, 69KB)
  ✓ drive-ch02-p25  (96 chars, 55KB)
  ✓ drive-ch02-p26-x00  (34 chars, 26KB)
  ✓ drive-ch02-p24  (117 chars, 59KB)
  ✓ drive-ch02-p26-x01  (31 chars, 18KB)
  ✓ drive-ch02-p27  (87 chars, 48KB)
  ✓ drive-ch02-p28  (81 chars, 51KB)
  ✓ drive-ch02-p30  (124 chars, 62KB)
  ✓ drive-ch02-p31  (143 chars, 72KB)
  ✓ drive-ch02-p29  (100 chars, 52KB)
  ✓ drive-ch02-p32  (59 chars, 38KB)
  ✓ drive-ch03-p00  (115 chars, 66KB)
  ✓ drive-ch03-p01-x00  (40 chars, 28KB)
  ✓ drive-ch03-p03  (103 chars, 54KB)
  ✓ drive-ch03-p01-x01  (49 chars, 34KB)
  ✓ drive-ch03-p02  (156 chars, 84KB)
  ✓ drive-ch03-p05  (151 chars, 82KB)
  ✓ drive-ch03-p04  (192 chars, 102KB)
  ✓ drive-ch03-p08  (117 chars, 67KB)
  ✓ drive-ch03-p09  (119 chars, 60KB)
  ✓ drive-ch03-p10-x00  (41 chars, 29KB)
  ✓ drive-ch03-p07  (203 chars, 117KB)
  ✓ drive-ch03-p10-x01  (48 chars, 33KB)
  ✓ drive-ch03-p06  (248 chars, 126KB)
  ✓ drive-ch03-p11  (137 chars, 72KB)
  ✓ drive-ch03-p13  (58 chars, 31KB)
  ✓ drive-ch03-p12  (155 chars, 80KB)
  ✓ drive-ch03-p15  (86 chars, 45KB)
  ✓ drive-ch03-p16  (84 chars, 45KB)
  ✓ drive-ch03-p18  (43 chars, 31KB)
  ✓ drive-ch03-p19  (61 chars, 34KB)
  ✓ drive-ch03-p22  (120 chars, 67KB)
  ✓ drive-ch03-p23  (131 chars, 72KB)
  ✓ drive-ch03-p21  (81 chars, 44KB)
  ✓ drive-ch03-p24  (103 chars, 54KB)
  ✓ drive-ch03-p26-x00  (35 chars, 27KB)
  ✓ drive-ch03-p26-x01  (20 chars, 14KB)
  ✓ drive-ch03-p25  (137 chars, 75KB)
  ✓ drive-ch03-p27-x00  (24 chars, 16KB)
  ✓ drive-ch03-p27-x01  (38 chars, 22KB)
  ✓ drive-ch03-p14  (503 chars, 261KB)
  ✓ drive-ch03-p29  (105 chars, 52KB)
  ✓ drive-ch03-p28  (99 chars, 51KB)
  ✓ drive-ch03-p30  (158 chars, 80KB)
  ✓ drive-ch04-p00  (86 chars, 54KB)
  ✓ drive-ch04-p01-x00  (28 chars, 24KB)
  ✓ drive-ch03-p31  (54 chars, 37KB)
  ✓ drive-ch04-p01-x01  (77 chars, 45KB)
  ✓ drive-ch04-p02  (101 chars, 56KB)
  ✓ drive-ch04-p05  (136 chars, 75KB)
  ✓ drive-ch04-p03  (119 chars, 63KB)
  ✓ drive-ch04-p04  (219 chars, 118KB)
  ✓ drive-ch04-p06  (179 chars, 94KB)
  ✓ drive-ch04-p08  (124 chars, 76KB)
  ✓ drive-ch04-p07  (102 chars, 57KB)
  ✓ drive-ch04-p09  (178 chars, 90KB)
  ✓ drive-ch04-p10  (78 chars, 36KB)
  ✓ drive-ch04-p11  (120 chars, 59KB)
  ✓ drive-ch04-p13-x01  (51 chars, 30KB)
  ✓ drive-ch04-p13-x00  (33 chars, 19KB)
  ✓ drive-ch04-p14  (58 chars, 32KB)
  ✓ drive-ch04-p16  (64 chars, 37KB)
  ✓ drive-ch04-p17  (82 chars, 41KB)
  ✓ drive-ch04-p12  (179 chars, 91KB)
  ✓ drive-ch04-p19  (41 chars, 28KB)
  ✓ drive-ch04-p20  (61 chars, 32KB)
  ✓ drive-ch04-p22  (72 chars, 42KB)
  ✓ drive-ch04-p23  (75 chars, 42KB)
  ✓ drive-ch04-p25  (159 chars, 80KB)
  ✓ drive-ch04-p24  (106 chars, 54KB)
  ✓ drive-ch04-p28-x00  (36 chars, 27KB)
  ✓ drive-ch04-p15  (477 chars, 244KB)
  ✓ drive-ch04-p27  (127 chars, 72KB)
  ✓ drive-ch04-p26  (146 chars, 77KB)
  ✓ drive-ch04-p29-x00  (18 chars, 15KB)
  ✓ drive-ch04-p28-x01  (45 chars, 22KB)
  ✓ drive-ch04-p29-x01  (56 chars, 35KB)
  ✓ drive-ch04-p31  (83 chars, 47KB)
  ✓ drive-ch04-p30  (111 chars, 58KB)
  ✓ drive-ch04-p34  (60 chars, 38KB)
  ✓ drive-ch04-p32  (119 chars, 70KB)
  ✓ drive-ch04-p33  (159 chars, 79KB)
  ✓ drive-ch05-p01-x00  (45 chars, 29KB)
  ✓ drive-ch05-p00  (62 chars, 38KB)
  ✓ drive-ch05-p01-x01  (46 chars, 28KB)
  ✓ drive-ch05-p02  (106 chars, 59KB)
  ✓ drive-ch05-p03  (136 chars, 78KB)
  ✓ drive-ch05-p06-x00  (20 chars, 15KB)
  ✓ drive-ch05-p05  (120 chars, 63KB)
  ✓ drive-ch05-p06-x02  (65 chars, 35KB)
  ✓ drive-ch05-p06-x01  (51 chars, 33KB)
  ✓ drive-ch05-p04  (161 chars, 88KB)
  ✓ drive-ch05-p09  (81 chars, 49KB)
  ✓ drive-ch05-p07  (96 chars, 50KB)
  ✓ drive-ch05-p08  (110 chars, 61KB)
  ✓ drive-ch05-p11  (104 chars, 57KB)
  ✓ drive-ch05-p13  (58 chars, 33KB)
  ✓ drive-ch05-p12  (135 chars, 75KB)
  ✓ drive-ch05-p15  (51 chars, 34KB)
  ✓ drive-ch05-p10  (204 chars, 106KB)
  ✓ drive-ch05-p18  (40 chars, 31KB)
  ✓ drive-ch05-p16  (69 chars, 35KB)
  ✓ drive-ch05-p19  (61 chars, 33KB)
  ✓ drive-ch05-p14  (451 chars, 230KB)
  ✓ drive-ch05-p22  (68 chars, 35KB)
  ✓ drive-ch05-p21  (66 chars, 40KB)
  ✓ drive-ch05-p26-x00  (31 chars, 23KB)
  ✓ drive-ch05-p23  (98 chars, 56KB)
  ✓ drive-ch05-p26-x01  (28 chars, 18KB)
  ✓ drive-ch05-p24  (87 chars, 44KB)
  ✓ drive-ch05-p25  (142 chars, 72KB)
  ✓ drive-ch05-p27  (86 chars, 48KB)
  ✓ drive-ch05-p31  (46 chars, 33KB)
  ✓ drive-ch05-p29  (84 chars, 48KB)
  ✓ drive-ch05-p28  (76 chars, 45KB)
  ✓ drive-ch05-p30  (132 chars, 68KB)
  ✓ drive-ch06-p01-x00  (12 chars, 11KB)
  ✓ drive-ch06-p03  (102 chars, 58KB)
  ✓ drive-ch06-p01-x01  (62 chars, 34KB)
  ✓ drive-ch06-p00  (100 chars, 54KB)
  ✓ drive-ch06-p02  (138 chars, 73KB)
  ✓ drive-ch06-p04  (108 chars, 60KB)
  ✓ drive-ch06-p05-x00  (20 chars, 15KB)
  ✓ drive-ch06-p05-x01  (55 chars, 27KB)
  ✓ drive-ch06-p05-x02  (53 chars, 28KB)
  ✓ drive-ch06-p06  (100 chars, 57KB)
  ✓ drive-ch06-p07  (171 chars, 87KB)
  ✓ drive-ch06-p09  (184 chars, 90KB)
  ✓ drive-ch06-p08  (122 chars, 66KB)
  ✓ drive-ch06-p10  (147 chars, 75KB)
  ✓ drive-ch06-p13-x00  (23 chars, 15KB)
  ✓ drive-ch06-p11  (150 chars, 78KB)
  ✓ drive-ch06-p12  (157 chars, 78KB)
  ✓ drive-ch06-p13-x01  (34 chars, 20KB)
  ✓ drive-ch06-p14  (58 chars, 32KB)
  ✓ drive-ch06-p16  (79 chars, 41KB)
  ✓ drive-ch06-p17  (69 chars, 36KB)
  ✓ drive-ch06-p19  (30 chars, 26KB)
  ✓ drive-ch06-p20  (61 chars, 36KB)
  ✓ drive-ch06-p23  (78 chars, 44KB)
  ✓ drive-ch06-p22  (66 chars, 40KB)
  ✓ drive-ch06-p25  (96 chars, 56KB)
  ✓ drive-ch06-p24  (96 chars, 49KB)
  ✓ drive-ch06-p28-x00  (30 chars, 25KB)
  ✓ drive-ch06-p26  (82 chars, 48KB)
  ✓ drive-ch06-p15  (481 chars, 244KB)
  ✓ drive-ch06-p28-x01  (51 chars, 24KB)
  ✓ drive-ch06-p29-x00  (14 chars, 12KB)
  ✓ drive-ch06-p27  (113 chars, 61KB)
  ✓ drive-ch06-p29-x01  (22 chars, 14KB)
  ✓ drive-ch06-p30  (86 chars, 42KB)
  ✓ drive-ch06-p31  (111 chars, 58KB)
  ✓ drive-ch06-p34  (44 chars, 31KB)
  ✓ drive-ch06-p33  (84 chars, 44KB)
  ✓ drive-ch06-p32  (130 chars, 63KB)
  ✓ drive-ch07-p01-x01  (40 chars, 23KB)
  ✓ drive-ch07-p00  (63 chars, 49KB)
  ✓ drive-ch07-p01-x00  (34 chars, 26KB)
  ✓ drive-ch07-p02-x00  (14 chars, 13KB)
  ✓ drive-ch07-p02-x01  (21 chars, 15KB)
  ✓ drive-ch07-p03-x01  (18 chars, 15KB)
  ✓ drive-ch07-p03-x00  (23 chars, 16KB)
  ✓ drive-ch07-p05  (132 chars, 74KB)
  ✓ drive-ch07-p04  (88 chars, 51KB)
  ✓ drive-ch07-p06  (147 chars, 78KB)
  ✓ drive-ch07-p07  (126 chars, 66KB)
  ✓ drive-ch07-p08  (202 chars, 107KB)
  ✓ drive-ch07-p09  (69 chars, 36KB)
  ✓ drive-ch07-p10  (152 chars, 77KB)
  ✓ drive-ch07-p12  (133 chars, 71KB)
  ✓ drive-ch07-p11  (117 chars, 64KB)
  ✓ drive-ch07-p16  (58 chars, 31KB)
  ✓ drive-ch07-p14  (105 chars, 52KB)
  ✓ drive-ch07-p13  (88 chars, 45KB)
  ✓ drive-ch07-p15  (183 chars, 101KB)
  ✓ drive-ch07-p19  (68 chars, 35KB)
  ✓ drive-ch07-p18  (48 chars, 31KB)
  ✓ drive-ch07-p22  (60 chars, 32KB)
  ✓ drive-ch07-p21  (37 chars, 26KB)
  ✓ drive-ch07-p17  (480 chars, 248KB)
  ✓ drive-ch07-p24  (70 chars, 41KB)
  ✓ drive-ch07-p25  (105 chars, 59KB)
  ✓ drive-ch07-p26  (73 chars, 43KB)
  ✓ drive-ch07-p29-x00  (26 chars, 16KB)
  ✓ drive-ch07-p27  (113 chars, 61KB)
  ✓ drive-ch07-p28  (86 chars, 47KB)
  ✓ drive-ch07-p29-x01  (25 chars, 14KB)
  ✓ drive-ch07-p30  (96 chars, 50KB)
  ✓ drive-ch07-p31  (84 chars, 47KB)
  ✓ drive-ch07-p34  (95 chars, 50KB)
  ✓ drive-ch07-p35  (47 chars, 35KB)
  ✓ drive-ch07-p33  (135 chars, 68KB)
  ✓ drive-ch07-p32  (102 chars, 52KB)
  ✓ drive-ch08-p00  (79 chars, 47KB)
  ✓ drive-ch08-p01-x00  (14 chars, 12KB)
  ✓ drive-ch08-p01-x01  (34 chars, 17KB)
  ✓ drive-ch08-p02-x00  (36 chars, 27KB)
  ✓ drive-ch08-p02-x01  (34 chars, 26KB)
  ✓ drive-ch08-p01-x02  (46 chars, 26KB)
  ✓ drive-ch08-p04  (136 chars, 72KB)
  ✓ drive-ch08-p06  (185 chars, 96KB)
  ✓ drive-ch08-p03  (142 chars, 78KB)
  ✓ drive-ch08-p07  (82 chars, 43KB)
  ✓ drive-ch08-p05  (124 chars, 66KB)
  ✓ drive-ch08-p09-x00  (27 chars, 17KB)
  ✓ drive-ch08-p09-x01  (81 chars, 48KB)
  ✓ drive-ch08-p08  (147 chars, 82KB)
  ✓ drive-ch08-p13  (58 chars, 32KB)
  ✓ drive-ch08-p11  (137 chars, 73KB)
  ✓ drive-ch08-p12  (270 chars, 138KB)
  ✓ drive-ch08-p16  (68 chars, 37KB)
  ✓ drive-ch08-p15  (49 chars, 28KB)
  ✓ drive-ch08-p10  (212 chars, 112KB)
  ✓ drive-ch08-p19  (60 chars, 33KB)
  ✓ drive-ch08-p18  (44 chars, 30KB)
  ✓ drive-ch08-p21  (73 chars, 40KB)
  ✓ drive-ch08-p22  (120 chars, 61KB)
  ✓ drive-ch08-p14  (479 chars, 239KB)
  ✓ drive-ch08-p24  (68 chars, 33KB)
  ✓ drive-ch08-p25  (108 chars, 53KB)
  ✓ drive-ch08-p23  (126 chars, 65KB)
  ✓ drive-ch08-p26-x00  (39 chars, 26KB)
  ✓ drive-ch08-p26-x01  (33 chars, 20KB)
  ✓ drive-ch08-p27-x01  (23 chars, 15KB)
  ✓ drive-ch08-p27-x00  (24 chars, 16KB)
  ✓ drive-ch08-p28  (103 chars, 50KB)
  ✓ drive-ch08-p30  (75 chars, 42KB)
  ✓ drive-ch08-p32  (47 chars, 34KB)
  ✓ drive-ch08-p29  (101 chars, 51KB)
  ✓ drive-ch09-p00  (73 chars, 41KB)
  ✓ drive-ch09-p01-x00  (11 chars, 11KB)
  ✓ drive-ch08-p31  (122 chars, 67KB)
  ✓ drive-ch09-p02-x00  (23 chars, 15KB)
  ✓ drive-ch09-p02-x01  (29 chars, 16KB)
  ✓ drive-ch09-p02-x02  (27 chars, 16KB)
  ✓ drive-ch09-p01-x01  (64 chars, 35KB)
  ✓ drive-ch09-p05  (57 chars, 29KB)
  ✓ drive-ch09-p04  (186 chars, 90KB)
  ✓ drive-ch09-p03  (127 chars, 71KB)
  ✓ drive-ch09-p07  (149 chars, 75KB)
  ✓ drive-ch09-p08  (90 chars, 47KB)
  ✓ drive-ch09-p06  (119 chars, 66KB)
  ✓ drive-ch09-p11-x00  (19 chars, 13KB)
  ✓ drive-ch09-p10  (86 chars, 45KB)
  ✓ drive-ch09-p11-x01  (51 chars, 30KB)
  ✓ drive-ch09-p09  (135 chars, 68KB)
  ✓ drive-ch09-p12  (74 chars, 43KB)
  ✓ drive-ch09-p16  (76 chars, 39KB)
  ✓ drive-ch09-p18  (41 chars, 29KB)
  ✓ drive-ch09-p15  (71 chars, 44KB)
  ✓ drive-ch09-p19  (61 chars, 33KB)
  ✓ drive-ch09-p14  (421 chars, 216KB)
  ✓ drive-ch09-p21  (84 chars, 48KB)
  ✓ drive-ch09-p24  (89 chars, 48KB)
  ✓ drive-ch09-p23  (103 chars, 56KB)
  ✓ drive-ch09-p22  (85 chars, 48KB)
  ✓ drive-ch09-p26-x01  (26 chars, 16KB)
  ✓ drive-ch09-p25  (157 chars, 86KB)
  ✓ drive-ch09-p26-x00  (36 chars, 26KB)
  ✓ drive-ch09-p27  (87 chars, 48KB)
  ✓ drive-ch09-p29  (86 chars, 47KB)
  ✓ drive-ch09-p28  (93 chars, 52KB)
  ✓ drive-ch09-p32  (47 chars, 33KB)
  ✓ drive-ch09-p31  (98 chars, 53KB)
  ✓ drive-ch10-p01-x00  (11 chars, 11KB)
  ✓ drive-ch09-p30  (135 chars, 74KB)
  ✓ drive-ch10-p00  (71 chars, 39KB)
  ✓ drive-ch10-p01-x01  (54 chars, 33KB)
  ✓ drive-ch10-p02  (106 chars, 61KB)
  ✓ drive-ch10-p04  (75 chars, 40KB)
  ✓ drive-ch10-p05  (138 chars, 72KB)
  ✓ drive-ch10-p03  (147 chars, 73KB)
  ✓ drive-ch10-p07  (97 chars, 52KB)
  ✓ drive-ch10-p09  (126 chars, 64KB)
  ✓ drive-ch10-p06  (184 chars, 96KB)
  ✓ drive-ch10-p11-x00  (15 chars, 13KB)
  ✓ drive-ch10-p11-x01  (28 chars, 18KB)
  ✓ drive-ch10-p10  (87 chars, 45KB)
  ✓ drive-ch10-p08  (171 chars, 93KB)
  ✓ drive-ch10-p13  (103 chars, 55KB)
  ✓ drive-ch10-p12  (150 chars, 79KB)
  ✓ drive-ch10-p14  (58 chars, 32KB)
  ✓ drive-ch10-p17  (69 chars, 34KB)
  ✓ drive-ch10-p19  (46 chars, 31KB)
  ✓ drive-ch10-p16  (87 chars, 46KB)
  ✓ drive-ch10-p20  (61 chars, 33KB)
  ✓ drive-ch10-p22  (85 chars, 46KB)
  ✓ drive-ch10-p23  (67 chars, 37KB)
  ✓ drive-ch10-p24  (109 chars, 57KB)
  ✓ drive-ch10-p25  (107 chars, 54KB)
  ✓ drive-ch10-p27-x01  (26 chars, 17KB)
  ✓ drive-ch10-p27-x00  (32 chars, 25KB)
  ✓ drive-ch10-p26  (152 chars, 76KB)
  ✓ drive-ch10-p28-x00  (19 chars, 14KB)
  ✓ drive-ch10-p28-x01  (25 chars, 22KB)
  ✓ drive-ch10-p30  (128 chars, 69KB)
  ✓ drive-ch10-p31  (84 chars, 44KB)
  ✓ drive-ch10-p29  (103 chars, 56KB)
  ✓ drive-ch10-p32  (114 chars, 56KB)
  ✓ drive-ch10-p33  (58 chars, 37KB)
  ✓ drive-ch10-p15  (516 chars, 255KB)
  ✓ drive-ch11-p01-x00  (12 chars, 11KB)
  ✓ drive-ch11-p01-x01  (59 chars, 37KB)
  ✓ drive-ch11-p00  (83 chars, 45KB)
  ✓ drive-ch11-p03  (71 chars, 40KB)
  ✓ drive-ch11-p06  (119 chars, 66KB)
  ✓ drive-ch11-p02  (105 chars, 63KB)
  ✓ drive-ch11-p05  (174 chars, 87KB)
  ✓ drive-ch11-p04  (119 chars, 64KB)
  ✓ drive-ch11-p07  (128 chars, 72KB)
  ✓ drive-ch11-p10  (56 chars, 35KB)
  ✓ drive-ch11-p09  (184 chars, 105KB)
  ✓ drive-ch11-p12-x00  (20 chars, 14KB)
  ✓ drive-ch11-p08  (98 chars, 53KB)
  ✓ drive-ch11-p11  (153 chars, 88KB)
  ✓ drive-ch11-p12-x01  (35 chars, 20KB)
  ✓ drive-ch11-p13  (58 chars, 33KB)
  ✓ drive-ch11-p15  (48 chars, 31KB)
  ✓ drive-ch11-p18  (49 chars, 32KB)
  ✓ drive-ch11-p19  (60 chars, 34KB)
  ✓ drive-ch11-p16  (68 chars, 35KB)
  ✓ drive-ch11-p21  (72 chars, 42KB)
  ✓ drive-ch11-p23  (61 chars, 36KB)
  ✓ drive-ch11-p22  (101 chars, 50KB)
  ✓ drive-ch11-p24  (108 chars, 56KB)
  ✓ drive-ch11-p26  (79 chars, 42KB)
  ✓ drive-ch11-p25  (126 chars, 66KB)
  ✓ drive-ch11-p27-x00  (35 chars, 27KB)
  ✓ drive-ch11-p28-x00  (15 chars, 13KB)
  ✓ drive-ch11-p27-x01  (39 chars, 19KB)
  ✓ drive-ch11-p28-x01  (26 chars, 16KB)
  ✓ drive-ch11-p29  (88 chars, 45KB)
  ✓ drive-ch11-p30  (122 chars, 62KB)
  ✓ drive-ch11-p14  (490 chars, 257KB)
  ✓ drive-ch11-p32  (109 chars, 55KB)
  ✓ drive-ch11-p31  (105 chars, 56KB)
  ✓ drive-ch12-p01-x00  (31 chars, 25KB)
  ✓ drive-ch11-p33  (65 chars, 41KB)
  ✓ drive-ch12-p01-x01  (39 chars, 18KB)
  ✓ drive-ch12-p02-x00  (14 chars, 13KB)
  ✓ drive-ch12-p00  (63 chars, 39KB)
  ✓ drive-ch12-p02-x01  (18 chars, 12KB)
  ✓ drive-ch12-p02-x02  (13 chars, 13KB)
  ✓ drive-ch12-p02-x03  (48 chars, 23KB)
  ✓ drive-ch12-p06  (142 chars, 75KB)
  ✓ drive-ch12-p03  (147 chars, 79KB)
  ✓ drive-ch12-p04  (59 chars, 38KB)
  ✓ drive-ch12-p05  (98 chars, 50KB)
  ✓ drive-ch12-p08  (91 chars, 50KB)
  ✓ drive-ch12-p10  (73 chars, 42KB)
  ✓ drive-ch12-p07  (179 chars, 93KB)
  ✓ drive-ch12-p11  (78 chars, 44KB)
  ✓ drive-ch12-p09  (122 chars, 68KB)
  ✓ drive-ch12-p13  (154 chars, 78KB)
  ✓ drive-ch12-p12  (161 chars, 80KB)
  ✓ drive-ch12-p14  (75 chars, 44KB)
  ✓ drive-ch12-p16  (95 chars, 52KB)
  ✓ drive-ch12-p18  (58 chars, 33KB)
  ✓ drive-ch12-p17  (93 chars, 53KB)
  ✓ drive-ch12-p15  (128 chars, 68KB)
  ✓ drive-ch12-p20  (66 chars, 40KB)
  ✓ drive-ch12-p21  (69 chars, 36KB)
  ✓ drive-ch12-p24  (61 chars, 35KB)
  ✓ drive-ch12-p23  (41 chars, 29KB)
  ✓ drive-ch12-p19  (526 chars, 267KB)
  ✓ drive-ch12-p26  (65 chars, 40KB)
  ✓ drive-ch12-p27  (129 chars, 71KB)
  ✓ drive-ch12-p31-x00  (33 chars, 25KB)
  ✓ drive-ch12-p28  (72 chars, 39KB)
  ✓ drive-ch12-p30  (143 chars, 76KB)
  ✓ drive-ch12-p29  (64 chars, 39KB)
  ✓ drive-ch12-p32  (74 chars, 42KB)
  ✓ drive-ch12-p33  (95 chars, 52KB)
  ✓ drive-ch12-p31-x01  (29 chars, 18KB)
  ✓ drive-ch12-p34  (69 chars, 34KB)
  ✓ drive-ch12-p37  (56 chars, 37KB)
  ✓ drive-ch12-p35  (148 chars, 74KB)
  ✓ drive-ch13-p01-x01  (40 chars, 20KB)
  ✓ drive-ch13-p02-x00  (14 chars, 12KB)
  ✓ drive-ch12-p36  (135 chars, 67KB)
  ✓ drive-ch13-p00  (90 chars, 51KB)
  ✓ drive-ch13-p02-x01  (36 chars, 26KB)
  ✓ drive-ch13-p03  (118 chars, 69KB)
  ✓ drive-ch13-p05  (58 chars, 35KB)
  ✓ drive-ch13-p04  (92 chars, 57KB)
  ✓ drive-ch13-p07  (127 chars, 65KB)
  ✓ drive-ch13-p06  (143 chars, 77KB)
  ✓ drive-ch13-p08  (74 chars, 48KB)
  ✓ drive-ch13-p12  (45 chars, 25KB)
  ✓ drive-ch13-p09  (104 chars, 55KB)
  ✓ drive-ch13-p10  (204 chars, 109KB)
  ✓ drive-ch13-p11  (146 chars, 75KB)
  ✓ drive-ch13-p14  (81 chars, 47KB)
  ✓ drive-ch13-p13  (116 chars, 63KB)
  ✓ drive-ch13-p15  (176 chars, 88KB)
  ✓ drive-ch13-p17-x00  (14 chars, 12KB)
  ✓ drive-ch13-p17-x01  (48 chars, 11KB)
  ✓ drive-ch13-p16  (75 chars, 45KB)
  ✓ drive-ch13-p18  (58 chars, 31KB)
  ✓ drive-ch13-p21  (69 chars, 35KB)
  ✓ drive-ch13-p20  (64 chars, 37KB)
  ✓ drive-ch13-p23  (49 chars, 34KB)
  ✓ drive-ch13-p24  (61 chars, 35KB)
  ✓ drive-ch13-p27  (81 chars, 45KB)
  ✓ drive-ch13-p26  (68 chars, 41KB)
  ✓ drive-ch13-p30  (98 chars, 55KB)
  ✓ drive-ch13-p29  (91 chars, 48KB)
  ✓ drive-ch13-p19  (480 chars, 247KB)
  ✓ drive-ch13-p28  (115 chars, 61KB)
  ✓ drive-ch13-p31-x01  (27 chars, 19KB)
  ✓ drive-ch13-p31-x00  (34 chars, 27KB)
  ✓ drive-ch13-p34  (75 chars, 36KB)
  ✓ drive-ch13-p35  (122 chars, 64KB)
  ✓ drive-ch13-p32  (102 chars, 54KB)
  ✓ drive-ch13-p33  (69 chars, 45KB)
  ✓ drive-ch13-p36  (101 chars, 52KB)
  ✓ drive-ch13-p37  (43 chars, 32KB)
  ✓ drive-ch14-p01-x00  (12 chars, 11KB)
  ✓ drive-ch14-p01-x01  (50 chars, 30KB)
  ✓ drive-ch14-p02-x00  (27 chars, 17KB)
  ✓ drive-ch14-p00  (76 chars, 43KB)
  ✓ drive-ch14-p02-x01  (29 chars, 15KB)
  ✓ drive-ch14-p03  (73 chars, 43KB)
  ✓ drive-ch14-p04  (115 chars, 58KB)
  ✓ drive-ch14-p06  (69 chars, 37KB)
  ✓ drive-ch14-p05  (89 chars, 49KB)
  ✓ drive-ch14-p08  (70 chars, 36KB)
  ✓ drive-ch14-p09  (85 chars, 47KB)
  ✓ drive-ch14-p10  (84 chars, 46KB)
  ✓ drive-ch14-p07  (230 chars, 118KB)
  ✓ drive-ch14-p12  (210 chars, 102KB)
  ✓ drive-ch14-p11  (146 chars, 79KB)
  ✓ drive-ch14-p14  (98 chars, 53KB)
  ✓ drive-ch14-p13  (148 chars, 81KB)
  ✓ drive-ch14-p15  (142 chars, 76KB)
  ✓ drive-ch14-p17  (58 chars, 32KB)
  ✓ drive-ch14-p16  (149 chars, 79KB)
  ✓ drive-ch14-p19  (69 chars, 40KB)
  ✓ drive-ch14-p20  (69 chars, 36KB)
  ✓ drive-ch14-p22  (52 chars, 34KB)
  ✓ drive-ch14-p23  (61 chars, 33KB)
  ✓ drive-ch14-p25  (88 chars, 46KB)
  ✓ drive-ch14-p26  (92 chars, 48KB)
  ✓ drive-ch14-p28  (74 chars, 43KB)
  ✓ drive-ch14-p27  (107 chars, 55KB)
  ✓ drive-ch14-p30-x00  (32 chars, 25KB)
  ✓ drive-ch14-p30-x01  (34 chars, 21KB)
  ✓ drive-ch14-p31  (48 chars, 26KB)
  ✓ drive-ch14-p29  (171 chars, 90KB)
  ✓ drive-ch14-p32  (112 chars, 57KB)
  ✓ drive-ch14-p33  (101 chars, 53KB)
  ✓ drive-ch14-p34  (110 chars, 59KB)
  ✓ drive-ch14-p35  (85 chars, 48KB)
  ✓ drive-ch14-p36  (53 chars, 36KB)
  ✓ drive-ch15-p01-x00  (17 chars, 13KB)
  ✓ drive-ch14-p18  (577 chars, 292KB)
  ✓ drive-ch15-p00  (78 chars, 44KB)
  ✓ drive-ch15-p01-x01  (59 chars, 29KB)
  ✓ drive-ch15-p02-x01  (28 chars, 16KB)
  ✓ drive-ch15-p02-x00  (14 chars, 12KB)
  ✓ drive-ch15-p03  (157 chars, 79KB)
  ✓ drive-ch15-p05  (123 chars, 66KB)
  ✓ drive-ch15-p04  (101 chars, 51KB)
  ✓ drive-ch15-p06  (97 chars, 50KB)
  ✓ drive-ch15-p09  (98 chars, 50KB)
  ✓ drive-ch15-p07  (100 chars, 53KB)
  ✓ drive-ch15-p08  (71 chars, 48KB)
  ✓ drive-ch15-p10  (87 chars, 47KB)
  ✓ drive-ch15-p11  (109 chars, 57KB)
  ✓ drive-ch15-p12  (85 chars, 47KB)
  ✓ drive-ch15-p14  (71 chars, 36KB)
  ✓ drive-ch15-p15  (110 chars, 59KB)
  ✓ drive-ch15-p13  (134 chars, 65KB)
  ✓ drive-ch15-p16  (88 chars, 49KB)
  ✓ drive-ch15-p19  (58 chars, 33KB)
  ✓ drive-ch15-p17  (68 chars, 34KB)
  ✓ drive-ch15-p21  (66 chars, 40KB)
  ✓ drive-ch15-p18  (139 chars, 77KB)
  ✓ drive-ch15-p22  (67 chars, 36KB)
  ✓ drive-ch15-p24  (53 chars, 33KB)
  ✓ drive-ch15-p27  (81 chars, 45KB)
  ✓ drive-ch15-p25  (59 chars, 33KB)
  ✓ drive-ch15-p28  (152 chars, 80KB)
  ✓ drive-ch15-p30  (95 chars, 50KB)
  ✓ drive-ch15-p29  (91 chars, 49KB)
  ✓ drive-ch15-p31  (103 chars, 51KB)
  ✓ drive-ch15-p20  (611 chars, 298KB)
  ✓ drive-ch15-p33-x01  (40 chars, 24KB)
  ✓ drive-ch15-p33-x00  (35 chars, 25KB)
  ✓ drive-ch15-p32  (116 chars, 58KB)
  ✓ drive-ch15-p35  (150 chars, 77KB)
  ✓ drive-ch15-p34  (92 chars, 51KB)
  ✓ drive-ch15-p37  (90 chars, 45KB)
  ✓ drive-ch15-p36  (92 chars, 50KB)
  ✓ drive-ch15-p38  (106 chars, 54KB)
  ✓ drive-ch16-p00  (59 chars, 36KB)
  ✓ drive-ch15-p39  (58 chars, 38KB)
  ✓ drive-ch16-p02-x00  (11 chars, 11KB)
  ✓ drive-ch16-p02-x01  (32 chars, 18KB)
  ✓ drive-ch16-p01  (72 chars, 43KB)
  ✓ drive-ch16-p04  (84 chars, 48KB)
  ✓ drive-ch16-p05  (60 chars, 30KB)
  ✓ drive-ch16-p03  (133 chars, 69KB)
  ✓ drive-ch16-p07  (91 chars, 50KB)
  ✓ drive-ch16-p08  (143 chars, 72KB)
  ✓ drive-ch16-p09  (100 chars, 53KB)
  ✓ drive-ch16-p10  (137 chars, 67KB)
  ✓ drive-ch16-p06  (139 chars, 75KB)
  ✓ drive-ch16-p12  (61 chars, 33KB)
  ✓ drive-ch16-p11  (98 chars, 55KB)
  ✓ drive-ch16-p13  (98 chars, 50KB)
  ✓ drive-ch16-p16  (93 chars, 49KB)
  ✓ drive-ch16-p14  (128 chars, 59KB)
  ✓ drive-ch16-p15  (58 chars, 35KB)
  ✓ drive-ch16-p18  (82 chars, 47KB)
  ✓ drive-ch16-p21  (68 chars, 39KB)
  ✓ drive-ch16-p17  (143 chars, 71KB)
  ✓ drive-ch16-p22  (71 chars, 36KB)
  ✓ drive-ch16-p25  (63 chars, 36KB)
  ✓ drive-ch16-p24  (58 chars, 36KB)
  ✓ drive-ch16-p27  (67 chars, 43KB)
  ✓ drive-ch16-p28  (116 chars, 61KB)
  ✓ drive-ch16-p30  (115 chars, 64KB)
  ✓ drive-ch16-p29  (115 chars, 59KB)
  ✓ drive-ch16-p31  (116 chars, 63KB)
  ✓ drive-ch16-p32  (142 chars, 73KB)
  ✓ drive-ch16-p34-x00  (32 chars, 26KB)
  ✓ drive-ch16-p20  (449 chars, 222KB)
  ✓ drive-ch16-p33  (79 chars, 46KB)
  ✓ drive-ch16-p34-x01  (34 chars, 21KB)
  ✓ drive-ch16-p35  (117 chars, 64KB)
  ✓ drive-ch16-p37  (118 chars, 61KB)
  ✓ drive-ch16-p36  (132 chars, 71KB)
  ✓ drive-ch16-p38  (102 chars, 51KB)
  ✓ drive-ch17-p01-x00  (23 chars, 16KB)
  ✓ drive-ch16-p39  (69 chars, 35KB)
  ✓ drive-ch17-p00  (62 chars, 39KB)
  ✓ drive-ch16-p40  (53 chars, 37KB)
  ✓ drive-ch17-p01-x01  (46 chars, 31KB)
  ✓ drive-ch17-p03  (110 chars, 52KB)
  ✓ drive-ch17-p05  (87 chars, 46KB)
  ✓ drive-ch17-p04  (125 chars, 62KB)
  ✓ drive-ch17-p02  (117 chars, 62KB)
  ✓ drive-ch17-p07  (99 chars, 53KB)
  ✓ drive-ch17-p08  (122 chars, 65KB)
  ✓ drive-ch17-p09  (72 chars, 38KB)
  ✓ drive-ch17-p06  (108 chars, 58KB)
  ✓ drive-ch17-p11  (132 chars, 67KB)
  ✓ drive-ch17-p10  (109 chars, 58KB)
  ✓ drive-ch17-p12  (144 chars, 72KB)
  ✓ drive-ch17-p15  (81 chars, 49KB)
  ✓ drive-ch17-p14  (107 chars, 59KB)
  ✓ drive-ch17-p13  (82 chars, 47KB)
  ✓ drive-ch17-p16  (96 chars, 55KB)
  ✓ drive-ch17-p17  (165 chars, 92KB)
  ✓ drive-ch17-p20  (70 chars, 39KB)
  ✓ drive-ch17-p21  (69 chars, 36KB)
  ✓ drive-ch17-p23  (45 chars, 33KB)
  ✓ drive-ch17-p24  (61 chars, 35KB)
  ✓ drive-ch17-p26  (86 chars, 48KB)
  ✓ drive-ch17-p19  (580 chars, 292KB)
  ✓ drive-ch17-p27  (102 chars, 50KB)
  ✓ drive-ch17-p28  (94 chars, 50KB)
  ✓ drive-ch17-p29  (97 chars, 47KB)
  ✓ drive-ch17-p30  (117 chars, 57KB)
  ✓ drive-ch17-p32  (65 chars, 39KB)
  ✓ drive-ch17-p31  (86 chars, 48KB)
  ✓ drive-ch17-p33-x00  (31 chars, 25KB)
  ✓ drive-ch17-p33-x01  (39 chars, 23KB)
  ✓ drive-ch17-p35  (119 chars, 61KB)
  ✓ drive-ch17-p34  (104 chars, 56KB)
  ✓ drive-ch17-p37  (113 chars, 56KB)
  ✓ drive-ch17-p36  (110 chars, 53KB)
  ✓ drive-ch18-p01-x00  (17 chars, 13KB)
  ✓ drive-ch17-p38  (107 chars, 56KB)
  ✓ drive-ch17-p39  (59 chars, 42KB)
  ✓ drive-ch18-p00  (86 chars, 48KB)
  ✓ drive-ch18-p02  (85 chars, 45KB)
  ✓ drive-ch18-p01-x01  (80 chars, 44KB)
  ✓ drive-ch18-p03  (118 chars, 60KB)
  ✓ drive-ch18-p07  (99 chars, 53KB)
  ✓ drive-ch18-p04  (89 chars, 49KB)
  ✓ drive-ch18-p06  (99 chars, 53KB)
  ✓ drive-ch18-p05  (125 chars, 66KB)
  ✓ drive-ch18-p09  (71 chars, 40KB)
  ✓ drive-ch18-p08  (110 chars, 56KB)
  ✓ drive-ch18-p10  (111 chars, 60KB)
  ✓ drive-ch18-p11  (94 chars, 48KB)
  ✓ drive-ch18-p15  (104 chars, 55KB)
  ✓ drive-ch18-p12  (75 chars, 38KB)
  ✓ drive-ch18-p13  (156 chars, 79KB)
  ✓ drive-ch18-p16  (100 chars, 52KB)
  ✓ drive-ch18-p17  (131 chars, 66KB)
  ✓ drive-ch18-p18  (59 chars, 33KB)
  ✓ drive-ch18-p22  (68 chars, 36KB)
  ✓ drive-ch18-p21  (63 chars, 39KB)
  ✓ drive-ch18-p14  (88 chars, 49KB)
  ✓ drive-ch18-p24  (58 chars, 36KB)
  ✓ drive-ch18-p25  (60 chars, 33KB)
  ✓ drive-ch18-p27  (70 chars, 41KB)
  ✓ drive-ch18-p28  (74 chars, 42KB)
  ✓ drive-ch18-p30  (82 chars, 46KB)
  ✓ drive-ch18-p20  (649 chars, 326KB)
  ✓ drive-ch18-p32  (91 chars, 45KB)
  ✓ drive-ch18-p31  (60 chars, 37KB)
  ✓ drive-ch18-p29  (124 chars, 65KB)
  ✓ drive-ch18-p33  (109 chars, 55KB)
  ✓ drive-ch18-p34  (61 chars, 29KB)
  ✓ drive-ch18-p35-x00  (35 chars, 25KB)
  ✓ drive-ch18-p35-x01  (34 chars, 20KB)
  ✓ drive-ch18-p39  (92 chars, 48KB)
  ✓ drive-ch18-p36  (100 chars, 54KB)
  ✓ drive-ch18-p37  (84 chars, 44KB)
  ✓ drive-ch18-p38  (110 chars, 58KB)
  ✓ drive-ch18-p40  (79 chars, 44KB)
  ✓ drive-ch18-p41  (47 chars, 32KB)
  ✓ drive-ch19-p01-x00  (35 chars, 21KB)
  ✓ drive-ch19-p00  (68 chars, 40KB)
  ✓ drive-ch19-p03  (133 chars, 66KB)
  ✓ drive-ch19-p01-x01  (60 chars, 34KB)
  ✓ drive-ch19-p04  (93 chars, 52KB)
  ✓ drive-ch19-p06  (87 chars, 48KB)
  ✓ drive-ch19-p05  (73 chars, 38KB)
  ✓ drive-ch19-p02  (90 chars, 50KB)
  ✓ drive-ch19-p09  (115 chars, 59KB)
  ✓ drive-ch19-p07  (149 chars, 71KB)
  ✓ drive-ch19-p08  (106 chars, 54KB)
  ✓ drive-ch19-p11  (52 chars, 25KB)
  ✓ drive-ch19-p13  (121 chars, 62KB)
  ✓ drive-ch19-p10  (115 chars, 59KB)
  ✓ drive-ch19-p14  (122 chars, 64KB)
  ✓ drive-ch19-p15  (70 chars, 35KB)
  ✓ drive-ch19-p12  (113 chars, 62KB)
  ✓ drive-ch19-p17  (118 chars, 59KB)
  ✓ drive-ch19-p16  (105 chars, 57KB)
  ✓ drive-ch19-p19  (126 chars, 62KB)
  ✓ drive-ch19-p18  (107 chars, 60KB)
  ✓ drive-ch19-p23  (53 chars, 31KB)
  ✓ drive-ch19-p24  (71 chars, 37KB)
  ✓ drive-ch19-p20  (80 chars, 38KB)
  ✓ drive-ch19-p26  (40 chars, 28KB)
  ✓ drive-ch19-p27  (63 chars, 36KB)
  ✓ drive-ch19-p29  (67 chars, 42KB)
  ✓ drive-ch19-p30  (96 chars, 53KB)
  ✓ drive-ch19-p32  (98 chars, 55KB)
  ✓ drive-ch19-p31  (141 chars, 74KB)
  ✓ drive-ch19-p33  (93 chars, 50KB)
  ✓ drive-ch19-p35-x00  (33 chars, 26KB)
  ✓ drive-ch19-p35-x01  (32 chars, 20KB)
  ✓ drive-ch19-p34  (164 chars, 82KB)
  ✓ drive-ch19-p36  (92 chars, 49KB)
  ✓ drive-ch19-p38  (112 chars, 59KB)
  ✓ drive-ch19-p37  (120 chars, 62KB)
  ✓ drive-ch19-p39  (112 chars, 54KB)
  ✓ drive-ch19-p40  (89 chars, 45KB)
  ✓ drive-ch19-p41  (53 chars, 35KB)
  ✓ drive-ch20-p00  (77 chars, 42KB)
  ✓ drive-ch19-p22  (655 chars, 315KB)
  ✓ drive-ch20-p01-x00  (36 chars, 25KB)
  ✓ drive-ch20-p01-x01  (51 chars, 32KB)
  ✓ drive-ch20-p02  (69 chars, 41KB)
  ✓ drive-ch20-p04  (101 chars, 51KB)
  ✓ drive-ch20-p03  (147 chars, 72KB)
  ✓ drive-ch20-p05  (83 chars, 47KB)
  ✓ drive-ch20-p06  (92 chars, 50KB)
  ✓ drive-ch20-p07  (82 chars, 46KB)
  ✓ drive-ch20-p08  (83 chars, 45KB)
  ✓ drive-ch20-p10  (100 chars, 54KB)
  ✓ drive-ch20-p09  (90 chars, 48KB)
  ✓ drive-ch20-p13  (107 chars, 57KB)
  ✓ drive-ch20-p11  (76 chars, 41KB)
  ✓ drive-ch20-p12  (120 chars, 64KB)
  ✓ drive-ch20-p15  (91 chars, 50KB)
  ✓ drive-ch20-p14  (90 chars, 51KB)
  ✓ drive-ch20-p16  (61 chars, 33KB)
  ✓ drive-ch20-p17  (84 chars, 49KB)
  ✓ drive-ch20-p20  (116 chars, 64KB)
  ✓ drive-ch20-p19  (149 chars, 77KB)
  ✓ drive-ch20-p18  (118 chars, 64KB)
  ✓ drive-ch20-p23  (62 chars, 36KB)
  ✓ drive-ch20-p24  (68 chars, 34KB)
  ✓ drive-ch20-p26  (56 chars, 35KB)
  ✓ drive-ch20-p27  (60 chars, 33KB)
  ✓ drive-ch20-p30  (94 chars, 48KB)
  ✓ drive-ch20-p29  (69 chars, 40KB)
  ✓ drive-ch20-p31  (106 chars, 55KB)
  ✓ drive-ch20-p32  (84 chars, 44KB)
  ✓ drive-ch20-p22  (637 chars, 315KB)
  ✓ drive-ch20-p33  (103 chars, 52KB)
  ✓ drive-ch20-p34  (60 chars, 35KB)
  ✓ drive-ch20-p35  (108 chars, 57KB)
  ✓ drive-ch20-p36-x00  (34 chars, 26KB)
  ✓ drive-ch20-p36-x01  (36 chars, 22KB)
  ✓ drive-ch20-p37  (101 chars, 55KB)
  ✓ drive-ch20-p40  (97 chars, 53KB)
  ✓ drive-ch20-p39  (80 chars, 45KB)
  ✓ drive-ch20-p38  (139 chars, 69KB)
  ✓ drive-ch20-p41  (111 chars, 58KB)
  ✓ drive-ch21-p01-x00  (26 chars, 17KB)
  ✓ drive-ch21-p00  (60 chars, 39KB)
  ✓ drive-ch20-p43  (58 chars, 40KB)
  ✓ drive-ch20-p42  (64 chars, 34KB)
  ✓ drive-ch21-p02  (76 chars, 43KB)
  ✓ drive-ch21-p03  (98 chars, 54KB)
  ✓ drive-ch21-p01-x01  (59 chars, 35KB)
  ✓ drive-ch21-p04  (132 chars, 66KB)
  ✓ drive-ch21-p05  (92 chars, 51KB)
  ✓ drive-ch21-p06  (55 chars, 27KB)
  ✓ drive-ch21-p07  (108 chars, 60KB)
  ✓ drive-ch21-p08  (98 chars, 55KB)
  ✓ drive-ch21-p10  (132 chars, 66KB)
  ✓ drive-ch21-p09  (101 chars, 54KB)
  ✓ drive-ch21-p13  (94 chars, 53KB)
  ✓ drive-ch21-p11  (121 chars, 62KB)
  ✓ drive-ch21-p14  (97 chars, 51KB)
  ✓ drive-ch21-p15  (77 chars, 43KB)
  ✓ drive-ch21-p12  (113 chars, 58KB)
  ✓ drive-ch21-p17  (107 chars, 57KB)
  ✓ drive-ch21-p18  (62 chars, 33KB)
  ✓ drive-ch21-p16  (125 chars, 67KB)
  ✓ drive-ch21-p19  (71 chars, 42KB)
  ✓ drive-ch21-p20  (97 chars, 52KB)
  ✓ drive-ch21-p24  (54 chars, 35KB)
  ✓ drive-ch21-p25  (69 chars, 37KB)
  ✓ drive-ch21-p21  (109 chars, 55KB)
  ✓ drive-ch21-p27  (34 chars, 27KB)
  ✓ drive-ch21-p28  (61 chars, 33KB)
  ✓ drive-ch21-p30  (73 chars, 41KB)
  ✓ drive-ch21-p31  (103 chars, 56KB)
  ✓ drive-ch21-p33  (83 chars, 48KB)
  ✓ drive-ch21-p32  (92 chars, 51KB)
  ✓ drive-ch21-p34  (109 chars, 59KB)
  ✓ drive-ch21-p23  (651 chars, 323KB)
  ✓ drive-ch21-p37-x01  (36 chars, 20KB)
  ✓ drive-ch21-p37-x00  (31 chars, 23KB)
  ✓ drive-ch21-p35  (109 chars, 57KB)
  ✓ drive-ch21-p36  (120 chars, 63KB)
  ✓ drive-ch21-p38  (117 chars, 61KB)
  ✓ drive-ch21-p41  (83 chars, 47KB)
  ✓ drive-ch21-p40  (141 chars, 69KB)
  ✓ drive-ch21-p39  (94 chars, 51KB)
  ✓ drive-ch21-p42  (117 chars, 61KB)
  ✓ drive-ch21-p43  (53 chars, 37KB)
  ✓ drive-ch22-p01-x01  (30 chars, 18KB)
  ✓ drive-ch22-p01-x00  (66 chars, 39KB)
  ✓ drive-ch22-p00  (61 chars, 37KB)
  ✓ drive-ch22-p04  (88 chars, 49KB)
  ✓ drive-ch22-p03  (83 chars, 45KB)
  ✓ drive-ch22-p02  (75 chars, 43KB)
  ✓ drive-ch22-p06  (102 chars, 56KB)
  ✓ drive-ch22-p08  (104 chars, 55KB)
  ✓ drive-ch22-p07  (90 chars, 49KB)
  ✓ drive-ch22-p09  (61 chars, 39KB)
  ✓ drive-ch22-p10  (161 chars, 81KB)
  ✓ drive-ch22-p12  (45 chars, 22KB)
  ✓ drive-ch22-p13  (76 chars, 40KB)
  ✓ drive-ch22-p11  (106 chars, 55KB)
  ✓ drive-ch22-p15  (78 chars, 43KB)
  ✓ drive-ch22-p16  (101 chars, 54KB)
  ✓ drive-ch22-p14  (153 chars, 74KB)
  ✓ drive-ch22-p17  (80 chars, 37KB)
  ✓ drive-ch22-p19  (120 chars, 60KB)
  ✓ drive-ch22-p20  (113 chars, 56KB)
  ✓ drive-ch22-p18  (77 chars, 45KB)
  ✓ drive-ch22-p21  (36 chars, 18KB)
  ✓ drive-ch22-p22  (58 chars, 32KB)
  ✓ drive-ch22-p24  (72 chars, 42KB)
  ✓ drive-ch22-p27  (35 chars, 26KB)
  ✓ drive-ch22-p25  (69 chars, 36KB)
  ✓ drive-ch22-p28  (61 chars, 33KB)
  ✓ drive-ch22-p30  (67 chars, 41KB)
  ✓ drive-ch22-p31  (104 chars, 59KB)
  ✓ drive-ch22-p23  (584 chars, 288KB)
  ✓ drive-ch22-p32  (96 chars, 52KB)
  ✓ drive-ch22-p35  (112 chars, 58KB)
  ✓ drive-ch22-p34  (54 chars, 34KB)
  ✓ drive-ch22-p33  (134 chars, 68KB)
  ✓ drive-ch22-p37-x00  (31 chars, 24KB)
  ✓ drive-ch22-p37-x01  (32 chars, 19KB)
  ✓ drive-ch22-p36  (90 chars, 43KB)
  ✓ drive-ch22-p39  (103 chars, 56KB)
  ✓ drive-ch22-p38  (102 chars, 54KB)
  ✓ drive-ch22-p40  (76 chars, 45KB)
  ✓ drive-ch22-p41  (121 chars, 62KB)
  ✓ drive-ch22-p42  (93 chars, 51KB)
  ✓ drive-ch22-p43  (101 chars, 50KB)
  ✓ drive-ch22-p44  (58 chars, 37KB)
  ✓ drive-ch23-p01-x00  (30 chars, 23KB)
  ✓ drive-ch23-p00  (87 chars, 49KB)
  ✓ drive-ch23-p01-x01  (61 chars, 35KB)
  ✓ drive-ch23-p03  (103 chars, 53KB)
  ✓ drive-ch23-p04  (78 chars, 42KB)
  ✓ drive-ch23-p02  (87 chars, 48KB)
  ✓ drive-ch23-p06  (113 chars, 57KB)
  ✓ drive-ch23-p05  (129 chars, 67KB)
  ✓ drive-ch23-p07  (67 chars, 34KB)
  ✓ drive-ch23-p08  (108 chars, 57KB)
  ✓ drive-ch23-p09  (120 chars, 60KB)
  ✓ drive-ch23-p10  (92 chars, 49KB)
  ✓ drive-ch23-p11  (119 chars, 63KB)
  ✓ drive-ch23-p12  (115 chars, 57KB)
  ✓ drive-ch23-p13  (148 chars, 77KB)
  ✓ drive-ch23-p15  (73 chars, 41KB)
  ✓ drive-ch23-p14  (141 chars, 74KB)
  ✓ drive-ch23-p16  (77 chars, 45KB)
  ✓ drive-ch23-p18  (121 chars, 62KB)
  ✓ drive-ch23-p17  (132 chars, 66KB)
  ✓ drive-ch23-p20  (62 chars, 32KB)
  ✓ drive-ch23-p19  (115 chars, 59KB)
  ✓ drive-ch23-p21  (111 chars, 59KB)
  ✓ drive-ch23-p23  (78 chars, 44KB)
  ✓ drive-ch23-p22  (115 chars, 61KB)
  ✓ drive-ch23-p26  (73 chars, 41KB)
  ✓ drive-ch23-p27  (69 chars, 35KB)
  ✓ drive-ch23-p29  (39 chars, 27KB)
  ✓ drive-ch23-p30  (61 chars, 34KB)
  ✓ drive-ch23-p25  (648 chars, 326KB)
  ✓ drive-ch23-p32  (67 chars, 41KB)
  ✓ drive-ch23-p33  (80 chars, 44KB)
  ✓ drive-ch23-p34  (108 chars, 58KB)
  ✓ drive-ch23-p35  (136 chars, 72KB)
  ✓ drive-ch23-p37  (103 chars, 54KB)
  ✓ drive-ch23-p36  (84 chars, 46KB)
  ✓ drive-ch23-p38  (48 chars, 31KB)
  ✓ drive-ch23-p39-x01  (28 chars, 18KB)
  ✓ drive-ch23-p39-x00  (31 chars, 25KB)
  ✓ drive-ch23-p40  (84 chars, 45KB)
  ✓ drive-ch23-p41  (108 chars, 56KB)
  ✓ drive-ch23-p43  (107 chars, 54KB)
  ✓ drive-ch23-p42  (97 chars, 52KB)
  ✓ drive-ch23-p44  (101 chars, 53KB)
  ✓ drive-ch23-p46  (61 chars, 40KB)
  ✓ drive-ch24-p00  (93 chars, 53KB)
  ✓ drive-ch24-p01-x00  (33 chars, 20KB)
  ✓ drive-ch23-p45  (90 chars, 49KB)
  ✓ drive-ch24-p01-x01  (52 chars, 34KB)
  ✓ drive-ch24-p03  (129 chars, 65KB)
  ✓ drive-ch24-p02  (105 chars, 55KB)
  ✓ drive-ch24-p06  (93 chars, 50KB)
  ✓ drive-ch24-p04  (128 chars, 66KB)
  ✓ drive-ch24-p05  (101 chars, 55KB)
  ✓ drive-ch24-p08  (104 chars, 53KB)
  ✓ drive-ch24-p09  (85 chars, 45KB)
  ✓ drive-ch24-p07  (77 chars, 44KB)
  ✓ drive-ch24-p10  (117 chars, 58KB)
  ✓ drive-ch24-p11  (50 chars, 27KB)
  ✓ drive-ch24-p12  (68 chars, 39KB)
  ✓ drive-ch22-p05  (132 chars, 69KB)
  ✓ drive-ch24-p13  (108 chars, 58KB)
  ✓ drive-ch24-p14  (93 chars, 50KB)
  ✓ drive-ch24-p15  (87 chars, 47KB)
  ✓ drive-ch24-p16  (60 chars, 33KB)
  ✓ drive-ch24-p18  (97 chars, 50KB)
  ✓ drive-ch24-p20  (61 chars, 34KB)
  ✓ drive-ch24-p19  (129 chars, 67KB)
  ✓ drive-ch24-p24  (64 chars, 34KB)
  ✓ drive-ch24-p23  (64 chars, 38KB)
  ✓ drive-ch24-p17  (150 chars, 73KB)
  ✓ drive-ch24-p26  (44 chars, 31KB)
  ✓ drive-ch24-p29  (76 chars, 45KB)
  ✓ drive-ch24-p27  (56 chars, 33KB)
  ✓ drive-ch24-p30  (98 chars, 54KB)
  ✓ drive-ch24-p32  (94 chars, 50KB)
  ✓ drive-ch24-p33  (84 chars, 44KB)
  ✓ drive-ch24-p31  (104 chars, 55KB)
  ✓ drive-ch24-p34  (144 chars, 67KB)
  ✓ drive-ch24-p36-x00  (30 chars, 18KB)
  ✓ drive-ch24-p35  (64 chars, 33KB)
  ✓ drive-ch24-p36-x01  (27 chars, 18KB)
  ✓ drive-ch24-p38  (118 chars, 60KB)
  ✓ drive-ch24-p22  (732 chars, 345KB)
  ✓ drive-ch24-p39  (105 chars, 55KB)
  ✓ drive-ch24-p41  (97 chars, 50KB)
  ✓ drive-ch24-p37  (117 chars, 63KB)
  ✓ drive-ch24-p42  (51 chars, 35KB)
  ✓ drive-ch24-p40  (110 chars, 57KB)
  ✓ drive-ch25-p01-x00  (17 chars, 13KB)
  ✓ drive-ch25-p00  (89 chars, 49KB)
  ✓ drive-ch25-p01-x01  (47 chars, 36KB)
  ✓ drive-ch25-p03  (111 chars, 60KB)
  ✓ drive-ch25-p02  (106 chars, 57KB)
  ✓ drive-ch25-p04  (91 chars, 51KB)
  ✓ drive-ch25-p05  (92 chars, 53KB)
  ✓ drive-ch25-p07  (92 chars, 49KB)
  ✓ drive-ch25-p06  (123 chars, 64KB)
  ✓ drive-ch25-p09  (120 chars, 68KB)
  ✓ drive-ch25-p08  (106 chars, 60KB)
  ✓ drive-ch25-p10  (72 chars, 37KB)
  ✓ drive-ch25-p12  (92 chars, 50KB)
  ✓ drive-ch25-p11  (125 chars, 65KB)
  ✓ drive-ch25-p14  (130 chars, 66KB)
  ✓ drive-ch25-p13  (118 chars, 62KB)
  ✓ drive-ch25-p15  (103 chars, 56KB)
  ✓ drive-ch25-p19  (97 chars, 54KB)
  ✓ drive-ch25-p17  (106 chars, 56KB)
  ✓ drive-ch25-p18  (138 chars, 72KB)
  ✓ drive-ch25-p22  (54 chars, 32KB)
  ✓ drive-ch25-p16  (203 chars, 95KB)
  ✓ drive-ch25-p23  (72 chars, 36KB)
  ✓ drive-ch25-p25  (58 chars, 36KB)
  ✓ drive-ch25-p26  (64 chars, 36KB)
  ✓ drive-ch25-p21  (638 chars, 310KB)
  ✓ drive-ch25-p28  (86 chars, 48KB)
  ✓ drive-ch25-p30  (115 chars, 58KB)
  ✓ drive-ch25-p31  (83 chars, 46KB)
  ✓ drive-ch25-p29  (109 chars, 53KB)
  ✓ drive-ch25-p32  (116 chars, 59KB)
  ✓ drive-ch25-p33  (111 chars, 59KB)
  ✓ drive-ch25-p35-x00  (35 chars, 27KB)
  ✓ drive-ch25-p34  (119 chars, 64KB)
  ✓ drive-ch25-p35-x01  (33 chars, 22KB)
  ✓ drive-ch25-p36  (88 chars, 51KB)
  ✓ drive-ch25-p37  (87 chars, 48KB)
  ✓ drive-ch25-p38  (100 chars, 52KB)
  ✓ drive-ch25-p39  (88 chars, 47KB)
  ✓ drive-ch26-p00  (54 chars, 36KB)
  ✓ drive-ch26-p01-x00  (28 chars, 18KB)
  ✓ drive-ch26-p01-x01  (25 chars, 15KB)
  ✓ drive-ch25-p40  (127 chars, 62KB)
  ✓ drive-ch25-p41  (54 chars, 36KB)
  ✓ drive-ch26-p02  (102 chars, 54KB)
  ✓ drive-ch26-p03  (91 chars, 45KB)
  ✓ drive-ch26-p05  (92 chars, 47KB)
  ✓ drive-ch26-p04  (96 chars, 50KB)
  ✓ drive-ch26-p06  (87 chars, 48KB)
  ✓ drive-ch26-p07  (73 chars, 40KB)
  ✓ drive-ch26-p08  (97 chars, 51KB)
  ✓ drive-ch26-p09  (91 chars, 50KB)
  ✓ drive-ch26-p11  (63 chars, 35KB)
  ✓ drive-ch26-p12  (110 chars, 57KB)
  ✓ drive-ch26-p13  (81 chars, 44KB)
  ✓ drive-ch26-p10  (152 chars, 78KB)
  ✓ drive-ch26-p15  (81 chars, 45KB)
  ✓ drive-ch26-p17  (71 chars, 39KB)
  ✓ drive-ch26-p16  (81 chars, 47KB)
  ✓ drive-ch26-p14  (102 chars, 55KB)
  ✓ drive-ch26-p19  (83 chars, 46KB)
  ✓ drive-ch26-p20  (124 chars, 62KB)
  ✓ drive-ch26-p21  (125 chars, 66KB)
  ✓ drive-ch26-p18  (143 chars, 77KB)
  ✓ drive-ch26-p27  (44 chars, 31KB)
  ✓ drive-ch26-p24  (44 chars, 31KB)
  ✓ drive-ch26-p25  (70 chars, 36KB)
  ✓ drive-ch26-p28  (62 chars, 32KB)
  ✓ drive-ch26-p30  (60 chars, 37KB)
  ✓ drive-ch26-p31  (87 chars, 46KB)
  ✓ drive-ch26-p32  (99 chars, 51KB)
  ✓ drive-ch26-p34  (108 chars, 55KB)
  ✓ drive-ch26-p23  (653 chars, 322KB)
  ✓ drive-ch26-p35  (108 chars, 55KB)
  ✓ drive-ch26-p33  (101 chars, 52KB)
  ✓ drive-ch26-p37-x01  (24 chars, 18KB)
  ✓ drive-ch26-p37-x00  (31 chars, 24KB)
  ✓ drive-ch26-p36  (137 chars, 72KB)
  ✓ drive-ch26-p38  (93 chars, 52KB)
  ✓ drive-ch26-p39  (80 chars, 45KB)
  ✓ drive-ch26-p42  (101 chars, 57KB)
  ✓ drive-ch26-p40  (120 chars, 64KB)
  ✓ drive-ch26-p41  (121 chars, 61KB)
  ✓ drive-ch27-p01-x00  (17 chars, 13KB)
  ✓ drive-ch26-p43  (79 chars, 46KB)
  ✓ drive-ch26-p44  (49 chars, 35KB)
  ✓ drive-ch27-p00  (95 chars, 53KB)
  ✓ drive-ch27-p01-x01  (64 chars, 35KB)
  ✓ drive-ch27-p02  (72 chars, 44KB)
  ✓ drive-ch27-p04  (105 chars, 55KB)
  ✓ drive-ch27-p03  (94 chars, 50KB)
  ✓ drive-ch27-p05  (110 chars, 56KB)
  ✓ drive-ch27-p06  (86 chars, 47KB)
  ✓ drive-ch27-p08  (110 chars, 55KB)
  ✓ drive-ch27-p07  (93 chars, 48KB)
  ✓ drive-ch27-p09  (146 chars, 74KB)
  ✓ drive-ch27-p10  (63 chars, 38KB)
  ✓ drive-ch27-p11  (81 chars, 44KB)
  ✓ drive-ch27-p12  (124 chars, 64KB)
  ✓ drive-ch27-p13  (106 chars, 55KB)
  ✓ drive-ch27-p15  (77 chars, 44KB)
  ✓ drive-ch27-p17  (106 chars, 55KB)
  ✓ drive-ch27-p16  (94 chars, 52KB)
  ✓ drive-ch27-p14  (95 chars, 52KB)
  ✓ drive-ch27-p19  (69 chars, 43KB)
  ✓ drive-ch27-p21  (54 chars, 38KB)
  ✓ drive-ch27-p18  (144 chars, 71KB)
  ✓ drive-ch27-p20  (134 chars, 73KB)
  ✓ drive-ch27-p25  (70 chars, 37KB)
  ✓ drive-ch27-p24  (62 chars, 39KB)
  ✓ drive-ch27-p27  (69 chars, 40KB)
  ✓ drive-ch27-p28  (62 chars, 34KB)
  ✓ drive-ch27-p31  (88 chars, 47KB)
  ✓ drive-ch27-p23  (766 chars, 387KB)
  ✓ drive-ch27-p30  (87 chars, 49KB)
  ✓ drive-ch27-p32  (122 chars, 65KB)
  ✓ drive-ch27-p33  (95 chars, 52KB)
  ✓ drive-ch27-p35  (80 chars, 44KB)
  ✓ drive-ch27-p34  (104 chars, 54KB)
  ✓ drive-ch27-p37-x00  (35 chars, 26KB)
  ✓ drive-ch27-p37-x01  (48 chars, 26KB)
  ✓ drive-ch27-p36  (117 chars, 59KB)
  ✓ drive-ch27-p38  (94 chars, 50KB)
  ✓ drive-ch27-p40  (94 chars, 51KB)
  ✓ drive-ch27-p39  (70 chars, 42KB)
  ✓ drive-ch27-p41  (128 chars, 64KB)
  ✓ drive-ch27-p44  (55 chars, 35KB)
  ✓ drive-ch27-p42  (74 chars, 39KB)
  ✓ drive-ch28-p00  (66 chars, 41KB)
  ✓ drive-ch28-p01-x00  (29 chars, 18KB)
  ✓ drive-ch27-p43  (112 chars, 58KB)
  ✓ drive-ch28-p02  (87 chars, 50KB)
  ✓ drive-ch28-p01-x01  (51 chars, 29KB)
  ✓ drive-ch28-p04  (80 chars, 45KB)
  ✓ drive-ch28-p03  (84 chars, 47KB)
  ✓ drive-ch28-p05  (112 chars, 63KB)
  ✓ drive-ch28-p06  (97 chars, 53KB)
  ✓ drive-ch28-p07  (78 chars, 45KB)
  ✓ drive-ch28-p08  (101 chars, 55KB)
  ✓ drive-ch28-p09  (89 chars, 48KB)
  ✓ drive-ch28-p13  (64 chars, 34KB)
  ✓ drive-ch28-p10  (124 chars, 63KB)
  ✓ drive-ch28-p12  (78 chars, 43KB)
  ✓ drive-ch28-p14  (112 chars, 57KB)
  ✓ drive-ch28-p11  (126 chars, 67KB)
  ✓ drive-ch28-p15  (105 chars, 55KB)
  ✓ drive-ch28-p16  (88 chars, 48KB)
  ✓ drive-ch28-p17  (99 chars, 49KB)
  ✓ drive-ch28-p19  (79 chars, 42KB)
  ✓ drive-ch28-p18  (82 chars, 44KB)
  ✓ drive-ch28-p20  (108 chars, 56KB)
  ✓ drive-ch28-p21  (126 chars, 62KB)
  ✓ drive-ch28-p22  (97 chars, 52KB)
  ✓ drive-ch28-p24  (58 chars, 31KB)
  ✓ drive-ch28-p26  (63 chars, 38KB)
  ✓ drive-ch28-p23  (152 chars, 75KB)
  ✓ drive-ch28-p29  (52 chars, 34KB)
  ✓ drive-ch28-p27  (68 chars, 35KB)
  ✓ drive-ch28-p30  (60 chars, 34KB)
  ✓ drive-ch28-p32  (67 chars, 43KB)
  ✓ drive-ch28-p33  (98 chars, 53KB)
  ✓ drive-ch28-p34  (107 chars, 56KB)
  ✓ drive-ch28-p36  (86 chars, 45KB)
  ✓ drive-ch28-p37  (93 chars, 51KB)
  ✓ drive-ch28-p35  (123 chars, 63KB)
  ✓ drive-ch28-p38  (103 chars, 55KB)
  ✓ drive-ch28-p40-x00  (36 chars, 26KB)
  ✓ drive-ch28-p39  (118 chars, 60KB)
  ✓ drive-ch28-p40-x01  (46 chars, 25KB)
  ✓ drive-ch28-p25  (610 chars, 303KB)
  ✓ drive-ch28-p42  (117 chars, 58KB)
  ✓ drive-ch28-p43  (120 chars, 61KB)
  ✓ drive-ch28-p41  (87 chars, 47KB)
  ✓ drive-ch28-p44  (104 chars, 53KB)
  ✓ drive-ch28-p47  (58 chars, 39KB)
  ✓ drive-ch28-p46  (56 chars, 28KB)
  ✓ drive-ch28-p45  (152 chars, 79KB)
  ✓ drive-ch29-p01-x00  (15 chars, 12KB)
  ✓ drive-ch29-p00  (64 chars, 38KB)
  ✓ drive-ch29-p01-x01  (56 chars, 29KB)
  ✓ drive-ch29-p02  (78 chars, 46KB)
  ✓ drive-ch29-p06  (63 chars, 38KB)
  ✓ drive-ch29-p03  (65 chars, 36KB)
  ✓ drive-ch29-p04  (102 chars, 55KB)
  ✓ drive-ch29-p05  (94 chars, 52KB)
  ✓ drive-ch29-p07  (58 chars, 31KB)
  ✓ drive-ch29-p08  (104 chars, 51KB)
  ✓ drive-ch29-p09  (171 chars, 84KB)
  ✓ drive-ch29-p10  (162 chars, 81KB)
  ✓ drive-ch29-p12  (66 chars, 34KB)
  ✓ drive-ch29-p11  (104 chars, 53KB)
  ✓ drive-ch29-p13  (87 chars, 51KB)
  ✓ drive-ch29-p14  (122 chars, 61KB)
  ✓ drive-ch29-p17  (97 chars, 52KB)
  ✓ drive-ch29-p15  (80 chars, 44KB)
  ✓ drive-ch29-p16  (68 chars, 36KB)
  ✓ drive-ch29-p18  (97 chars, 52KB)
  ✓ drive-ch29-p21  (149 chars, 78KB)
  ✓ drive-ch29-p20  (93 chars, 48KB)
  ✓ drive-ch29-p19  (88 chars, 47KB)
  ✓ drive-ch29-p25  (67 chars, 35KB)
  ✓ drive-ch29-p24  (54 chars, 33KB)
  ✓ drive-ch29-p27  (50 chars, 34KB)
  ✓ drive-ch29-p28  (59 chars, 33KB)
  ✓ drive-ch29-p31  (82 chars, 44KB)
  ✓ drive-ch29-p32  (86 chars, 44KB)
  ✓ drive-ch29-p30  (83 chars, 47KB)
  ✓ drive-ch29-p33  (88 chars, 46KB)
  ✓ drive-ch29-p23  (791 chars, 387KB)
  ✓ drive-ch29-p34  (91 chars, 47KB)
  ✓ drive-ch29-p35  (84 chars, 48KB)
  ✓ drive-ch29-p37-x00  (30 chars, 19KB)
  ✓ drive-ch29-p37-x01  (49 chars, 28KB)
  ✓ drive-ch29-p36  (89 chars, 50KB)
  ✓ drive-ch29-p38  (108 chars, 57KB)
  ✓ drive-ch29-p40  (89 chars, 48KB)
  ✓ drive-ch29-p39  (89 chars, 49KB)
  ✓ drive-ch29-p42  (91 chars, 50KB)
  ✓ drive-ch29-p41  (86 chars, 47KB)
  ✓ drive-ch30-p00  (60 chars, 37KB)
  ✓ drive-ch29-p43  (112 chars, 62KB)
  ✓ drive-ch30-p01-x00  (29 chars, 19KB)
  ✓ drive-ch30-p01-x01  (41 chars, 28KB)
  ✓ drive-ch29-p44  (51 chars, 37KB)
  ✓ drive-ch30-p03  (66 chars, 38KB)
  ✓ drive-ch30-p02  (75 chars, 45KB)
  ✓ drive-ch30-p04  (125 chars, 66KB)
  ✓ drive-ch30-p05  (113 chars, 59KB)
  ✓ drive-ch30-p08  (57 chars, 35KB)
  ✓ drive-ch30-p07  (88 chars, 48KB)
  ✓ drive-ch30-p06  (60 chars, 34KB)
  ✓ drive-ch30-p09  (85 chars, 46KB)
  ✓ drive-ch30-p10  (90 chars, 49KB)
  ✓ drive-ch30-p11  (62 chars, 32KB)
  ✓ drive-ch30-p12  (90 chars, 47KB)
  ✓ drive-ch30-p13  (121 chars, 60KB)
  ✓ drive-ch30-p16  (66 chars, 35KB)
  ✓ drive-ch30-p17  (90 chars, 46KB)
  ✓ drive-ch30-p15  (98 chars, 52KB)
  ✓ drive-ch30-p14  (125 chars, 61KB)
  ✓ drive-ch30-p18  (106 chars, 56KB)
  ✓ drive-ch30-p19  (101 chars, 54KB)
  ✓ drive-ch30-p24  (56 chars, 35KB)
  ✓ drive-ch30-p20  (175 chars, 86KB)
  ✓ drive-ch30-p21  (156 chars, 82KB)
  ✓ drive-ch30-p25  (69 chars, 37KB)
  ✓ drive-ch30-p27  (55 chars, 35KB)
  ✓ drive-ch30-p28  (61 chars, 34KB)
  ✓ drive-ch30-p23  (584 chars, 290KB)
  ✓ drive-ch30-p30  (72 chars, 43KB)
  ✓ drive-ch30-p31  (90 chars, 49KB)
  ✓ drive-ch30-p33  (64 chars, 38KB)
  ✓ drive-ch30-p32  (91 chars, 49KB)
  ✓ drive-ch30-p34  (104 chars, 55KB)
  ✓ drive-ch30-p37-x00  (32 chars, 24KB)
  ✓ drive-ch30-p35  (66 chars, 38KB)
  ✓ drive-ch30-p37-x01  (42 chars, 21KB)
  ✓ drive-ch30-p36  (97 chars, 51KB)
  ✓ drive-ch30-p38  (87 chars, 43KB)
  ✓ drive-ch30-p40  (98 chars, 49KB)
  ✓ drive-ch30-p39  (76 chars, 43KB)
  ✓ drive-ch30-p41  (85 chars, 46KB)
  ✓ drive-ch30-p44  (53 chars, 35KB)
  ✓ drive-ch30-p43  (110 chars, 56KB)
  ✓ drive-ch30-p42  (79 chars, 43KB)
  ✓ drive-ch31-p01-x00  (61 chars, 45KB)
  ✓ drive-ch31-p00  (64 chars, 39KB)
  ✓ drive-ch31-p01-x01  (24 chars, 14KB)
  ✓ drive-ch31-p02  (85 chars, 48KB)
  ✓ drive-ch31-p05  (112 chars, 59KB)
  ✓ drive-ch31-p03  (87 chars, 47KB)
  ✓ drive-ch31-p04  (107 chars, 54KB)
  ✓ drive-ch31-p06  (66 chars, 41KB)
  ✓ drive-ch31-p07  (114 chars, 62KB)
  ✓ drive-ch31-p08  (65 chars, 39KB)
  ✓ drive-ch31-p09  (115 chars, 62KB)
  ✓ drive-ch31-p11  (77 chars, 43KB)
  ✓ drive-ch31-p10  (57 chars, 31KB)
  ✓ drive-ch31-p12  (82 chars, 44KB)
  ✓ drive-ch31-p13  (125 chars, 66KB)
  ✓ drive-ch31-p15  (111 chars, 59KB)
  ✓ drive-ch31-p14  (90 chars, 45KB)
  ✓ drive-ch31-p17  (71 chars, 40KB)
  ✓ drive-ch31-p19  (76 chars, 41KB)
  ✓ drive-ch31-p18  (111 chars, 58KB)
  ✓ drive-ch31-p16  (95 chars, 53KB)
  ✓ drive-ch31-p21  (100 chars, 55KB)
  ✓ drive-ch31-p22  (70 chars, 39KB)
  ✓ drive-ch31-p20  (125 chars, 60KB)
  ✓ drive-ch31-p23  (129 chars, 63KB)
  ✓ drive-ch31-p26  (130 chars, 65KB)
  ✓ drive-ch31-p27  (92 chars, 51KB)
  ✓ drive-ch31-p24  (110 chars, 58KB)
  ✓ drive-ch31-p25  (115 chars, 59KB)
  ✓ drive-ch31-p30  (60 chars, 37KB)
  ✓ drive-ch31-p31  (70 chars, 38KB)
  ✓ drive-ch31-p33  (45 chars, 33KB)
  ✓ drive-ch31-p34  (62 chars, 35KB)
  ✓ drive-ch31-p37  (83 chars, 45KB)
  ✓ drive-ch31-p36  (84 chars, 49KB)
  ✓ drive-ch31-p38  (103 chars, 53KB)
  ✓ drive-ch31-p39  (90 chars, 48KB)
  ✓ drive-ch31-p40  (95 chars, 55KB)
  ✓ drive-ch31-p41  (94 chars, 50KB)
  ✓ drive-ch31-p43-x00  (34 chars, 25KB)
  ✓ drive-ch31-p43-x01  (41 chars, 23KB)
  ✓ drive-ch31-p29  (836 chars, 406KB)
  ✓ drive-ch31-p42  (95 chars, 50KB)
  ✓ drive-ch31-p44  (76 chars, 41KB)
  ✓ drive-ch31-p45  (96 chars, 48KB)
  ✓ drive-ch31-p46  (58 chars, 34KB)
  ✓ drive-ch31-p47  (146 chars, 71KB)
  ✓ drive-ch31-p49  (75 chars, 39KB)
  ✓ drive-ch31-p50  (58 chars, 38KB)
  ✓ drive-ch31-p48  (159 chars, 81KB)
  ✓ drive-ch32-p02-x00  (14 chars, 12KB)
  ✓ drive-ch32-p00  (96 chars, 53KB)
  ✓ drive-ch32-p01  (100 chars, 56KB)
  ✓ drive-ch32-p02-x01  (40 chars, 20KB)
  ✓ drive-ch32-p05  (71 chars, 40KB)
  ✓ drive-ch32-p04  (101 chars, 50KB)
  ✓ drive-ch32-p03  (94 chars, 52KB)
  ✓ drive-ch32-p06  (112 chars, 58KB)
  ✓ drive-ch32-p07  (87 chars, 48KB)
  ✓ drive-ch32-p08  (62 chars, 31KB)
  ✓ drive-ch32-p09  (76 chars, 43KB)
  ✓ drive-ch32-p11  (82 chars, 43KB)
  ✓ drive-ch32-p13  (108 chars, 58KB)
  ✓ drive-ch32-p10  (114 chars, 57KB)
  ✓ drive-ch32-p14  (48 chars, 27KB)
  ✓ drive-ch32-p12  (102 chars, 52KB)
  ✓ drive-ch32-p15  (96 chars, 51KB)
  ✓ drive-ch32-p16  (101 chars, 55KB)
  ✓ drive-ch32-p17  (114 chars, 60KB)
  ✓ drive-ch32-p18  (97 chars, 51KB)
  ✓ drive-ch32-p19  (105 chars, 54KB)
  ✓ drive-ch32-p20  (46 chars, 25KB)
  ✓ drive-ch32-p22  (105 chars, 59KB)
  ✓ drive-ch32-p21  (101 chars, 57KB)
  ✓ drive-ch32-p24  (134 chars, 70KB)
  ✓ drive-ch32-p23  (120 chars, 67KB)
  ✓ drive-ch32-p25  (121 chars, 59KB)
  ✓ drive-ch32-p26  (65 chars, 34KB)
  ✓ drive-ch32-p28  (47 chars, 30KB)
  ✓ drive-ch32-p32  (61 chars, 33KB)
  ✓ drive-ch32-p31  (59 chars, 37KB)
  ✓ drive-ch32-p29  (69 chars, 35KB)
  ✓ drive-ch32-p35-x00  (12 chars, 11KB)
  ✓ drive-ch32-p35-x01  (52 chars, 27KB)
  ✓ drive-ch32-p34  (69 chars, 38KB)
  ✓ drive-ch32-p38  (115 chars, 63KB)
  ✓ drive-ch32-p37  (97 chars, 50KB)
  ✓ drive-ch32-p36  (72 chars, 38KB)
  ✓ drive-ch32-p41-x00  (29 chars, 17KB)
  ✓ drive-ch32-p27  (976 chars, 495KB)
  ✓ drive-ch32-p39  (95 chars, 49KB)
  ✓ drive-ch32-p41-x01  (24 chars, 14KB)
  ✓ drive-ch32-p42  (54 chars, 34KB)
  ✓ drive-ch32-p43  (93 chars, 49KB)
  ✓ drive-ch32-p40  (95 chars, 54KB)
  ✓ drive-ch32-p46  (89 chars, 45KB)
  ✓ drive-ch32-p44  (85 chars, 46KB)
  ✓ drive-ch32-p47  (79 chars, 45KB)
  ✓ drive-ch32-p45  (77 chars, 43KB)
  ✓ drive-ch32-p49  (53 chars, 36KB)
  ✓ drive-ch32-p48  (105 chars, 58KB)

[bedtime] rendering 99/99 segments into audio/bedtime/…
  ch00-core        core   00:08:43.00     868 KB
  ch00-medium      medium 00:02:39.42     260 KB
  ch00-long        long   00:01:46.04     163 KB
  ch01-core        core   00:08:39.97     853 KB
  ch01-medium      medium 00:01:39.10     159 KB
  ch01-long        long   00:01:56.49     185 KB
  ch02-core        core   00:07:52.29     777 KB
  ch02-medium      medium 00:01:21.17     127 KB
  ch02-long        long   00:01:41.48     159 KB
  ch03-core        core   00:08:33.71     856 KB
  ch03-medium      medium 00:01:23.73     134 KB
  ch03-long        long   00:01:23.09     129 KB
  ch04-core        core   00:08:06.01     802 KB
  ch04-medium      medium 00:01:38.17     159 KB
  ch04-long        long   00:01:46.79     166 KB
  ch05-core        core   00:07:33.57     739 KB
  ch05-medium      medium 00:01:10.70     109 KB
  ch05-long        long   00:01:19.04     123 KB
  ch06-core        core   00:07:54.82     788 KB
  ch06-medium      medium 00:01:23.01     130 KB
  ch06-long        long   00:01:27.42     136 KB
  ch07-core        core   00:08:08.41     811 KB
  ch07-medium      medium 00:01:10.64     109 KB
  ch07-long        long   00:01:32.30     143 KB
  ch08-core        core   00:08:02.65     797 KB
  ch08-medium      medium 00:01:09.41     112 KB
  ch08-long        long   00:01:32.40     140 KB
  ch09-core        core   00:06:50.11     667 KB
  ch09-medium      medium 00:01:17.64     124 KB
  ch09-long        long   00:01:30.90     138 KB
  ch10-core        core   00:07:44.03     769 KB
  ch10-medium      medium 00:01:13.27     118 KB
  ch10-long        long   00:01:34.17     145 KB
  ch11-core        core   00:07:37.74     752 KB
  ch11-medium      medium 00:01:22.28     129 KB
  ch11-long        long   00:01:35.36     147 KB
  ch12-core        core   00:08:56.70     882 KB
  ch12-medium      medium 00:01:14.06     116 KB
  ch12-long        long   00:01:36.13     153 KB
  ch13-core        core   00:08:35.10     837 KB
  ch13-medium      medium 00:01:09.63     110 KB
  ch13-long        long   00:01:30.76     141 KB
  ch14-core        core   00:08:51.79     894 KB
  ch14-medium      medium 00:01:17.42     124 KB
  ch14-long        long   00:01:29.77     140 KB
  ch15-core        core   00:09:00.80     898 KB
  ch15-medium      medium 00:01:29.86     145 KB
  ch15-long        long   00:01:41.65     160 KB
  ch16-core        core   00:08:03.05     794 KB
  ch16-medium      medium 00:01:49.35     176 KB
  ch16-long        long   00:01:39.93     159 KB
  ch17-core        core   00:08:50.88     897 KB
  ch17-medium      medium 00:01:35.24     150 KB
  ch17-long        long   00:01:40.83     161 KB
  ch18-core        core   00:09:32.39     949 KB
  ch18-medium      medium 00:01:41.62     160 KB
  ch18-long        long   00:01:32.84     144 KB
  ch19-core        core   00:09:27.60     955 KB
  ch19-medium      medium 00:01:35.21     154 KB
  ch19-long        long   00:01:37.52     151 KB
  ch20-core        core   00:09:39.04     968 KB
  ch20-medium      medium 00:01:32.65     145 KB
  ch20-long        long   00:01:48.68     173 KB
  ch21-core        core   00:09:51.77     989 KB
  ch21-medium      medium 00:01:42.08     164 KB
  ch21-long        long   00:01:44.07     164 KB
  ch22-core        core   00:09:17.06     922 KB
  ch22-medium      medium 00:01:37.74     155 KB
  ch22-long        long   00:01:50.53     173 KB
  ch23-core        core   00:10:37.66    1065 KB
  ch23-medium      medium 00:01:35.07     153 KB
  ch23-long        long   00:01:50.05     171 KB
  ch24-core        core   00:10:00.79     997 KB
  ch24-medium      medium 00:01:37.73     155 KB
  ch24-long        long   00:01:40.42     158 KB
  ch25-core        core   00:10:15.11    1012 KB
  ch25-medium      medium 00:01:44.19     167 KB
  ch25-long        long   00:01:34.77     148 KB
  ch26-core        core   00:09:59.09     978 KB
  ch26-medium      medium 00:01:40.57     160 KB
  ch26-long        long   00:01:49.58     172 KB
  ch27-core        core   00:10:48.32    1089 KB
  ch27-medium      medium 00:01:44.23     165 KB
  ch27-long        long   00:01:48.20     169 KB
  ch28-core        core   00:10:25.68    1024 KB
  ch28-medium      medium 00:01:56.20     186 KB
  ch28-long        long   00:01:58.73     186 KB
  ch29-core        core   00:10:31.31    1059 KB
  ch29-medium      medium 00:01:31.57     144 KB
  ch29-long        long   00:01:47.92     171 KB
  ch30-core        core   00:09:35.94     946 KB
  ch30-medium      medium 00:01:31.38     142 KB
  ch30-long        long   00:01:42.16     157 KB
  ch31-core        core   00:12:25.08    1238 KB
  ch31-medium      medium 00:01:39.39     155 KB
  ch31-long        long   00:01:56.58     180 KB
  ch32-core        core   00:12:47.85    1294 KB
  ch32-medium      medium 00:01:32.93     145 KB
  ch32-long        long   00:01:53.81     172 KB
  outro            all    00:00:25.00  (silent, bed only)
  core   05:02:54.82   30.9 MB  34 files
  medium 05:52:51.98   35.9 MB  67 files
  long   06:47:22.89   41.2 MB  100 files

[drive] rendering 99/99 segments into audio/drive/…
  ch00-core        core   00:06:12.70     671 KB
  ch00-medium      medium 00:01:58.32     209 KB
  ch00-long        long   00:01:15.63     127 KB
  ch01-core        core   00:06:08.43     659 KB
  ch01-medium      medium 00:01:09.96     122 KB
  ch01-long        long   00:01:24.38     146 KB
  ch02-core        core   00:05:38.52     605 KB
  ch02-medium      medium 00:00:56.21      96 KB
  ch02-long        long   00:01:12.97     123 KB
  ch03-core        core   00:06:10.70     670 KB
  ch03-medium      medium 00:01:01.03     105 KB
  ch03-long        long   00:00:59.95     100 KB
  ch04-core        core   00:05:54.33     633 KB
  ch04-medium      medium 00:01:11.27     124 KB
  ch04-long        long   00:01:17.59     130 KB
  ch05-core        core   00:05:23.41     574 KB
  ch05-medium      medium 00:00:49.85      84 KB
  ch05-long        long   00:00:56.74      95 KB
  ch06-core        core   00:05:43.36     614 KB
  ch06-medium      medium 00:00:59.69     101 KB
  ch06-long        long   00:01:03.69     107 KB
  ch07-core        core   00:05:54.75     635 KB
  ch07-medium      medium 00:00:50.38      85 KB
  ch07-long        long   00:01:07.31     112 KB
  ch08-core        core   00:05:47.59     624 KB
  ch08-medium      medium 00:00:50.86      88 KB
  ch08-long        long   00:01:05.94     108 KB
  ch09-core        core   00:04:51.68     516 KB
  ch09-medium      medium 00:00:56.64      97 KB
  ch09-long        long   00:01:09.51     117 KB
  ch10-core        core   00:05:34.95     601 KB
  ch10-medium      medium 00:00:53.74      93 KB
  ch10-long        long   00:01:08.24     113 KB
  ch11-core        core   00:05:27.21     587 KB
  ch11-medium      medium 00:00:58.65      99 KB
  ch11-long        long   00:01:07.82     113 KB
  ch12-core        core   00:06:24.50     687 KB
  ch12-medium      medium 00:00:53.22      91 KB
  ch12-long        long   00:01:09.42     119 KB
  ch13-core        core   00:06:02.40     647 KB
  ch13-medium      medium 00:00:49.60      85 KB
  ch13-long        long   00:01:06.86     112 KB
  ch14-core        core   00:06:28.58     705 KB
  ch14-medium      medium 00:00:55.78      96 KB
  ch14-long        long   00:01:06.06     111 KB
  ch15-core        core   00:06:26.58     697 KB
  ch15-medium      medium 00:01:05.11     113 KB
  ch15-long        long   00:01:12.25     123 KB
  ch16-core        core   00:05:46.47     618 KB
  ch16-medium      medium 00:01:19.45     138 KB
  ch16-long        long   00:01:12.67     125 KB
  ch17-core        core   00:06:30.42     706 KB
  ch17-medium      medium 00:01:08.27     115 KB
  ch17-long        long   00:01:14.17     127 KB
  ch18-core        core   00:06:46.34     737 KB
  ch18-medium      medium 00:01:13.53     124 KB
  ch18-long        long   00:01:06.31     111 KB
  ch19-core        core   00:06:58.90     761 KB
  ch19-medium      medium 00:01:09.62     122 KB
  ch19-long        long   00:01:09.27     117 KB
  ch20-core        core   00:06:57.89     756 KB
  ch20-medium      medium 00:01:06.22     112 KB
  ch20-long        long   00:01:19.84     136 KB
  ch21-core        core   00:07:09.24     775 KB
  ch21-medium      medium 00:01:13.76     128 KB
  ch21-long        long   00:01:13.67     126 KB
  ch22-core        core   00:06:43.15     723 KB
  ch22-medium      medium 00:01:10.50     122 KB
  ch22-long        long   00:01:19.87     135 KB
  ch23-core        core   00:07:41.92     837 KB
  ch23-medium      medium 00:01:09.44     120 KB
  ch23-long        long   00:01:18.62     132 KB
  ch24-core        core   00:07:09.33     778 KB
  ch24-medium      medium 00:01:09.83     120 KB
  ch24-long        long   00:01:11.32     121 KB
  ch25-core        core   00:07:06.29     775 KB
  ch25-medium      medium 00:01:15.87     132 KB
  ch25-long        long   00:01:08.63     116 KB
  ch26-core        core   00:07:01.23     760 KB
  ch26-medium      medium 00:01:12.66     125 KB
  ch26-long        long   00:01:19.46     135 KB
  ch27-core        core   00:07:48.50     853 KB
  ch27-medium      medium 00:01:13.17     126 KB
  ch27-long        long   00:01:18.30     132 KB
  ch28-core        core   00:07:20.24     790 KB
  ch28-medium      medium 00:01:24.19     145 KB
  ch28-long        long   00:01:22.43     141 KB
  ch29-core        core   00:07:35.99     835 KB
  ch29-medium      medium 00:01:05.79     111 KB
  ch29-long        long   00:01:18.58     134 KB
  ch30-core        core   00:06:47.88     733 KB
  ch30-medium      medium 00:01:05.19     110 KB
  ch30-long        long   00:01:12.67     122 KB
  ch31-core        core   00:08:52.38     966 KB
  ch31-medium      medium 00:01:10.32     119 KB
  ch31-long        long   00:01:20.12     136 KB
  ch32-core        core   00:09:11.91    1011 KB
  ch32-medium      medium 00:01:06.85     112 KB
  ch32-long        long   00:01:18.64     131 KB
  outro            all    00:00:06.00  (silent, bed only)
  core   03:36:54.27   24.1 MB  34 files
  medium 04:12:39.74   28.0 MB  67 files
  long   04:51:39.17   32.1 MB  100 files

✓ audio/ + chapters.txt + manifest.json/.js
