28 chapters, 1081 paragraphs, 136920 chars (core 556) (medium 209) (long 316)
Voice ne-NP-SagarNeural  rate -20%  pitch -3Hz  volume -12%

[bedtime] Bedtime: rate -20% pitch -3Hz, one clip per sentence
  · 354 repeated clip(s) will be copied, not re-synthesized
  ✓ ch01-p00-s01  (39 chars, 27KB)
  ✓ ch01-p00-s00  (29 chars, 22KB)
  ✓ ch01-p01-s01  (19 chars, 16KB)
  ✓ ch01-p01-s00  (22 chars, 17KB)
  ✓ ch01-p00-s02  (73 chars, 40KB)
  ✓ ch01-p02-s00  (52 chars, 31KB)
  ✓ ch01-p01-s02  (24 chars, 17KB)
  ✓ ch01-p02-s01  (24 chars, 17KB)
  ✓ ch01-p03-s00  (30 chars, 21KB)
  ✓ ch01-p04-s00  (37 chars, 25KB)
  ✓ ch01-p03-s01  (49 chars, 44KB)
  ✓ ch01-p04-s01  (19 chars, 16KB)
  ✓ ch01-p02-s02  (72 chars, 40KB)
  ✓ ch01-p04-s03  (49 chars, 29KB)
  ✓ ch01-p04-s02  (33 chars, 21KB)
  ✓ ch01-p05-s01  (18 chars, 15KB)
  ✓ ch01-p05-s00  (23 chars, 18KB)
  ✓ ch01-p05-s02  (87 chars, 47KB)
  ✓ ch01-p06-s01  (44 chars, 27KB)
  ✓ ch01-p06-s00  (32 chars, 21KB)
  ✓ ch01-p06-s02  (65 chars, 36KB)
  ✓ ch01-p07-s00  (20 chars, 16KB)
  ✓ ch01-p07-s01  (28 chars, 19KB)
  ✓ ch01-p08-s00  (14 chars, 14KB)
  ✓ ch01-p08-s01  (35 chars, 23KB)
  ✓ ch01-p09-s00  (35 chars, 23KB)
  ✓ ch01-p08-s02  (57 chars, 46KB)
  ✓ ch01-p08-s03  (88 chars, 49KB)
  ✓ ch01-p09-s02  (52 chars, 32KB)
  ✓ ch01-p09-s01  (88 chars, 50KB)
  ✓ ch01-p10-s00  (54 chars, 31KB)
  ✓ ch01-p10-s01  (17 chars, 16KB)
  ✓ ch01-p11-s01  (28 chars, 18KB)
  ✓ ch01-p11-s00  (74 chars, 41KB)
  ✓ ch01-p11-s03  (80 chars, 55KB)
  ✓ ch01-p11-s04  (62 chars, 50KB)
  ✓ ch01-p12-s00  (25 chars, 20KB)
  ✓ ch01-p12-s01  (36 chars, 23KB)
  ✓ ch01-p11-s05  (84 chars, 45KB)
  ✓ ch01-p12-s02  (27 chars, 18KB)
  ✓ ch01-p13-s00  (31 chars, 20KB)
  ✓ ch01-p11-s02  (105 chars, 69KB)
  ✓ ch01-p13-s02  (47 chars, 29KB)
  ✓ ch01-p14-s00  (31 chars, 22KB)
  ✓ ch01-p13-s01  (115 chars, 73KB)
  ✓ ch01-p14-s01  (73 chars, 39KB)
  ✓ ch01-p14-s02  (20 chars, 16KB)
  ✓ ch01-p14-s03  (52 chars, 30KB)
  ✓ ch01-p15-s01  (30 chars, 21KB)
  ✓ ch01-p15-s00  (35 chars, 24KB)
  ✓ ch01-p17-s00  (21 chars, 18KB)
  ✓ ch01-p17-s01  (30 chars, 22KB)
  ✓ ch01-p18-s00  (48 chars, 43KB)
  ✓ ch01-p20-s00  (47 chars, 29KB)
  ✓ ch01-p20-s01  (20 chars, 17KB)
  ✓ ch01-p21-s00  (32 chars, 22KB)
  ✓ ch01-p21-s01  (21 chars, 18KB)
  ✓ ch01-p21-s03  (29 chars, 22KB)
  ✓ ch01-p21-s02  (75 chars, 52KB)
  ✓ ch01-p22-s00  (43 chars, 28KB)
  ✓ ch01-p22-s01  (47 chars, 28KB)
  ✓ ch01-p23-s00  (17 chars, 15KB)
  ✓ ch01-p22-s02  (41 chars, 25KB)
  ✓ ch01-p23-s01  (29 chars, 22KB)
  ✓ ch01-p23-s02  (38 chars, 41KB)
  ✓ ch01-p23-s04  (65 chars, 36KB)
  ✓ ch01-p24-s00  (23 chars, 18KB)
  ✓ ch01-p23-s03  (53 chars, 32KB)
  ✓ ch01-p24-s01  (40 chars, 26KB)
  ✓ ch01-p24-s03  (27 chars, 19KB)
  ✓ ch01-p24-s02  (78 chars, 44KB)
  ✓ ch01-p25-s01  (30 chars, 22KB)
  ✓ ch01-p25-s00  (51 chars, 29KB)
  ✓ ch01-p26-s00  (35 chars, 24KB)
  ✓ ch01-p26-s01  (38 chars, 25KB)
  ✓ ch01-p25-s02  (92 chars, 50KB)
  ✓ ch01-p26-s02  (61 chars, 36KB)
  ✓ ch01-p27-s00  (64 chars, 38KB)
  ✓ ch01-p27-s01  (51 chars, 29KB)
  ✓ ch01-p28-s00  (23 chars, 18KB)
  ✓ ch01-p27-s02  (24 chars, 17KB)
  ✓ ch01-p28-s02  (26 chars, 18KB)
  ✓ ch01-p28-s01  (26 chars, 19KB)
  ✓ ch01-p28-s03  (71 chars, 38KB)
  ✓ ch01-p28-s04  (23 chars, 17KB)
  ✓ ch01-p29-s00  (37 chars, 25KB)
  ✓ ch01-p29-s02  (50 chars, 30KB)
  ✓ ch01-p29-s01  (52 chars, 31KB)
  ✓ ch01-p30-s00  (46 chars, 28KB)
  ✓ ch01-p30-s02  (42 chars, 26KB)
  ✓ ch01-p31-s00  (19 chars, 16KB)
  ✓ ch01-p31-s01  (25 chars, 19KB)
  ✓ ch01-p30-s01  (91 chars, 51KB)
  ✓ ch01-p31-s03  (20 chars, 16KB)
  ✓ ch01-p31-s02  (43 chars, 26KB)
  ✓ ch01-p32-s01  (26 chars, 20KB)
  ✓ ch01-p32-s00  (45 chars, 28KB)
  ✓ ch02-p00-s00  (34 chars, 21KB)
  ✓ ch01-p32-s02  (27 chars, 19KB)
  ✓ ch02-p00-s01  (63 chars, 36KB)
  ✓ ch02-p01-s00  (36 chars, 25KB)
  ✓ ch02-p01-s02  (94 chars, 64KB)
  ✓ ch02-p01-s01  (47 chars, 29KB)
  ✓ ch02-p02-s00  (52 chars, 33KB)
  ✓ ch02-p03-s02  (26 chars, 19KB)
  ✓ ch02-p03-s00  (31 chars, 22KB)
  ✓ ch02-p03-s03  (63 chars, 33KB)
  ✓ ch02-p03-s01  (63 chars, 69KB)
  ✓ ch02-p04-s00  (31 chars, 22KB)
  ✓ ch02-p04-s02  (19 chars, 16KB)
  ✓ ch02-p04-s03  (47 chars, 27KB)
  ✓ ch02-p04-s01  (70 chars, 58KB)
  ✓ ch02-p06-s00  (42 chars, 25KB)
  ✓ ch02-p05-s00  (74 chars, 40KB)
  ✓ ch02-p05-s01  (72 chars, 41KB)
  ✓ ch02-p06-s01  (43 chars, 26KB)
  ✓ ch02-p06-s02  (51 chars, 30KB)
  ✓ ch02-p07-s01  (50 chars, 29KB)
  ✓ ch02-p06-s03  (46 chars, 27KB)
  ✓ ch02-p08-s00  (24 chars, 18KB)
  ✓ ch02-p07-s00  (59 chars, 34KB)
  ✓ ch02-p09-s00  (38 chars, 25KB)
  ✓ ch02-p09-s01  (101 chars, 73KB)
  ✓ ch02-p09-s03  (114 chars, 59KB)
  ✓ ch02-p09-s04  (119 chars, 63KB)
  ✓ ch02-p09-s02  (113 chars, 79KB)
  ✓ ch02-p10-s00  (50 chars, 30KB)
  ✓ ch02-p10-s01  (31 chars, 20KB)
  ✓ ch02-p11-s00  (23 chars, 19KB)
  ✓ ch02-p10-s02  (43 chars, 26KB)
  ✓ ch02-p11-s01  (54 chars, 31KB)
  ✓ ch02-p12-s00  (34 chars, 23KB)
  ✓ ch02-p11-s02  (84 chars, 45KB)
  ✓ ch02-p12-s01  (88 chars, 46KB)
  ✓ ch02-p12-s02  (59 chars, 31KB)
  ✓ ch02-p13-s00  (30 chars, 20KB)
  ✓ ch02-p13-s01  (42 chars, 26KB)
  ✓ ch02-p15-s00  (20 chars, 17KB)
  ✓ ch02-p15-s01  (45 chars, 28KB)
  ✓ ch02-p18-s00  (24 chars, 18KB)
  ✓ ch02-p18-s01  (40 chars, 26KB)
  ✓ ch02-p18-s02  (27 chars, 20KB)
  ✓ ch02-p16-s00  (49 chars, 42KB)
  ✓ ch02-p19-s00  (49 chars, 30KB)
  ✓ ch02-p19-s02  (52 chars, 30KB)
  ✓ ch02-p19-s01  (51 chars, 28KB)
  ✓ ch02-p20-s00  (31 chars, 21KB)
  ✓ ch02-p20-s01  (58 chars, 32KB)
  ✓ ch02-p20-s02  (82 chars, 41KB)
  ✓ ch02-p21-s00  (31 chars, 22KB)
  ✓ ch02-p21-s01  (36 chars, 23KB)
  ✓ ch02-p20-s03  (85 chars, 47KB)
  ✓ ch02-p21-s02  (61 chars, 35KB)
  ✓ ch02-p22-s00  (22 chars, 17KB)
  ✓ ch02-p22-s02  (47 chars, 30KB)
  ✓ ch02-p23-s00  (49 chars, 29KB)
  ✓ ch02-p22-s03  (52 chars, 32KB)
  ✓ ch02-p22-s01  (87 chars, 45KB)
  ✓ ch02-p23-s01  (36 chars, 24KB)
  ✓ ch02-p23-s02  (72 chars, 40KB)
  ✓ ch02-p24-s00  (17 chars, 15KB)
  ✓ ch02-p24-s01  (35 chars, 23KB)
  ✓ ch02-p23-s03  (51 chars, 30KB)
  ✓ ch02-p24-s02  (37 chars, 22KB)
  ✓ ch02-p25-s01  (16 chars, 14KB)
  ✓ ch02-p25-s00  (62 chars, 36KB)
  ✓ ch02-p25-s02  (60 chars, 34KB)
  ✓ ch02-p26-s01  (35 chars, 23KB)
  ✓ ch02-p26-s00  (52 chars, 31KB)
  ✓ ch02-p26-s02  (44 chars, 27KB)
  ✓ ch02-p27-s00  (38 chars, 24KB)
  ✓ ch02-p27-s01  (51 chars, 29KB)
  ✓ ch02-p27-s02  (36 chars, 26KB)
  ✓ ch02-p27-s03  (63 chars, 37KB)
  ✓ ch02-p26-s03  (73 chars, 42KB)
  ✓ ch02-p28-s00  (25 chars, 19KB)
  ✓ ch02-p28-s02  (57 chars, 33KB)
  ✓ ch02-p29-s00  (38 chars, 24KB)
  ✓ ch02-p28-s01  (46 chars, 26KB)
  ✓ ch02-p29-s01  (45 chars, 28KB)
  ✓ ch02-p30-s00  (32 chars, 21KB)
  ✓ ch02-p29-s03  (46 chars, 27KB)
  ✓ ch02-p29-s02  (31 chars, 21KB)
  ✓ ch02-p30-s03  (43 chars, 26KB)
  ✓ ch02-p30-s02  (49 chars, 29KB)
  ✓ ch02-p30-s01  (44 chars, 28KB)
  ✓ ch02-p31-s00  (45 chars, 25KB)
  ✓ ch02-p31-s01  (75 chars, 42KB)
  ✓ ch02-p32-s00  (30 chars, 21KB)
  ✓ ch03-p00-s00  (19 chars, 17KB)
  ✓ ch03-p00-s01  (22 chars, 19KB)
  ✓ ch02-p32-s02  (26 chars, 18KB)
  ✓ ch02-p32-s01  (24 chars, 19KB)
  ✓ ch03-p01-s00  (47 chars, 29KB)
  ✓ ch03-p00-s02  (67 chars, 38KB)
  ✓ ch03-p03-s00  (18 chars, 15KB)
  ✓ ch03-p02-s00  (63 chars, 37KB)
  ✓ ch03-p03-s02  (52 chars, 32KB)
  ✓ ch03-p03-s01  (33 chars, 22KB)
  ✓ ch03-p02-s01  (19 chars, 16KB)
  ✓ ch03-p04-s00  (63 chars, 36KB)
  ✓ ch03-p05-s01  (67 chars, 37KB)
  ✓ ch03-p05-s00  (95 chars, 66KB)
  ✓ ch03-p06-s00  (83 chars, 60KB)
  ✓ ch03-p04-s01  (110 chars, 70KB)
  ✓ ch03-p06-s01  (60 chars, 35KB)
  ✓ ch03-p07-s00  (19 chars, 16KB)
  ✓ ch03-p08-s00  (37 chars, 24KB)
  ✓ ch03-p09-s00  (21 chars, 18KB)
  ✓ ch03-p08-s01  (84 chars, 45KB)
  ✓ ch03-p07-s01  (43 chars, 27KB)
  ✓ ch03-p08-s02  (63 chars, 37KB)
  ✓ ch03-p09-s01  (30 chars, 22KB)
  ✓ ch03-p10-s00  (32 chars, 21KB)
  ✓ ch03-p10-s03  (121 chars, 82KB)
  ✓ ch03-p10-s02  (91 chars, 62KB)
  ✓ ch03-p11-s01  (42 chars, 26KB)
  ✓ ch03-p11-s00  (25 chars, 19KB)
  ✓ ch03-p10-s01  (69 chars, 53KB)
  ✓ ch03-p11-s02  (31 chars, 21KB)
  ✓ ch03-p12-s00  (27 chars, 21KB)
  ✓ ch03-p10-s04  (62 chars, 35KB)
  ✓ ch03-p11-s03  (59 chars, 33KB)
  ✓ ch03-p12-s01  (67 chars, 39KB)
  ✓ ch03-p13-s00  (37 chars, 24KB)
  ✓ ch03-p12-s03  (51 chars, 30KB)
  ✓ ch03-p12-s02  (44 chars, 25KB)
  ✓ ch03-p18-s00  (34 chars, 24KB)
  ✓ ch03-p16-s00  (49 chars, 41KB)
  ✓ ch03-p19-s00  (34 chars, 23KB)
  ✓ ch03-p18-s01  (24 chars, 19KB)
  ✓ ch03-p19-s02  (38 chars, 24KB)
  ✓ ch03-p20-s00  (16 chars, 14KB)
  ✓ ch03-p20-s02  (88 chars, 48KB)
  ✓ ch03-p21-s00  (34 chars, 23KB)
  ✓ ch03-p20-s01  (99 chars, 66KB)
  ✓ ch03-p15-s01  (29 chars, 22KB)
  ✓ ch03-p19-s01  (76 chars, 41KB)
  ✓ ch03-p21-s01  (49 chars, 31KB)
  ✓ ch03-p22-s01  (27 chars, 21KB)
  ✓ ch03-p23-s00  (26 chars, 20KB)
  ✓ ch03-p22-s00  (22 chars, 17KB)
  ✓ ch03-p23-s02  (89 chars, 47KB)
  ✓ ch03-p24-s00  (64 chars, 50KB)
  ✓ ch03-p22-s02  (60 chars, 34KB)
  ✓ ch03-p23-s01  (61 chars, 34KB)
  ✓ ch03-p25-s01  (35 chars, 25KB)
  ✓ ch03-p26-s00  (38 chars, 23KB)
  ✓ ch03-p25-s00  (12 chars, 13KB)
  ✓ ch03-p26-s01  (39 chars, 24KB)
  ✓ ch03-p26-s02  (60 chars, 35KB)
  ✓ ch03-p27-s00  (19 chars, 16KB)
  ✓ ch03-p27-s01  (69 chars, 53KB)
  ✓ ch03-p28-s01  (16 chars, 15KB)
  ✓ ch03-p29-s00  (41 chars, 27KB)
  ✓ ch03-p27-s02  (28 chars, 21KB)
  ✓ ch03-p28-s00  (48 chars, 29KB)
  ✓ ch03-p29-s01  (43 chars, 26KB)
  ✓ ch03-p29-s02  (20 chars, 16KB)
  ✓ ch03-p30-s00  (26 chars, 19KB)
  ✓ ch03-p30-s01  (44 chars, 27KB)
  ✓ ch03-p30-s02  (43 chars, 27KB)
  ✓ ch03-p31-s00  (38 chars, 25KB)
  ✓ ch03-p31-s02  (77 chars, 42KB)
  ✓ ch03-p31-s03  (18 chars, 17KB)
  ✓ ch03-p24-s01  (96 chars, 51KB)
  ✓ ch03-p30-s03  (32 chars, 21KB)
  ✓ ch03-p32-s01  (39 chars, 26KB)
  ✓ ch03-p33-s01  (24 chars, 18KB)
  ✓ ch03-p31-s01  (69 chars, 59KB)
  ✓ ch03-p34-s00  (29 chars, 20KB)
  ✓ ch03-p33-s00  (18 chars, 16KB)
  ✓ ch04-p00-s01  (81 chars, 45KB)
  ✓ ch04-p00-s00  (40 chars, 26KB)
  ✓ ch03-p32-s02  (33 chars, 22KB)
  ✓ ch04-p01-s00  (31 chars, 21KB)
  ✓ ch04-p01-s01  (40 chars, 24KB)
  ✓ ch03-p33-s02  (47 chars, 27KB)
  ✓ ch04-p02-s00  (40 chars, 25KB)
  ✓ ch04-p03-s00  (56 chars, 33KB)
  ✓ ch04-p03-s01  (67 chars, 51KB)
  ✓ ch04-p03-s02  (28 chars, 19KB)
  ✓ ch04-p04-s02  (17 chars, 15KB)
  ✓ ch04-p05-s00  (35 chars, 23KB)
  ✓ ch04-p04-s00  (35 chars, 23KB)
  ✓ ch04-p05-s01  (36 chars, 25KB)
  ✓ ch04-p04-s01  (52 chars, 32KB)
  ✓ ch04-p02-s01  (63 chars, 36KB)
  ✓ ch04-p07-s01  (67 chars, 37KB)
  ✓ ch04-p06-s00  (31 chars, 20KB)
  ✓ ch04-p07-s02  (27 chars, 20KB)
  ✓ ch04-p06-s01  (51 chars, 29KB)
  ✓ ch04-p08-s01  (86 chars, 46KB)
  ✓ ch04-p08-s00  (104 chars, 69KB)
  ✓ ch04-p07-s00  (26 chars, 18KB)
  ✓ ch04-p09-s00  (25 chars, 19KB)
  ✓ ch04-p10-s02  (106 chars, 54KB)
  ✓ ch04-p10-s01  (88 chars, 47KB)
  ✓ ch04-p11-s00  (32 chars, 22KB)
  ✓ ch04-p10-s00  (34 chars, 23KB)
  ✓ ch04-p11-s02  (43 chars, 26KB)
  ✓ ch04-p10-s03  (97 chars, 51KB)
  ✓ ch04-p12-s00  (22 chars, 18KB)
  ✓ ch04-p12-s01  (86 chars, 44KB)
  ✓ ch04-p10-s04  (94 chars, 53KB)
  ✓ ch04-p11-s01  (37 chars, 24KB)
  ✓ ch04-p13-s00  (29 chars, 20KB)
  ✓ ch04-p13-s01  (74 chars, 40KB)
  ✓ ch04-p14-s00  (32 chars, 21KB)
  ✓ ch04-p14-s01  (56 chars, 34KB)
  ✓ ch04-p11-s03  (47 chars, 28KB)
  ✓ ch04-p13-s02  (71 chars, 41KB)
  ✓ ch04-p17-s00  (20 chars, 17KB)
  ✓ ch04-p14-s02  (103 chars, 66KB)
  ✓ ch04-p18-s00  (49 chars, 43KB)
  ✓ ch04-p17-s01  (23 chars, 18KB)
  ✓ ch04-p20-s00  (49 chars, 30KB)
  ✓ ch04-p15-s00  (30 chars, 21KB)
  ✓ ch04-p21-s00  (92 chars, 62KB)
  ✓ ch04-p20-s01  (17 chars, 14KB)
  ✓ ch04-p23-s00  (20 chars, 16KB)
  ✓ ch04-p22-s00  (39 chars, 24KB)
  ✓ ch04-p23-s01  (51 chars, 29KB)
  ✓ ch04-p24-s00  (20 chars, 17KB)
  ✓ ch04-p21-s01  (97 chars, 53KB)
  ✓ ch04-p23-s02  (44 chars, 28KB)
  ✓ ch04-p24-s02  (97 chars, 50KB)
  ✓ ch04-p22-s01  (74 chars, 42KB)
  ✓ ch04-p25-s01  (69 chars, 37KB)
  ✓ ch04-p24-s01  (79 chars, 43KB)
  ✓ ch04-p25-s02  (74 chars, 40KB)
  ✓ ch04-p26-s01  (57 chars, 33KB)
  ✓ ch04-p27-s00  (37 chars, 23KB)
  ✓ ch04-p27-s02  (48 chars, 28KB)
  ✓ ch04-p25-s00  (79 chars, 41KB)
  ✓ ch04-p28-s00  (26 chars, 18KB)
  ✓ ch04-p28-s01  (44 chars, 26KB)
  ✓ ch04-p26-s00  (21 chars, 17KB)
  ✓ ch04-p29-s00  (42 chars, 25KB)
  ✓ ch04-p27-s01  (50 chars, 29KB)
  ✓ ch04-p29-s02  (33 chars, 23KB)
  ✓ ch04-p29-s01  (79 chars, 45KB)
  ✓ ch04-p30-s00  (43 chars, 27KB)
  ✓ ch04-p28-s02  (135 chars, 94KB)
  ✓ ch04-p31-s00  (34 chars, 23KB)
  ✓ ch04-p31-s01  (43 chars, 33KB)
  ✓ ch04-p31-s03  (28 chars, 28KB)
  ✓ ch04-p32-s00  (62 chars, 35KB)
  ✓ ch04-p30-s01  (68 chars, 52KB)
  ✓ ch04-p33-s00  (50 chars, 28KB)
  ✓ ch04-p33-s01  (33 chars, 22KB)
  ✓ ch04-p31-s02  (21 chars, 17KB)
  ✓ ch04-p33-s02  (30 chars, 19KB)
  ✓ ch04-p34-s01  (19 chars, 17KB)
  ✓ ch04-p34-s02  (27 chars, 19KB)
  ✓ ch04-p32-s01  (81 chars, 44KB)
  ✓ ch04-p34-s00  (18 chars, 16KB)
  ✓ ch05-p00-s00  (25 chars, 19KB)
  ✓ ch05-p00-s01  (38 chars, 24KB)
  ✓ ch05-p01-s00  (40 chars, 24KB)
  ✓ ch05-p01-s01  (81 chars, 43KB)
  ✓ ch05-p02-s00  (26 chars, 19KB)
  ✓ ch05-p02-s01  (51 chars, 29KB)
  ✓ ch05-p03-s00  (69 chars, 38KB)
  ✓ ch05-p03-s02  (52 chars, 29KB)
  ✓ ch05-p00-s02  (65 chars, 38KB)
  ✓ ch05-p03-s01  (71 chars, 39KB)
  ✓ ch05-p04-s00  (61 chars, 31KB)
  ✓ ch05-p06-s00  (37 chars, 25KB)
  ✓ ch05-p05-s00  (50 chars, 30KB)
  ✓ ch05-p06-s01  (48 chars, 29KB)
  ✓ ch05-p06-s02  (38 chars, 24KB)
  ✓ ch05-p06-s03  (21 chars, 18KB)
  ✓ ch05-p07-s01  (54 chars, 31KB)
  ✓ ch05-p08-s00  (36 chars, 24KB)
  ✓ ch05-p07-s00  (78 chars, 42KB)
  ✓ ch05-p08-s02  (34 chars, 22KB)
  ✓ ch05-p08-s01  (67 chars, 38KB)
  ✓ ch05-p09-s01  (18 chars, 16KB)
  ✓ ch05-p10-s00  (58 chars, 36KB)
  ✓ ch05-p10-s01  (123 chars, 75KB)
  ✓ ch05-p04-s01  (60 chars, 35KB)
  ✓ ch05-p10-s04  (53 chars, 33KB)
  ✓ ch05-p09-s00  (54 chars, 33KB)
  ✓ ch05-p11-s01  (36 chars, 23KB)
  ✓ ch05-p11-s00  (15 chars, 14KB)
  ✓ ch05-p10-s03  (52 chars, 31KB)
  ✓ ch05-p13-s00  (53 chars, 33KB)
  ✓ ch05-p10-s02  (127 chars, 76KB)
  ✓ ch05-p12-s00  (43 chars, 27KB)
  ✓ ch05-p13-s01  (73 chars, 39KB)
  ✓ ch05-p16-s00  (30 chars, 22KB)
  ✓ ch05-p19-s00  (30 chars, 19KB)
  ✓ ch05-p14-s00  (35 chars, 23KB)
  ✓ ch05-p20-s00  (43 chars, 24KB)
  ✓ ch05-p12-s01  (75 chars, 43KB)
  ✓ ch05-p16-s01  (31 chars, 23KB)
  ✓ ch05-p20-s02  (50 chars, 27KB)
  ✓ ch05-p21-s00  (40 chars, 23KB)
  ✓ ch05-p21-s01  (62 chars, 35KB)
  ✓ ch05-p21-s02  (36 chars, 24KB)
  ✓ ch05-p22-s01  (45 chars, 27KB)
  ✓ ch05-p22-s00  (75 chars, 40KB)
  ✓ ch05-p23-s00  (11 chars, 14KB)
  ✓ ch05-p19-s01  (46 chars, 28KB)
  ✓ ch05-p20-s01  (74 chars, 52KB)
  ✓ ch05-p23-s01  (30 chars, 21KB)
  ✓ ch05-p23-s02  (98 chars, 54KB)
  ✓ ch05-p25-s00  (57 chars, 31KB)
  ✓ ch05-p26-s00  (14 chars, 14KB)
  ✓ ch05-p24-s01  (98 chars, 66KB)
  ✓ ch05-p25-s01  (53 chars, 31KB)
  ✓ ch05-p26-s01  (42 chars, 27KB)
  ✓ ch05-p24-s00  (107 chars, 54KB)
  ✓ ch05-p27-s00  (32 chars, 22KB)
  ✓ ch05-p27-s01  (54 chars, 32KB)
  ✓ ch05-p28-s00  (30 chars, 20KB)
  ✓ ch05-p27-s02  (40 chars, 25KB)
  ✓ ch05-p28-s01  (30 chars, 19KB)
  ✓ ch05-p28-s02  (56 chars, 34KB)
  ✓ ch05-p29-s00  (26 chars, 19KB)
  ✓ ch05-p30-s01  (69 chars, 39KB)
  ✓ ch05-p30-s00  (48 chars, 29KB)
  ✓ ch05-p29-s01  (86 chars, 49KB)
  ✓ ch05-p31-s02  (41 chars, 25KB)
  ✓ ch05-p32-s00  (25 chars, 20KB)
  ✓ ch05-p32-s02  (23 chars, 18KB)
  ✓ ch05-p31-s00  (77 chars, 45KB)
  ✓ ch05-p31-s01  (56 chars, 32KB)
  ✓ ch05-p33-s01  (44 chars, 28KB)
  ✓ ch05-p33-s00  (32 chars, 20KB)
  ✓ ch05-p34-s00  (21 chars, 15KB)
  ✓ ch05-p34-s01  (23 chars, 20KB)
  ✓ ch05-p32-s01  (82 chars, 59KB)
  ✓ ch05-p34-s02  (24 chars, 18KB)
  ✓ ch06-p00-s00  (27 chars, 21KB)
  ✓ ch06-p00-s01  (32 chars, 21KB)
  ✓ ch06-p03-s00  (33 chars, 21KB)
  ✓ ch06-p01-s00  (84 chars, 46KB)
  ✓ ch06-p02-s00  (64 chars, 35KB)
  ✓ ch06-p03-s01  (28 chars, 27KB)
  ✓ ch06-p04-s01  (55 chars, 32KB)
  ✓ ch06-p05-s00  (20 chars, 16KB)
  ✓ ch06-p04-s00  (58 chars, 33KB)
  ✓ ch06-p05-s01  (44 chars, 28KB)
  ✓ ch06-p06-s01  (26 chars, 19KB)
  ✓ ch06-p06-s00  (37 chars, 23KB)
  ✓ ch06-p06-s02  (27 chars, 21KB)
  ✓ ch06-p07-s00  (76 chars, 43KB)
  ✓ ch06-p08-s00  (47 chars, 27KB)
  ✓ ch06-p08-s01  (39 chars, 25KB)
  ✓ ch06-p07-s01  (78 chars, 44KB)
  ✓ ch06-p09-s00  (17 chars, 16KB)
  ✓ ch06-p10-s00  (41 chars, 26KB)
  ✓ ch06-p10-s02  (83 chars, 47KB)
  ✓ ch06-p08-s02  (31 chars, 22KB)
  ✓ ch06-p11-s00  (15 chars, 15KB)
  ✓ ch06-p10-s01  (137 chars, 79KB)
  ✓ ch06-p10-s04  (99 chars, 52KB)
  ✓ ch06-p12-s00  (23 chars, 18KB)
  ✓ ch06-p11-s01  (46 chars, 29KB)
  ✓ ch06-p11-s02  (68 chars, 39KB)
  ✓ ch06-p10-s03  (111 chars, 54KB)
  ✓ ch06-p12-s01  (43 chars, 25KB)
  ✓ ch06-p13-s00  (33 chars, 23KB)
  ✓ ch06-p14-s02  (32 chars, 22KB)
  ✓ ch06-p14-s00  (14 chars, 14KB)
  ✓ ch06-p13-s01  (81 chars, 45KB)
  ✓ ch06-p15-s00  (36 chars, 23KB)
  ✓ ch06-p17-s00  (25 chars, 19KB)
  ✓ ch06-p17-s01  (20 chars, 17KB)
  ✓ ch06-p14-s01  (72 chars, 41KB)
  ✓ ch06-p22-s00  (54 chars, 29KB)
  ✓ ch06-p22-s01  (36 chars, 24KB)
  ✓ ch06-p21-s01  (76 chars, 39KB)
  ✓ ch06-p21-s00  (74 chars, 37KB)
  ✓ ch06-p23-s01  (69 chars, 37KB)
  ✓ ch06-p23-s02  (45 chars, 28KB)
  ✓ ch06-p20-s00  (103 chars, 54KB)
  ✓ ch06-p23-s00  (28 chars, 19KB)
  ✓ ch06-p24-s01  (71 chars, 39KB)
  ✓ ch06-p25-s00  (65 chars, 38KB)
  ✓ ch06-p25-s01  (64 chars, 37KB)
  ✓ ch06-p24-s02  (52 chars, 31KB)
  ✓ ch06-p24-s00  (48 chars, 30KB)
  ✓ ch06-p26-s00  (50 chars, 30KB)
  ✓ ch06-p27-s00  (45 chars, 26KB)
  ✓ ch06-p27-s02  (50 chars, 31KB)
  ✓ ch06-p28-s00  (56 chars, 47KB)
  ✓ ch06-p27-s01  (33 chars, 24KB)
  ✓ ch06-p28-s01  (26 chars, 20KB)
  ✓ ch06-p29-s00  (36 chars, 22KB)
  ✓ ch06-p29-s02  (24 chars, 18KB)
  ✓ ch06-p29-s01  (80 chars, 44KB)
  ✓ ch06-p30-s00  (45 chars, 26KB)
  ✓ ch06-p31-s01  (88 chars, 47KB)
  ✓ ch06-p28-s02  (39 chars, 27KB)
  ✓ ch06-p30-s01  (62 chars, 37KB)
  ✓ ch06-p31-s00  (35 chars, 21KB)
  ✓ ch06-p32-s00  (25 chars, 18KB)
  ✓ ch06-p33-s01  (44 chars, 26KB)
  ✓ ch06-p32-s01  (66 chars, 36KB)
  ✓ ch06-p33-s00  (96 chars, 51KB)
  ✓ ch06-p34-s00  (44 chars, 27KB)
  ✓ ch06-p35-s01  (18 chars, 17KB)
  ✓ ch06-p35-s02  (31 chars, 21KB)
  ✓ ch07-p00-s00  (19 chars, 16KB)
  ✓ ch06-p34-s01  (33 chars, 22KB)
  ✓ ch07-p00-s01  (43 chars, 27KB)
  ✓ ch06-p33-s02  (42 chars, 27KB)
  ✓ ch07-p00-s02  (18 chars, 16KB)
  ✓ ch06-p35-s00  (16 chars, 15KB)
  ✓ ch07-p01-s00  (17 chars, 17KB)
  ✓ ch07-p01-s01  (54 chars, 31KB)
  ✓ ch07-p02-s03  (30 chars, 20KB)
  ✓ ch07-p02-s00  (30 chars, 21KB)
  ✓ ch07-p02-s02  (18 chars, 17KB)
  ✓ ch07-p03-s00  (54 chars, 30KB)
  ✓ ch07-p02-s01  (21 chars, 17KB)
  ✓ ch07-p03-s02  (36 chars, 22KB)
  ✓ ch07-p04-s00  (20 chars, 17KB)
  ✓ ch07-p04-s01  (14 chars, 14KB)
  ✓ ch07-p04-s03  (26 chars, 18KB)
  ✓ ch07-p04-s04  (28 chars, 19KB)
  ✓ ch07-p04-s02  (14 chars, 14KB)
  ✓ ch07-p03-s01  (43 chars, 25KB)
  ✓ ch07-p05-s00  (52 chars, 30KB)
  ✓ ch07-p06-s02  (25 chars, 19KB)
  ✓ ch07-p06-s00  (65 chars, 38KB)
  ✓ ch07-p08-s00  (53 chars, 32KB)
  ✓ ch07-p06-s01  (33 chars, 23KB)
  ✓ ch07-p08-s01  (125 chars, 73KB)
  ✓ ch07-p08-s02  (149 chars, 96KB)
  ✓ ch07-p06-s03  (33 chars, 23KB)
  ✓ ch07-p09-s00  (42 chars, 24KB)
  ✓ ch07-p10-s00  (83 chars, 58KB)
  ✓ ch07-p10-s01  (29 chars, 21KB)
  ✓ ch07-p08-s03  (127 chars, 75KB)
  ✓ ch07-p12-s00  (45 chars, 27KB)
  ✓ ch07-p12-s01  (86 chars, 47KB)
  ✓ ch07-p07-s00  (24 chars, 19KB)
  ✓ ch07-p11-s00  (31 chars, 21KB)
  ✓ ch07-p13-s00  (59 chars, 32KB)
  ✓ ch07-p16-s00  (45 chars, 28KB)
  ✓ ch07-p14-s00  (33 chars, 21KB)
  ✓ ch07-p13-s01  (82 chars, 43KB)
  ✓ ch07-p19-s00  (89 chars, 49KB)
  ✓ ch07-p11-s01  (55 chars, 33KB)
  ✓ ch07-p17-s00  (50 chars, 42KB)
  ✓ ch07-p20-s00  (61 chars, 49KB)
  ✓ ch07-p20-s01  (60 chars, 35KB)
  ✓ ch07-p21-s00  (77 chars, 41KB)
  ✓ ch07-p21-s01  (51 chars, 27KB)
  ✓ ch07-p22-s00  (60 chars, 33KB)
  ✓ ch07-p24-s00  (28 chars, 18KB)
  ✓ ch07-p23-s00  (61 chars, 36KB)
  ✓ ch07-p24-s01  (69 chars, 38KB)
  ✓ ch07-p22-s01  (49 chars, 29KB)
  ✓ ch07-p23-s01  (66 chars, 51KB)
  ✓ ch07-p25-s00  (29 chars, 20KB)
  ✓ ch07-p25-s01  (79 chars, 44KB)
  ✓ ch07-p25-s02  (77 chars, 40KB)
  ✓ ch07-p27-s00  (51 chars, 31KB)
  ✓ ch07-p26-s01  (35 chars, 24KB)
  ✓ ch07-p27-s01  (45 chars, 26KB)
  ✓ ch07-p27-s02  (50 chars, 30KB)
  ✓ ch07-p26-s00  (15 chars, 14KB)
  ✓ ch07-p29-s00  (29 chars, 19KB)
  ✓ ch07-p28-s01  (35 chars, 23KB)
  ✓ ch07-p28-s02  (56 chars, 31KB)
  ✓ ch07-p29-s02  (62 chars, 34KB)
  ✓ ch07-p29-s01  (31 chars, 22KB)
  ✓ ch07-p30-s00  (23 chars, 18KB)
  ✓ ch07-p30-s01  (63 chars, 36KB)
  ✓ ch07-p28-s00  (45 chars, 28KB)
  ✓ ch07-p31-s01  (16 chars, 14KB)
  ✓ ch07-p31-s02  (17 chars, 15KB)
  ✓ ch07-p31-s03  (45 chars, 28KB)
  ✓ ch07-p32-s00  (32 chars, 22KB)
  ✓ ch07-p33-s00  (20 chars, 16KB)
  ✓ ch07-p32-s01  (63 chars, 37KB)
  ✓ ch07-p31-s00  (56 chars, 31KB)
  ✓ ch07-p32-s02  (44 chars, 26KB)
  ✓ ch07-p33-s01  (57 chars, 34KB)
  ✓ ch07-p34-s00  (14 chars, 14KB)
  ✓ ch07-p34-s01  (24 chars, 19KB)
  ✓ ch07-p33-s02  (86 chars, 46KB)
  ✓ ch08-p00-s00  (31 chars, 22KB)
  ✓ ch07-p34-s02  (25 chars, 19KB)
  ✓ ch07-p35-s00  (34 chars, 21KB)
  ✓ ch08-p00-s01  (52 chars, 31KB)
  ✓ ch07-p35-s01  (27 chars, 20KB)
  ✓ ch08-p01-s01  (41 chars, 26KB)
  ✓ ch08-p01-s02  (53 chars, 29KB)
  ✓ ch08-p02-s00  (24 chars, 17KB)
  ✓ ch08-p01-s00  (25 chars, 18KB)
  ✓ ch08-p02-s01  (60 chars, 33KB)
  ✓ ch08-p03-s00  (54 chars, 31KB)
  ✓ ch08-p04-s00  (35 chars, 23KB)
  ✓ ch08-p04-s01  (21 chars, 18KB)
  ✓ ch08-p03-s01  (38 chars, 24KB)
  ✓ ch08-p05-s00  (48 chars, 27KB)
  ✓ ch08-p06-s01  (30 chars, 22KB)
  ✓ ch08-p05-s01  (64 chars, 35KB)
  ✓ ch08-p06-s00  (63 chars, 36KB)
  ✓ ch08-p07-s00  (56 chars, 33KB)
  ✓ ch08-p08-s00  (19 chars, 17KB)
  ✓ ch08-p08-s01  (92 chars, 62KB)
  ✓ ch08-p08-s02  (74 chars, 38KB)
  ✓ ch08-p09-s00  (32 chars, 23KB)
  ✓ ch08-p10-s00  (66 chars, 34KB)
  ✓ ch08-p07-s01  (53 chars, 29KB)
  ✓ ch08-p09-s01  (60 chars, 34KB)
  ✓ ch08-p10-s04  (53 chars, 32KB)
  ✓ ch08-p10-s02  (119 chars, 72KB)
  ✓ ch08-p10-s01  (113 chars, 60KB)
  ✓ ch08-p11-s00  (35 chars, 23KB)
  ✓ ch08-p11-s01  (14 chars, 13KB)
  ✓ ch08-p12-s01  (63 chars, 36KB)
  ✓ ch08-p12-s00  (48 chars, 45KB)
  ✓ ch08-p13-s00  (42 chars, 27KB)
  ✓ ch08-p10-s03  (144 chars, 74KB)
  ✓ ch08-p14-s02  (31 chars, 22KB)
  ✓ ch08-p14-s00  (41 chars, 25KB)
  ✓ ch08-p13-s01  (82 chars, 44KB)
  ✓ ch08-p14-s01  (113 chars, 58KB)
  ✓ ch08-p17-s00  (21 chars, 18KB)
  ✓ ch08-p17-s01  (26 chars, 19KB)
  ✓ ch08-p20-s00  (60 chars, 36KB)
  ✓ ch08-p21-s00  (53 chars, 31KB)
  ✓ ch08-p15-s00  (36 chars, 23KB)
  ✓ ch08-p22-s00  (38 chars, 23KB)
  ✓ ch08-p21-s01  (69 chars, 38KB)
  ✓ ch08-p22-s02  (67 chars, 37KB)
  ✓ ch08-p22-s01  (21 chars, 15KB)
  ✓ ch08-p23-s00  (63 chars, 35KB)
  ✓ ch08-p23-s01  (51 chars, 31KB)
  ✓ ch08-p24-s00  (87 chars, 49KB)
  ✓ ch08-p24-s01  (50 chars, 30KB)
  ✓ ch08-p25-s00  (31 chars, 21KB)
  ✓ ch08-p25-s01  (63 chars, 34KB)
  ✓ ch08-p25-s02  (35 chars, 23KB)
  ✓ ch08-p26-s00  (56 chars, 31KB)
  ✓ ch08-p27-s00  (37 chars, 24KB)
  ✓ ch08-p28-s00  (54 chars, 31KB)
  ✓ ch08-p28-s01  (39 chars, 23KB)
  ✓ ch08-p26-s01  (100 chars, 67KB)
  ✓ ch08-p28-s02  (49 chars, 30KB)
  ✓ ch08-p29-s01  (19 chars, 17KB)
  ✓ ch08-p29-s00  (38 chars, 25KB)
  ✓ ch08-p29-s02  (36 chars, 23KB)
  ✓ ch08-p30-s00  (18 chars, 15KB)
  ✓ ch08-p31-s00  (33 chars, 21KB)
  ✓ ch08-p31-s01  (55 chars, 31KB)
  ✓ ch08-p31-s02  (56 chars, 33KB)
  ✓ ch08-p32-s01  (14 chars, 13KB)
  ✓ ch08-p32-s00  (66 chars, 36KB)
  ✓ ch08-p32-s02  (14 chars, 14KB)
  ✓ ch08-p32-s03  (54 chars, 31KB)
  ✓ ch08-p33-s01  (26 chars, 17KB)
  ✓ ch08-p34-s00  (26 chars, 19KB)
  ✓ ch08-p35-s01  (57 chars, 32KB)
  ✓ ch08-p36-s00  (46 chars, 28KB)
  ✓ ch08-p36-s01  (32 chars, 21KB)
  ✓ ch08-p34-s01  (140 chars, 82KB)
  ✓ ch09-p00-s00  (44 chars, 27KB)
  ✓ ch09-p00-s02  (46 chars, 28KB)
  ✓ ch09-p01-s00  (18 chars, 15KB)
  ✓ ch08-p30-s01  (100 chars, 66KB)
  ✓ ch09-p00-s01  (16 chars, 15KB)
  ✓ ch09-p01-s01  (65 chars, 35KB)
  ✓ ch09-p02-s00  (44 chars, 26KB)
  ✓ ch09-p02-s01  (45 chars, 27KB)
  ✓ ch09-p03-s00  (23 chars, 18KB)
  ✓ ch09-p03-s01  (39 chars, 23KB)
  ✓ ch09-p02-s02  (20 chars, 16KB)
  ✓ ch09-p05-s00  (28 chars, 20KB)
  ✓ ch09-p03-s02  (60 chars, 35KB)
  ✓ ch09-p04-s01  (67 chars, 37KB)
  ✓ ch09-p04-s00  (20 chars, 16KB)
  ✓ ch09-p05-s01  (60 chars, 34KB)
  ✓ ch09-p06-s00  (48 chars, 30KB)
  ✓ ch09-p06-s01  (42 chars, 27KB)
  ✓ ch09-p06-s02  (42 chars, 27KB)
  ✓ ch09-p07-s01  (37 chars, 25KB)
  ✓ ch09-p07-s00  (43 chars, 27KB)
  ✓ ch09-p07-s02  (69 chars, 40KB)
  ✓ ch09-p08-s00  (48 chars, 29KB)
  ✓ ch09-p09-s00  (36 chars, 24KB)
  ✓ ch09-p09-s01  (115 chars, 72KB)
  ✓ ch09-p09-s03  (82 chars, 47KB)
  ✓ ch09-p09-s02  (116 chars, 74KB)
  ✓ ch09-p10-s00  (27 chars, 19KB)
  ✓ ch09-p10-s02  (36 chars, 24KB)
  ✓ ch09-p09-s04  (128 chars, 80KB)
  ✓ ch09-p10-s01  (44 chars, 27KB)
  ✓ ch09-p10-s03  (46 chars, 29KB)
  ✓ ch09-p11-s01  (50 chars, 31KB)
  ✓ ch09-p11-s00  (17 chars, 15KB)
  ✓ ch09-p11-s02  (98 chars, 51KB)
  ✓ ch09-p13-s00  (30 chars, 20KB)
  ✓ ch09-p12-s01  (93 chars, 49KB)
  ✓ ch09-p12-s00  (54 chars, 30KB)
  ✓ ch09-p15-s00  (27 chars, 20KB)
  ✓ ch09-p18-s00  (45 chars, 27KB)
  ✓ ch09-p15-s01  (20 chars, 16KB)
  ✓ ch09-p16-s00  (49 chars, 42KB)
  ✓ ch09-p19-s00  (71 chars, 37KB)
  ✓ ch09-p19-s01  (49 chars, 28KB)
  ✓ ch09-p20-s00  (36 chars, 25KB)
  ✓ ch09-p20-s01  (42 chars, 27KB)
  ✓ ch09-p21-s00  (36 chars, 25KB)
  ✓ ch09-p21-s01  (55 chars, 32KB)
  ✓ ch09-p22-s00  (23 chars, 17KB)
  ✓ ch09-p21-s02  (81 chars, 46KB)
  ✓ ch09-p22-s01  (96 chars, 52KB)
  ✓ ch09-p23-s01  (43 chars, 28KB)
  ✓ ch09-p23-s00  (81 chars, 47KB)
  ✓ ch09-p24-s01  (67 chars, 37KB)
  ✓ ch09-p25-s00  (74 chars, 39KB)
  ✓ ch09-p25-s01  (78 chars, 43KB)
  ✓ ch09-p26-s00  (56 chars, 33KB)
  ✓ ch09-p27-s00  (39 chars, 23KB)
  ✓ ch09-p28-s00  (15 chars, 14KB)
  ✓ ch09-p27-s01  (31 chars, 21KB)
  ✓ ch09-p28-s01  (43 chars, 27KB)
  ✓ ch09-p28-s02  (26 chars, 19KB)
  ✓ ch09-p28-s03  (23 chars, 17KB)
  ✓ ch09-p29-s00  (26 chars, 19KB)
  ✓ ch09-p30-s01  (36 chars, 24KB)
  ✓ ch09-p30-s00  (94 chars, 51KB)
  ✓ ch09-p31-s00  (57 chars, 34KB)
  ✓ ch09-p29-s01  (94 chars, 52KB)
  ✓ ch09-p31-s01  (22 chars, 17KB)
  ✓ ch09-p32-s00  (58 chars, 34KB)
  ✓ ch09-p32-s01  (75 chars, 41KB)
  ✓ ch09-p34-s00  (24 chars, 18KB)
  ✓ ch09-p33-s00  (70 chars, 39KB)
  ✓ ch09-p34-s01  (35 chars, 23KB)
  ✓ ch09-p33-s01  (104 chars, 52KB)
  ✓ ch09-p35-s00  (32 chars, 21KB)
  ✓ ch10-p00-s00  (33 chars, 22KB)
  ✓ ch09-p35-s01  (50 chars, 28KB)
  ✓ ch10-p00-s01  (55 chars, 32KB)
  ✓ ch10-p01-s01  (47 chars, 29KB)
  ✓ ch10-p02-s00  (33 chars, 22KB)
  ✓ ch10-p02-s01  (44 chars, 27KB)
  ✓ ch10-p01-s00  (28 chars, 19KB)
  ✓ ch10-p03-s00  (31 chars, 20KB)
  ✓ ch10-p03-s01  (24 chars, 18KB)
  ✓ ch10-p04-s00  (51 chars, 31KB)
  ✓ ch10-p04-s01  (35 chars, 22KB)
  ✓ ch10-p04-s02  (34 chars, 24KB)
  ✓ ch10-p05-s00  (42 chars, 29KB)
  ✓ ch10-p05-s01  (44 chars, 28KB)
  ✓ ch10-p03-s02  (61 chars, 37KB)
  ✓ ch10-p06-s00  (15 chars, 14KB)
  ✓ ch10-p06-s01  (26 chars, 19KB)
  ✓ ch10-p07-s01  (38 chars, 24KB)
  ✓ ch10-p07-s00  (44 chars, 27KB)
  ✓ ch10-p07-s02  (78 chars, 45KB)
  ✓ ch10-p08-s00  (59 chars, 34KB)
  ✓ ch10-p10-s00  (44 chars, 27KB)
  ✓ ch10-p10-s02  (59 chars, 31KB)
  ✓ ch10-p11-s00  (36 chars, 23KB)
  ✓ ch10-p10-s04  (87 chars, 45KB)
  ✓ ch10-p12-s00  (36 chars, 22KB)
  ✓ ch10-p10-s03  (126 chars, 75KB)
  ✓ ch10-p10-s01  (143 chars, 84KB)
  ✓ ch10-p12-s01  (36 chars, 24KB)
  ✓ ch10-p12-s02  (19 chars, 16KB)
  ✓ ch10-p13-s01  (32 chars, 21KB)
  ✓ ch10-p13-s00  (14 chars, 15KB)
  ✓ ch10-p13-s02  (52 chars, 32KB)
  ✓ ch10-p14-s00  (30 chars, 20KB)
  ✓ ch10-p14-s01  (73 chars, 40KB)
  ✓ ch10-p14-s02  (41 chars, 24KB)
  ✓ ch10-p15-s00  (68 chars, 39KB)
  ✓ ch10-p15-s01  (29 chars, 20KB)
  ✓ ch10-p18-s00  (27 chars, 20KB)
  ✓ ch10-p16-s00  (29 chars, 19KB)
  ✓ ch10-p18-s01  (19 chars, 17KB)
  ✓ ch10-p21-s00  (54 chars, 33KB)
  ✓ ch10-p22-s01  (35 chars, 22KB)
  ✓ ch10-p23-s00  (40 chars, 24KB)
  ✓ ch10-p22-s00  (73 chars, 55KB)
  ✓ ch10-p24-s00  (24 chars, 18KB)
  ✓ ch10-p23-s01  (94 chars, 49KB)
  ✓ ch10-p24-s01  (93 chars, 51KB)
  ✓ ch10-p24-s02  (22 chars, 18KB)
  ✓ ch10-p25-s00  (20 chars, 17KB)
  ✓ ch10-p25-s01  (91 chars, 48KB)
  ✓ ch10-p26-s01  (50 chars, 29KB)
  ✓ ch10-p26-s00  (42 chars, 26KB)
  ✓ ch10-p27-s00  (36 chars, 23KB)
  ✓ ch10-p27-s01  (51 chars, 32KB)
  ✓ ch10-p28-s01  (43 chars, 27KB)
  ✓ ch10-p29-s00  (34 chars, 22KB)
  ✓ ch10-p29-s01  (46 chars, 27KB)
  ✓ ch10-p27-s02  (83 chars, 59KB)
  ✓ ch10-p31-s01  (23 chars, 18KB)
  ✓ ch10-p30-s00  (56 chars, 31KB)
  ✓ ch10-p31-s02  (39 chars, 26KB)
  ✓ ch10-p31-s00  (52 chars, 31KB)
  ✓ ch10-p32-s00  (30 chars, 22KB)
  ✓ ch10-p33-s01  (31 chars, 21KB)
  ✓ ch10-p33-s00  (73 chars, 40KB)
  ✓ ch10-p32-s01  (64 chars, 39KB)
  ✓ ch10-p34-s00  (33 chars, 21KB)
  ✓ ch10-p34-s01  (50 chars, 28KB)
  ✓ ch10-p35-s01  (48 chars, 30KB)
  ✓ ch10-p35-s00  (69 chars, 38KB)
  ✓ ch10-p35-s02  (60 chars, 33KB)
  ✓ ch10-p36-s00  (42 chars, 27KB)
  ✓ ch10-p36-s01  (32 chars, 22KB)
  ✓ ch10-p37-s00  (40 chars, 24KB)
  ✓ ch10-p37-s01  (56 chars, 33KB)
  ✓ ch10-p38-s00  (37 chars, 24KB)
  ✓ ch10-p38-s01  (34 chars, 24KB)
  ✓ ch11-p00-s00  (48 chars, 29KB)
  ✓ ch11-p00-s01  (42 chars, 27KB)
  ✓ ch11-p01-s01  (23 chars, 18KB)
  ✓ ch11-p01-s02  (28 chars, 21KB)
  ✓ ch11-p01-s00  (45 chars, 28KB)
  ✓ ch11-p02-s00  (25 chars, 19KB)
  ✓ ch11-p03-s00  (22 chars, 18KB)
  ✓ ch11-p03-s01  (57 chars, 33KB)
  ✓ ch11-p04-s00  (19 chars, 16KB)
  ✓ ch11-p02-s01  (65 chars, 38KB)
  ✓ ch11-p04-s02  (75 chars, 39KB)
  ✓ ch11-p05-s01  (40 chars, 27KB)
  ✓ ch11-p04-s01  (67 chars, 36KB)
  ✓ ch11-p05-s00  (66 chars, 37KB)
  ✓ ch11-p06-s00  (36 chars, 23KB)
  ✓ ch11-p06-s01  (61 chars, 34KB)
  ✓ ch11-p07-s01  (37 chars, 25KB)
  ✓ ch11-p08-s00  (22 chars, 18KB)
  ✓ ch11-p07-s00  (25 chars, 18KB)
  ✓ ch11-p08-s01  (36 chars, 25KB)
  ✓ ch11-p09-s00  (46 chars, 30KB)
  ✓ ch11-p10-s00  (71 chars, 40KB)
  ✓ ch11-p11-s00  (34 chars, 23KB)
  ✓ ch11-p10-s02  (136 chars, 82KB)
  ✓ ch11-p10-s01  (137 chars, 81KB)
  ✓ ch11-p11-s01  (33 chars, 22KB)
  ✓ ch11-p12-s00  (53 chars, 31KB)
  ✓ ch11-p10-s03  (146 chars, 87KB)
  ✓ ch11-p11-s02  (67 chars, 37KB)
  ✓ ch11-p13-s00  (55 chars, 30KB)
  ✓ ch11-p13-s01  (38 chars, 24KB)
  ✓ ch11-p14-s00  (74 chars, 41KB)
  ✓ ch11-p14-s01  (49 chars, 30KB)
  ✓ ch11-p15-s00  (36 chars, 22KB)
  ✓ ch11-p17-s00  (29 chars, 20KB)
  ✓ ch11-p17-s01  (14 chars, 14KB)
  ✓ ch11-p14-s02  (65 chars, 36KB)
  ✓ ch11-p20-s00  (50 chars, 30KB)
  ✓ ch11-p21-s00  (75 chars, 41KB)
  ✓ ch11-p22-s00  (57 chars, 32KB)
  ✓ ch11-p21-s01  (58 chars, 34KB)
  ✓ ch11-p22-s02  (26 chars, 18KB)
  ✓ ch11-p22-s01  (22 chars, 18KB)
  ✓ ch11-p24-s02  (45 chars, 27KB)
  ✓ ch11-p23-s00  (57 chars, 33KB)
  ✓ ch11-p24-s03  (54 chars, 31KB)
  ✓ ch11-p24-s01  (37 chars, 25KB)
  ✓ ch11-p25-s01  (53 chars, 31KB)
  ✓ ch11-p25-s00  (44 chars, 26KB)
  ✓ ch11-p26-s02  (47 chars, 29KB)
  ✓ ch11-p26-s00  (64 chars, 36KB)
  ✓ ch11-p26-s01  (62 chars, 34KB)
  ✓ ch11-p27-s00  (55 chars, 34KB)
  ✓ ch11-p28-s00  (37 chars, 24KB)
  ✓ ch11-p29-s00  (43 chars, 25KB)
  ✓ ch11-p29-s02  (43 chars, 26KB)
  ✓ ch11-p29-s01  (54 chars, 31KB)
  ✓ ch11-p30-s01  (37 chars, 24KB)
  ✓ ch11-p30-s00  (57 chars, 33KB)
  ✓ ch11-p31-s00  (25 chars, 18KB)
  ✓ ch11-p31-s01  (51 chars, 31KB)
  ✓ ch11-p32-s01  (35 chars, 23KB)
  ✓ ch11-p31-s02  (65 chars, 37KB)
  ✓ ch11-p33-s00  (15 chars, 15KB)
  ✓ ch11-p32-s00  (50 chars, 30KB)
  ✓ ch11-p33-s01  (67 chars, 37KB)
  ✓ ch11-p33-s02  (42 chars, 25KB)
  ✓ ch11-p35-s00  (18 chars, 15KB)
  ✓ ch11-p34-s00  (84 chars, 43KB)
  ✓ ch11-p34-s01  (42 chars, 27KB)
  ✓ ch11-p35-s01  (61 chars, 35KB)
  ✓ ch11-p35-s02  (61 chars, 34KB)
  ✓ ch11-p36-s01  (19 chars, 17KB)
  ✓ ch11-p36-s00  (17 chars, 16KB)
  ✓ ch11-p36-s02  (33 chars, 22KB)
  ✓ ch11-p37-s00  (27 chars, 19KB)
  ✓ ch12-p00-s00  (40 chars, 26KB)
  ✓ ch11-p37-s01  (36 chars, 23KB)
  ✓ ch12-p00-s01  (25 chars, 19KB)
  ✓ ch12-p01-s00  (32 chars, 21KB)
  ✓ ch12-p01-s02  (25 chars, 19KB)
  ✓ ch12-p02-s00  (13 chars, 14KB)
  ✓ ch12-p01-s01  (31 chars, 21KB)
  ✓ ch12-p01-s03  (27 chars, 20KB)
  ✓ ch12-p03-s00  (25 chars, 18KB)
  ✓ ch12-p02-s01  (40 chars, 24KB)
  ✓ ch12-p04-s00  (21 chars, 18KB)
  ✓ ch12-p03-s01  (48 chars, 30KB)
  ✓ ch12-p04-s01  (29 chars, 19KB)
  ✓ ch12-p04-s02  (87 chars, 45KB)
  ✓ ch12-p05-s00  (56 chars, 32KB)
  ✓ ch12-p05-s01  (31 chars, 20KB)
  ✓ ch12-p06-s00  (59 chars, 35KB)
  ✓ ch12-p07-s00  (51 chars, 30KB)
  ✓ ch12-p08-s00  (44 chars, 27KB)
  ✓ ch12-p06-s01  (52 chars, 29KB)
  ✓ ch12-p08-s01  (46 chars, 27KB)
  ✓ ch12-p09-s01  (58 chars, 33KB)
  ✓ ch12-p09-s00  (79 chars, 41KB)
  ✓ ch12-p11-s00  (18 chars, 17KB)
  ✓ ch12-p11-s01  (30 chars, 20KB)
  ✓ ch12-p10-s00  (94 chars, 49KB)
  ✓ ch12-p12-s00  (61 chars, 34KB)
  ✓ ch12-p13-s00  (22 chars, 17KB)
  ✓ ch12-p12-s03  (93 chars, 61KB)
  ✓ ch12-p12-s02  (162 chars, 98KB)
  ✓ ch12-p14-s00  (15 chars, 14KB)
  ✓ ch12-p13-s01  (32 chars, 21KB)
  ✓ ch12-p14-s01  (33 chars, 22KB)
  ✓ ch12-p12-s01  (192 chars, 111KB)
  ✓ ch12-p14-s02  (41 chars, 27KB)
  ✓ ch12-p15-s00  (29 chars, 20KB)
  ✓ ch12-p15-s01  (51 chars, 29KB)
  ✓ ch12-p16-s00  (40 chars, 25KB)
  ✓ ch12-p14-s03  (40 chars, 26KB)
  ✓ ch12-p19-s00  (31 chars, 21KB)
  ✓ ch12-p22-s00  (53 chars, 31KB)
  ✓ ch12-p16-s01  (84 chars, 45KB)
  ✓ ch12-p23-s00  (36 chars, 23KB)
  ✓ ch12-p25-s00  (36 chars, 24KB)
  ✓ ch12-p24-s01  (61 chars, 36KB)
  ✓ ch12-p24-s00  (89 chars, 47KB)
  ✓ ch12-p23-s01  (85 chars, 58KB)
  ✓ ch12-p25-s02  (19 chars, 16KB)
  ✓ ch12-p26-s00  (26 chars, 20KB)
  ✓ ch12-p25-s01  (75 chars, 40KB)
  ✓ ch12-p26-s01  (47 chars, 28KB)
  ✓ ch12-p27-s00  (37 chars, 22KB)
  ✓ ch12-p27-s01  (36 chars, 23KB)
  ✓ ch12-p28-s00  (9 chars, 12KB)
  ✓ ch12-p28-s02  (42 chars, 25KB)
  ✓ ch12-p29-s00  (48 chars, 29KB)
  ✓ ch12-p30-s00  (35 chars, 24KB)
  ✓ ch12-p28-s01  (95 chars, 60KB)
  ✓ ch12-p31-s00  (39 chars, 24KB)
  ✓ ch12-p29-s01  (91 chars, 63KB)
  ✓ ch12-p32-s00  (65 chars, 36KB)
  ✓ ch12-p32-s01  (25 chars, 19KB)
  ✓ ch12-p32-s02  (54 chars, 31KB)
  ✓ ch12-p31-s01  (50 chars, 27KB)
  ✓ ch12-p33-s00  (40 chars, 25KB)
  ✓ ch12-p33-s01  (56 chars, 34KB)
  ✓ ch12-p34-s00  (35 chars, 23KB)
  ✓ ch12-p35-s00  (50 chars, 30KB)
  ✓ ch12-p35-s01  (41 chars, 25KB)
  ✓ ch12-p34-s01  (61 chars, 36KB)
  ✓ ch12-p36-s00  (26 chars, 19KB)
  ✓ ch12-p36-s02  (24 chars, 18KB)
  ✓ ch12-p37-s00  (37 chars, 24KB)
  ✓ ch12-p37-s01  (45 chars, 30KB)
  ✓ ch12-p36-s01  (58 chars, 33KB)
  ✓ ch12-p38-s01  (32 chars, 24KB)
  ✓ ch12-p39-s00  (24 chars, 18KB)
  ✓ ch12-p38-s00  (34 chars, 23KB)
  ✓ ch12-p39-s01  (32 chars, 21KB)
  ✓ ch12-p39-s02  (20 chars, 16KB)
  ✓ ch13-p00-s00  (42 chars, 25KB)
  ✓ ch13-p01-s00  (64 chars, 37KB)
  ✓ ch13-p01-s01  (32 chars, 22KB)
  ✓ ch13-p02-s00  (21 chars, 16KB)
  ✓ ch13-p02-s01  (62 chars, 36KB)
  ✓ ch13-p03-s00  (36 chars, 22KB)
  ✓ ch13-p04-s00  (46 chars, 28KB)
  ✓ ch13-p03-s01  (26 chars, 16KB)
  ✓ ch13-p05-s00  (65 chars, 35KB)
  ✓ ch13-p05-s01  (30 chars, 22KB)
  ✓ ch13-p06-s01  (16 chars, 15KB)
  ✓ ch13-p07-s00  (15 chars, 15KB)
  ✓ ch13-p06-s00  (86 chars, 47KB)
  ✓ ch13-p07-s01  (81 chars, 47KB)
  ✓ ch13-p08-s01  (30 chars, 20KB)
  ✓ ch13-p10-s00  (51 chars, 30KB)
  ✓ ch13-p08-s00  (54 chars, 31KB)
  ✓ ch13-p11-s00  (41 chars, 25KB)
  ✓ ch13-p10-s01  (147 chars, 89KB)
  ✓ ch13-p10-s03  (109 chars, 69KB)
  ✓ ch13-p10-s02  (159 chars, 87KB)
  ✓ ch13-p12-s01  (21 chars, 16KB)
  ✓ ch13-p12-s00  (68 chars, 54KB)
  ✓ ch13-p13-s00  (25 chars, 19KB)
  ✓ ch13-p13-s01  (38 chars, 25KB)
  ✓ ch13-p17-s00  (31 chars, 21KB)
  ✓ ch13-p13-s02  (37 chars, 24KB)
  ✓ ch13-p14-s01  (35 chars, 22KB)
  ✓ ch13-p14-s00  (86 chars, 44KB)
  ✓ ch13-p17-s01  (28 chars, 19KB)
  ✓ ch13-p21-s00  (36 chars, 22KB)
  ✓ ch13-p20-s00  (57 chars, 35KB)
  ✓ ch13-p21-s01  (58 chars, 34KB)
  ✓ ch13-p22-s00  (51 chars, 30KB)
  ✓ ch13-p22-s01  (45 chars, 27KB)
  ✓ ch13-p23-s00  (26 chars, 18KB)
  ✓ ch13-p23-s01  (60 chars, 34KB)
  ✓ ch13-p23-s02  (82 chars, 47KB)
  ✓ ch13-p25-s00  (15 chars, 16KB)
  ✓ ch13-p24-s01  (105 chars, 57KB)
  ✓ ch13-p24-s00  (50 chars, 45KB)
  ✓ ch13-p26-s01  (34 chars, 22KB)
  ✓ ch13-p26-s00  (26 chars, 19KB)
  ✓ ch13-p27-s01  (34 chars, 22KB)
  ✓ ch13-p25-s01  (92 chars, 63KB)
  ✓ ch13-p28-s00  (27 chars, 20KB)
  ✓ ch13-p27-s02  (66 chars, 39KB)
  ✓ ch13-p28-s01  (25 chars, 19KB)
  ✓ ch13-p29-s01  (41 chars, 24KB)
  ✓ ch13-p29-s02  (21 chars, 16KB)
  ✓ ch13-p27-s00  (45 chars, 28KB)
  ✓ ch13-p30-s00  (41 chars, 25KB)
  ✓ ch13-p29-s00  (37 chars, 23KB)
  ✓ ch13-p30-s01  (59 chars, 46KB)
  ✓ ch13-p31-s00  (30 chars, 21KB)
  ✓ ch13-p32-s00  (33 chars, 22KB)
  ✓ ch13-p31-s01  (60 chars, 32KB)
  ✓ ch13-p32-s01  (35 chars, 24KB)
  ✓ ch13-p33-s00  (40 chars, 26KB)
  ✓ ch13-p32-s02  (52 chars, 32KB)
  ✓ ch13-p33-s01  (42 chars, 25KB)
  ✓ ch13-p34-s00  (54 chars, 31KB)
  ✓ ch13-p34-s01  (48 chars, 29KB)
  ✓ ch13-p35-s00  (42 chars, 26KB)
  ✓ ch13-p35-s01  (46 chars, 28KB)
  ✓ ch13-p33-s02  (37 chars, 25KB)
  ✓ ch13-p36-s00  (58 chars, 35KB)
  ✓ ch13-p36-s01  (84 chars, 58KB)
  ✓ ch13-p37-s00  (40 chars, 25KB)
  ✓ ch13-p37-s01  (59 chars, 35KB)
  ✓ ch13-p39-s00  (14 chars, 13KB)
  ✓ ch13-p38-s00  (62 chars, 33KB)
  ✓ ch13-p39-s01  (25 chars, 18KB)
  ✓ ch13-p39-s02  (21 chars, 17KB)
  ✓ ch13-p38-s01  (76 chars, 43KB)
  ✓ ch14-p00-s00  (32 chars, 23KB)
  ✓ ch14-p01-s00  (56 chars, 32KB)
  ✓ ch14-p00-s01  (29 chars, 20KB)
  ✓ ch14-p01-s01  (53 chars, 30KB)
  ✓ ch14-p02-s00  (60 chars, 33KB)
  ✓ ch14-p03-s00  (21 chars, 16KB)
  ✓ ch14-p02-s01  (35 chars, 21KB)
  ✓ ch14-p03-s01  (41 chars, 26KB)
  ✓ ch14-p04-s00  (25 chars, 17KB)
  ✓ ch14-p04-s01  (28 chars, 19KB)
  ✓ ch14-p04-s02  (18 chars, 15KB)
  ✓ ch14-p06-s00  (33 chars, 22KB)
  ✓ ch14-p05-s00  (72 chars, 40KB)
  ✓ ch14-p06-s01  (58 chars, 32KB)
  ✓ ch14-p06-s02  (93 chars, 49KB)
  ✓ ch14-p07-s00  (48 chars, 28KB)
  ✓ ch14-p08-s01  (50 chars, 30KB)
  ✓ ch14-p06-s03  (128 chars, 76KB)
  ✓ ch14-p08-s00  (65 chars, 50KB)
  ✓ ch14-p06-s04  (122 chars, 77KB)
  ✓ ch14-p09-s00  (28 chars, 19KB)
  ✓ ch14-p10-s00  (19 chars, 15KB)
  ✓ ch14-p09-s01  (61 chars, 35KB)
  ✓ ch14-p11-s00  (24 chars, 18KB)
  ✓ ch14-p10-s01  (59 chars, 37KB)
  ✓ ch14-p11-s01  (51 chars, 31KB)
  ✓ ch14-p14-s00  (33 chars, 22KB)
  ✓ ch14-p11-s02  (59 chars, 35KB)
  ✓ ch14-p14-s01  (37 chars, 24KB)
  ✓ ch14-p17-s00  (52 chars, 32KB)
  ✓ ch14-p18-s01  (17 chars, 15KB)
  ✓ ch14-p18-s00  (21 chars, 16KB)
  ✓ ch14-p18-s02  (52 chars, 29KB)
  ✓ ch14-p19-s00  (30 chars, 18KB)
  ✓ ch14-p19-s02  (49 chars, 28KB)
  ✓ ch14-p19-s01  (25 chars, 19KB)
  ✓ ch14-p20-s00  (24 chars, 18KB)
  ✓ ch14-p22-s00  (21 chars, 15KB)
  ✓ ch14-p21-s01  (69 chars, 36KB)
  ✓ ch14-p21-s00  (42 chars, 26KB)
  ✓ ch14-p20-s01  (104 chars, 56KB)
  ✓ ch14-p22-s01  (24 chars, 18KB)
  ✓ ch14-p22-s02  (62 chars, 35KB)
  ✓ ch14-p23-s00  (43 chars, 26KB)
  ✓ ch14-p25-s00  (40 chars, 24KB)
  ✓ ch14-p23-s01  (96 chars, 52KB)
  ✓ ch14-p24-s00  (51 chars, 31KB)
  ✓ ch14-p25-s01  (28 chars, 18KB)
  ✓ ch14-p27-s00  (55 chars, 35KB)
  ✓ ch14-p26-s01  (37 chars, 25KB)
  ✓ ch14-p27-s01  (51 chars, 32KB)
  ✓ ch14-p28-s00  (17 chars, 16KB)
  ✓ ch14-p28-s01  (59 chars, 34KB)
  ✓ ch14-p29-s01  (23 chars, 16KB)
  ✓ ch14-p30-s00  (79 chars, 42KB)
  ✓ ch14-p30-s01  (36 chars, 22KB)
  ✓ ch14-p29-s00  (30 chars, 21KB)
  ✓ ch14-p31-s00  (78 chars, 43KB)
  ✓ ch14-p31-s01  (77 chars, 43KB)
  ✓ ch14-p33-s00  (36 chars, 22KB)
  ✓ ch14-p32-s00  (21 chars, 17KB)
  ✓ ch14-p32-s01  (74 chars, 40KB)
  ✓ ch14-p34-s00  (25 chars, 19KB)
  ✓ ch14-p34-s01  (25 chars, 19KB)
  ✓ ch14-p35-s00  (32 chars, 21KB)
  ✓ ch15-p00-s00  (40 chars, 25KB)
  ✓ ch14-p33-s01  (87 chars, 57KB)
  ✓ ch14-p35-s01  (27 chars, 19KB)
  ✓ ch15-p01-s00  (28 chars, 19KB)
  ✓ ch15-p00-s01  (32 chars, 23KB)
  ✓ ch15-p02-s00  (19 chars, 16KB)
  ✓ ch15-p01-s01  (39 chars, 26KB)
  ✓ ch15-p03-s00  (28 chars, 19KB)
  ✓ ch15-p02-s01  (72 chars, 40KB)
  ✓ ch15-p03-s01  (25 chars, 18KB)
  ✓ ch15-p04-s00  (30 chars, 22KB)
  ✓ ch15-p05-s01  (59 chars, 34KB)
  ✓ ch15-p06-s00  (18 chars, 15KB)
  ✓ ch15-p05-s00  (34 chars, 23KB)
  ✓ ch15-p07-s00  (38 chars, 24KB)
  ✓ ch15-p06-s01  (33 chars, 24KB)
  ✓ ch15-p08-s00  (47 chars, 28KB)
  ✓ ch15-p08-s01  (52 chars, 31KB)
  ✓ ch15-p07-s01  (45 chars, 29KB)
  ✓ ch15-p09-s00  (34 chars, 23KB)
  ✓ ch15-p11-s00  (56 chars, 33KB)
  ✓ ch15-p09-s01  (63 chars, 36KB)
  ✓ ch15-p11-s02  (122 chars, 64KB)
  ✓ ch15-p12-s00  (65 chars, 37KB)
  ✓ ch15-p11-s04  (105 chars, 55KB)
  ✓ ch15-p11-s03  (96 chars, 52KB)
  ✓ ch15-p11-s01  (115 chars, 61KB)
  ✓ ch15-p13-s00  (39 chars, 25KB)
  ✓ ch15-p13-s01  (33 chars, 22KB)
  ✓ ch15-p15-s00  (52 chars, 30KB)
  ✓ ch15-p14-s01  (73 chars, 37KB)
  ✓ ch15-p14-s00  (12 chars, 13KB)
  ✓ ch15-p15-s01  (69 chars, 37KB)
  ✓ ch15-p16-s00  (41 chars, 25KB)
  ✓ ch15-p18-s00  (17 chars, 15KB)
  ✓ ch15-p18-s01  (18 chars, 15KB)
  ✓ ch15-p21-s00  (48 chars, 30KB)
  ✓ ch15-p22-s01  (60 chars, 35KB)
  ✓ ch15-p22-s00  (63 chars, 35KB)
  ✓ ch15-p23-s01  (49 chars, 28KB)
  ✓ ch15-p23-s00  (40 chars, 25KB)
  ✓ ch15-p24-s00  (29 chars, 20KB)
  ✓ ch15-p25-s01  (24 chars, 17KB)
  ✓ ch15-p25-s00  (22 chars, 18KB)
  ✓ ch15-p24-s01  (56 chars, 33KB)
  ✓ ch15-p25-s03  (38 chars, 24KB)
  ✓ ch15-p26-s00  (33 chars, 21KB)
  ✓ ch15-p25-s02  (38 chars, 22KB)
  ✓ ch15-p27-s00  (19 chars, 17KB)
  ✓ ch15-p26-s01  (111 chars, 78KB)
  ✓ ch15-p27-s01  (22 chars, 18KB)
  ✓ ch15-p27-s02  (76 chars, 40KB)
  ✓ ch15-p29-s00  (38 chars, 24KB)
  ✓ ch15-p28-s00  (54 chars, 33KB)
  ✓ ch15-p30-s00  (39 chars, 25KB)
  ✓ ch15-p29-s01  (39 chars, 23KB)
  ✓ ch15-p30-s01  (38 chars, 26KB)
  ✓ ch15-p30-s02  (42 chars, 25KB)
  ✓ ch15-p31-s00  (26 chars, 19KB)
  ✓ ch15-p32-s00  (19 chars, 16KB)
  ✓ ch15-p31-s01  (57 chars, 34KB)
  ✓ ch15-p33-s00  (58 chars, 35KB)
  ✓ ch15-p34-s00  (47 chars, 31KB)
  ✓ ch15-p32-s01  (97 chars, 53KB)
  ✓ ch15-p33-s01  (43 chars, 27KB)
  ✓ ch15-p35-s00  (25 chars, 20KB)
  ✓ ch15-p34-s01  (46 chars, 29KB)
  ✓ ch15-p37-s00  (35 chars, 22KB)
  ✓ ch15-p35-s01  (27 chars, 20KB)
  ✓ ch15-p37-s01  (45 chars, 27KB)
  ✓ ch15-p36-s00  (78 chars, 41KB)
  ✓ ch15-p38-s00  (34 chars, 22KB)
  ✓ ch15-p39-s00  (25 chars, 18KB)
  ✓ ch15-p38-s01  (105 chars, 53KB)
  ✓ ch15-p40-s00  (33 chars, 22KB)
  ✓ ch15-p39-s01  (15 chars, 15KB)
  ✓ ch16-p00-s01  (35 chars, 23KB)
  ✓ ch16-p00-s00  (31 chars, 22KB)
  ✓ ch15-p40-s01  (43 chars, 27KB)
  ✓ ch16-p01-s00  (33 chars, 22KB)
  ✓ ch16-p01-s01  (22 chars, 17KB)
  ✓ ch16-p02-s00  (46 chars, 28KB)
  ✓ ch16-p03-s00  (28 chars, 20KB)
  ✓ ch16-p04-s00  (24 chars, 17KB)
  ✓ ch16-p02-s01  (80 chars, 59KB)
  ✓ ch16-p03-s01  (17 chars, 16KB)
  ✓ ch16-p05-s00  (74 chars, 41KB)
  ✓ ch16-p05-s01  (57 chars, 30KB)
  ✓ ch16-p06-s00  (63 chars, 33KB)
  ✓ ch16-p06-s01  (18 chars, 16KB)
  ✓ ch16-p07-s00  (33 chars, 21KB)
  ✓ ch16-p07-s01  (58 chars, 32KB)
  ✓ ch16-p08-s00  (39 chars, 26KB)
  ✓ ch16-p09-s00  (42 chars, 26KB)
  ✓ ch16-p09-s02  (89 chars, 45KB)
  ✓ ch16-p09-s04  (61 chars, 34KB)
  ✓ ch16-p10-s00  (34 chars, 21KB)
  ✓ ch16-p11-s00  (64 chars, 37KB)
  ✓ ch16-p11-s01  (59 chars, 35KB)
  ✓ ch16-p09-s01  (141 chars, 81KB)
  ✓ ch16-p09-s03  (145 chars, 95KB)
  ✓ ch16-p13-s00  (47 chars, 28KB)
  ✓ ch16-p13-s01  (49 chars, 29KB)
  ✓ ch16-p12-s00  (67 chars, 38KB)
  ✓ ch16-p13-s03  (41 chars, 26KB)
  ✓ ch16-p13-s02  (45 chars, 27KB)
  ✓ ch16-p17-s00  (17 chars, 16KB)
  ✓ ch16-p17-s01  (19 chars, 16KB)
  ✓ ch16-p14-s00  (68 chars, 40KB)
  ✓ ch16-p20-s00  (59 chars, 35KB)
  ✓ ch16-p21-s00  (75 chars, 39KB)
  ✓ ch16-p21-s01  (46 chars, 27KB)
  ✓ ch16-p22-s00  (32 chars, 21KB)
  ✓ ch16-p22-s01  (57 chars, 32KB)
  ✓ ch16-p23-s01  (76 chars, 42KB)
  ✓ ch16-p23-s00  (18 chars, 16KB)
  ✓ ch16-p24-s00  (36 chars, 23KB)
  ✓ ch16-p25-s00  (31 chars, 20KB)
  ✓ ch16-p24-s01  (75 chars, 41KB)
  ✓ ch16-p25-s02  (58 chars, 33KB)
  ✓ ch16-p26-s00  (18 chars, 16KB)
  ✓ ch16-p26-s01  (27 chars, 18KB)
  ✓ ch16-p25-s01  (53 chars, 44KB)
  ✓ ch16-p27-s00  (103 chars, 67KB)
  ✓ ch16-p28-s00  (26 chars, 20KB)
  ✓ ch16-p27-s01  (47 chars, 29KB)
  ✓ ch16-p29-s00  (47 chars, 28KB)
  ✓ ch16-p29-s01  (46 chars, 26KB)
  ✓ ch16-p30-s00  (35 chars, 23KB)
  ✓ ch16-p31-s00  (17 chars, 15KB)
  ✓ ch16-p30-s01  (24 chars, 18KB)
  ✓ ch16-p32-s00  (50 chars, 30KB)
  ✓ ch16-p31-s01  (72 chars, 52KB)
  ✓ ch16-p33-s00  (29 chars, 21KB)
  ✓ ch16-p32-s01  (76 chars, 55KB)
  ✓ ch16-p33-s01  (62 chars, 34KB)
  ✓ ch16-p34-s00  (38 chars, 25KB)
  ✓ ch16-p35-s01  (44 chars, 26KB)
  ✓ ch16-p35-s00  (31 chars, 21KB)
  ✓ ch16-p36-s00  (88 chars, 47KB)
  ✓ ch16-p37-s00  (30 chars, 21KB)
  ✓ ch16-p36-s01  (53 chars, 30KB)
  ✓ ch16-p37-s01  (70 chars, 39KB)
  ✓ ch16-p34-s01  (140 chars, 85KB)
  ✓ ch16-p38-s01  (38 chars, 24KB)
  ✓ ch16-p39-s01  (18 chars, 16KB)
  ✓ ch16-p39-s00  (26 chars, 19KB)
  ✓ ch17-p00-s00  (25 chars, 18KB)
  ✓ ch17-p00-s01  (52 chars, 31KB)
  ✓ ch17-p01-s02  (23 chars, 18KB)
  ✓ ch17-p01-s00  (32 chars, 21KB)
  ✓ ch17-p02-s00  (50 chars, 28KB)
  ✓ ch17-p03-s00  (24 chars, 17KB)
  ✓ ch17-p03-s02  (17 chars, 15KB)
  ✓ ch17-p03-s03  (17 chars, 15KB)
  ✓ ch17-p03-s04  (20 chars, 16KB)
  ✓ ch17-p04-s00  (19 chars, 16KB)
  ✓ ch17-p01-s01  (48 chars, 29KB)
  ✓ ch17-p04-s02  (16 chars, 14KB)
  ✓ ch17-p04-s01  (48 chars, 43KB)
  ✓ ch17-p05-s00  (45 chars, 27KB)
  ✓ ch17-p05-s01  (64 chars, 37KB)
  ✓ ch17-p06-s00  (44 chars, 28KB)
  ✓ ch17-p07-s00  (75 chars, 40KB)
  ✓ ch17-p07-s03  (116 chars, 82KB)
  ✓ ch17-p07-s02  (119 chars, 86KB)
  ✓ ch17-p08-s00  (35 chars, 22KB)
  ✓ ch17-p07-s01  (91 chars, 67KB)
  ✓ ch17-p09-s00  (45 chars, 28KB)
  ✓ ch17-p07-s04  (94 chars, 52KB)
  ✓ ch17-p10-s00  (18 chars, 15KB)
  ✓ ch17-p09-s01  (28 chars, 18KB)
  ✓ ch17-p11-s00  (63 chars, 35KB)
  ✓ ch17-p10-s01  (85 chars, 47KB)
  ✓ ch17-p12-s00  (23 chars, 18KB)
  ✓ ch17-p11-s01  (27 chars, 20KB)
  ✓ ch17-p13-s02  (30 chars, 21KB)
  ✓ ch17-p12-s01  (38 chars, 25KB)
  ✓ ch17-p13-s00  (25 chars, 19KB)
  ✓ ch17-p13-s01  (24 chars, 19KB)
  ✓ ch17-p14-s00  (37 chars, 25KB)
  ✓ ch17-p14-s01  (48 chars, 28KB)
  ✓ ch17-p14-s02  (54 chars, 31KB)
  ✓ ch17-p15-s00  (32 chars, 21KB)
  ✓ ch17-p17-s00  (24 chars, 20KB)
  ✓ ch17-p17-s01  (21 chars, 18KB)
  ✓ ch17-p21-s01  (38 chars, 23KB)
  ✓ ch17-p21-s00  (48 chars, 29KB)
  ✓ ch17-p18-s00  (49 chars, 43KB)
  ✓ ch17-p20-s00  (63 chars, 37KB)
  ✓ ch17-p22-s00  (51 chars, 29KB)
  ✓ ch17-p22-s01  (43 chars, 24KB)
  ✓ ch17-p24-s00  (25 chars, 19KB)
  ✓ ch17-p23-s00  (106 chars, 57KB)
  ✓ ch17-p24-s01  (38 chars, 26KB)
  ✓ ch17-p24-s02  (39 chars, 26KB)
  ✓ ch17-p25-s00  (26 chars, 20KB)
  ✓ ch17-p26-s00  (29 chars, 21KB)
  ✓ ch17-p25-s01  (56 chars, 32KB)
  ✓ ch17-p26-s01  (42 chars, 27KB)
  ✓ ch17-p28-s00  (44 chars, 27KB)
  ✓ ch17-p27-s00  (46 chars, 28KB)
  ✓ ch17-p29-s00  (56 chars, 31KB)
  ✓ ch17-p29-s01  (45 chars, 26KB)
  ✓ ch17-p30-s00  (17 chars, 14KB)
  ✓ ch17-p27-s01  (50 chars, 29KB)
  ✓ ch17-p31-s01  (38 chars, 23KB)
  ✓ ch17-p31-s00  (39 chars, 25KB)
  ✓ ch17-p32-s00  (60 chars, 35KB)
  ✓ ch17-p33-s00  (41 chars, 25KB)
  ✓ ch17-p32-s01  (69 chars, 39KB)
  ✓ ch17-p30-s01  (119 chars, 88KB)
  ✓ ch17-p33-s01  (67 chars, 37KB)
  ✓ ch17-p34-s00  (33 chars, 22KB)
  ✓ ch17-p34-s01  (62 chars, 35KB)
  ✓ ch17-p35-s00  (28 chars, 19KB)
  ✓ ch17-p35-s01  (92 chars, 49KB)
  ✓ ch17-p36-s00  (108 chars, 69KB)
  ✓ ch17-p36-s01  (56 chars, 34KB)
  ✓ ch17-p37-s00  (97 chars, 61KB)
  ✓ ch17-p38-s00  (13 chars, 15KB)
  ✓ ch17-p38-s01  (17 chars, 17KB)
  ✓ ch17-p38-s02  (22 chars, 18KB)
  ✓ ch18-p00-s00  (35 chars, 22KB)
  ✓ ch18-p01-s01  (32 chars, 22KB)
  ✓ ch18-p01-s00  (58 chars, 55KB)
  ✓ ch18-p02-s00  (29 chars, 19KB)
  ✓ ch18-p02-s01  (19 chars, 15KB)
  ✓ ch18-p03-s00  (27 chars, 19KB)
  ✓ ch18-p03-s01  (30 chars, 21KB)
  ✓ ch18-p04-s00  (65 chars, 36KB)
  ✓ ch18-p05-s00  (27 chars, 20KB)
  ✓ ch18-p05-s01  (63 chars, 36KB)
  ✓ ch18-p06-s01  (19 chars, 17KB)
  ✓ ch18-p07-s00  (43 chars, 25KB)
  ✓ ch18-p04-s01  (85 chars, 68KB)
  ✓ ch18-p06-s00  (38 chars, 23KB)
  ✓ ch18-p08-s00  (29 chars, 19KB)
  ✓ ch18-p07-s01  (38 chars, 24KB)
  ✓ ch18-p09-s00  (32 chars, 20KB)
  ✓ ch18-p08-s01  (65 chars, 37KB)
  ✓ ch18-p10-s00  (47 chars, 29KB)
  ✓ ch18-p09-s01  (38 chars, 24KB)
  ✓ ch18-p11-s00  (44 chars, 27KB)
  ✓ ch18-p11-s03  (115 chars, 58KB)
  ✓ ch18-p11-s04  (61 chars, 35KB)
  ✓ ch18-p11-s01  (149 chars, 92KB)
  ✓ ch18-p13-s01  (24 chars, 18KB)
  ✓ ch18-p11-s02  (120 chars, 74KB)
  ✓ ch18-p13-s00  (97 chars, 63KB)
  ✓ ch18-p14-s00  (35 chars, 22KB)
  ✓ ch18-p15-s00  (38 chars, 23KB)
  ✓ ch18-p15-s01  (68 chars, 37KB)
  ✓ ch18-p18-s00  (20 chars, 17KB)
  ✓ ch18-p14-s01  (80 chars, 62KB)
  ✓ ch18-p18-s01  (31 chars, 22KB)
  ✓ ch18-p23-s00  (28 chars, 19KB)
  ✓ ch18-p21-s00  (64 chars, 37KB)
  ✓ ch18-p22-s01  (39 chars, 25KB)
  ✓ ch18-p22-s00  (84 chars, 43KB)
  ✓ ch18-p23-s01  (33 chars, 22KB)
  ✓ ch18-p24-s01  (53 chars, 32KB)
  ✓ ch18-p24-s00  (22 chars, 18KB)
  ✓ ch18-p24-s02  (68 chars, 38KB)
  ✓ ch18-p25-s00  (13 chars, 14KB)
  ✓ ch18-p25-s02  (57 chars, 32KB)
  ✓ ch18-p25-s01  (60 chars, 34KB)
  ✓ ch18-p24-s03  (68 chars, 36KB)
  ✓ ch18-p26-s01  (54 chars, 32KB)
  ✓ ch18-p26-s00  (86 chars, 45KB)
  ✓ ch18-p27-s00  (32 chars, 22KB)
  ✓ ch18-p28-s00  (37 chars, 24KB)
  ✓ ch18-p30-s00  (37 chars, 24KB)
  ✓ ch18-p29-s01  (52 chars, 29KB)
  ✓ ch18-p27-s01  (95 chars, 51KB)
  ✓ ch18-p31-s00  (55 chars, 32KB)
  ✓ ch18-p30-s01  (52 chars, 29KB)
  ✓ ch18-p31-s01  (46 chars, 29KB)
  ✓ ch18-p33-s00  (27 chars, 19KB)
  ✓ ch18-p32-s00  (37 chars, 24KB)
  ✓ ch18-p33-s01  (56 chars, 32KB)
  ✓ ch18-p32-s01  (80 chars, 45KB)
  ✓ ch18-p34-s01  (55 chars, 35KB)
  ✓ ch18-p34-s00  (46 chars, 27KB)
  ✓ ch18-p36-s00  (30 chars, 22KB)
  ✓ ch18-p35-s00  (71 chars, 37KB)
  ✓ ch18-p35-s01  (68 chars, 36KB)
  ✓ ch18-p38-s01  (18 chars, 16KB)
  ✓ ch18-p37-s01  (58 chars, 34KB)
  ✓ ch18-p38-s00  (37 chars, 25KB)
  ✓ ch18-p36-s01  (54 chars, 32KB)
  ✓ ch19-p00-s00  (23 chars, 19KB)
  ✓ ch19-p01-s00  (28 chars, 20KB)
  ✓ ch19-p01-s01  (35 chars, 23KB)
  ✓ ch19-p02-s00  (33 chars, 22KB)
  ✓ ch19-p00-s01  (45 chars, 43KB)
  ✓ ch19-p02-s01  (43 chars, 26KB)
  ✓ ch19-p04-s00  (30 chars, 20KB)
  ✓ ch19-p03-s00  (43 chars, 28KB)
  ✓ ch19-p04-s01  (64 chars, 36KB)
  ✓ ch19-p05-s00  (34 chars, 24KB)
  ✓ ch19-p05-s01  (95 chars, 62KB)
  ✓ ch19-p06-s00  (31 chars, 22KB)
  ✓ ch19-p07-s00  (41 chars, 26KB)
  ✓ ch19-p08-s00  (31 chars, 20KB)
  ✓ ch19-p07-s01  (36 chars, 24KB)
  ✓ ch19-p08-s01  (28 chars, 20KB)
  ✓ ch19-p09-s01  (31 chars, 22KB)
  ✓ ch19-p10-s00  (57 chars, 32KB)
  ✓ ch19-p09-s02  (31 chars, 34KB)
  ✓ ch19-p10-s02  (14 chars, 14KB)
  ✓ ch19-p10-s01  (66 chars, 36KB)
  ✓ ch19-p11-s00  (48 chars, 30KB)
  ✓ ch19-p12-s01  (49 chars, 29KB)
  ✓ ch19-p12-s00  (47 chars, 29KB)
  ✓ ch19-p12-s02  (32 chars, 20KB)
  ✓ ch19-p12-s03  (37 chars, 23KB)
  ✓ ch19-p12-s04  (74 chars, 43KB)
  ✓ ch19-p13-s00  (47 chars, 29KB)
  ✓ ch19-p12-s06  (70 chars, 39KB)
  ✓ ch19-p12-s05  (77 chars, 57KB)
  ✓ ch19-p14-s00  (36 chars, 22KB)
  ✓ ch19-p15-s00  (45 chars, 26KB)
  ✓ ch19-p15-s01  (53 chars, 31KB)
  ✓ ch19-p16-s00  (30 chars, 21KB)
  ✓ ch19-p16-s01  (50 chars, 29KB)
  ✓ ch19-p14-s01  (67 chars, 52KB)
  ✓ ch19-p17-s00  (63 chars, 37KB)
  ✓ ch19-p18-s00  (25 chars, 19KB)
  ✓ ch19-p19-s00  (14 chars, 13KB)
  ✓ ch19-p19-s02  (34 chars, 23KB)
  ✓ ch19-p19-s01  (47 chars, 29KB)
  ✓ ch19-p18-s01  (59 chars, 35KB)
  ✓ ch19-p22-s00  (19 chars, 16KB)
  ✓ ch19-p22-s01  (23 chars, 18KB)
  ✓ ch19-p26-s01  (24 chars, 18KB)
  ✓ ch19-p27-s00  (27 chars, 19KB)
  ✓ ch19-p25-s00  (60 chars, 35KB)
  ✓ ch19-p27-s01  (23 chars, 18KB)
  ✓ ch19-p26-s00  (58 chars, 33KB)
  ✓ ch19-p28-s01  (46 chars, 28KB)
  ✓ ch19-p28-s00  (58 chars, 35KB)
  ✓ ch19-p27-s02  (34 chars, 23KB)
  ✓ ch19-p29-s01  (54 chars, 29KB)
  ✓ ch19-p29-s00  (32 chars, 22KB)
  ✓ ch19-p30-s00  (33 chars, 20KB)
  ✓ ch19-p30-s01  (24 chars, 17KB)
  ✓ ch19-p30-s02  (41 chars, 24KB)
  ✓ ch19-p31-s00  (19 chars, 17KB)
  ✓ ch19-p32-s00  (28 chars, 19KB)
  ✓ ch19-p33-s00  (24 chars, 19KB)
  ✓ ch19-p31-s01  (81 chars, 44KB)
  ✓ ch19-p33-s01  (31 chars, 21KB)
  ✓ ch19-p34-s01  (37 chars, 25KB)
  ✓ ch19-p35-s00  (28 chars, 20KB)
  ✓ ch19-p32-s01  (88 chars, 46KB)
  ✓ ch19-p35-s01  (40 chars, 39KB)
  ✓ ch19-p35-s02  (30 chars, 20KB)
  ✓ ch19-p34-s00  (57 chars, 32KB)
  ✓ ch19-p36-s01  (39 chars, 26KB)
  ✓ ch19-p36-s02  (39 chars, 25KB)
  ✓ ch19-p37-s00  (38 chars, 25KB)
  ✓ ch19-p37-s01  (41 chars, 26KB)
  ✓ ch19-p39-s00  (18 chars, 16KB)
  ✓ ch19-p37-s02  (48 chars, 29KB)
  ✓ ch19-p38-s00  (43 chars, 26KB)
  ✓ ch19-p38-s01  (59 chars, 34KB)
  ✓ ch19-p40-s00  (36 chars, 24KB)
  ✓ ch19-p40-s01  (68 chars, 38KB)
  ✓ ch19-p41-s00  (43 chars, 25KB)
  ✓ ch19-p39-s02  (70 chars, 38KB)
  ✓ ch19-p39-s01  (37 chars, 24KB)
  ✓ ch19-p42-s00  (66 chars, 38KB)
  ✓ ch19-p43-s00  (44 chars, 26KB)
  ✓ ch19-p43-s01  (55 chars, 32KB)
  ✓ ch19-p44-s01  (21 chars, 17KB)
  ✓ ch19-p41-s01  (75 chars, 43KB)
  ✓ ch19-p44-s00  (65 chars, 52KB)
  ✓ ch19-p45-s00  (13 chars, 14KB)
  ✓ ch19-p42-s01  (39 chars, 25KB)
  ✓ ch19-p45-s01  (22 chars, 18KB)
  ✓ ch20-p00-s00  (40 chars, 24KB)
  ✓ ch20-p00-s01  (33 chars, 22KB)
  ✓ ch20-p01-s00  (38 chars, 23KB)
  ✓ ch20-p02-s00  (29 chars, 22KB)
  ✓ ch20-p01-s01  (50 chars, 29KB)
  ✓ ch20-p02-s02  (41 chars, 26KB)
  ✓ ch20-p03-s00  (48 chars, 28KB)
  ✓ ch20-p04-s00  (27 chars, 19KB)
  ✓ ch20-p02-s01  (41 chars, 28KB)
  ✓ ch20-p05-s00  (25 chars, 18KB)
  ✓ ch20-p05-s01  (76 chars, 43KB)
  ✓ ch20-p06-s00  (53 chars, 30KB)
  ✓ ch20-p06-s01  (64 chars, 35KB)
  ✓ ch20-p09-s00  (40 chars, 26KB)
  ✓ ch20-p07-s01  (30 chars, 20KB)
  ✓ ch20-p07-s00  (31 chars, 21KB)
  ✓ ch20-p10-s00  (36 chars, 22KB)
  ✓ ch20-p09-s01  (126 chars, 85KB)
  ✓ ch20-p09-s02  (152 chars, 89KB)
  ✓ ch20-p11-s00  (38 chars, 24KB)
  ✓ ch20-p11-s01  (40 chars, 27KB)
  ✓ ch20-p09-s03  (152 chars, 97KB)
  ✓ ch20-p12-s00  (28 chars, 19KB)
  ✓ ch20-p11-s02  (44 chars, 27KB)
  ✓ ch20-p14-s00  (56 chars, 33KB)
  ✓ ch20-p12-s01  (29 chars, 19KB)
  ✓ ch20-p17-s00  (24 chars, 19KB)
  ✓ ch20-p14-s01  (35 chars, 23KB)
  ✓ ch20-p13-s00  (36 chars, 23KB)
  ✓ ch20-p17-s01  (14 chars, 15KB)
  ✓ ch20-p20-s01  (56 chars, 33KB)
  ✓ ch20-p21-s00  (30 chars, 19KB)
  ✓ ch20-p20-s00  (61 chars, 36KB)
  ✓ ch20-p13-s01  (76 chars, 42KB)
  ✓ ch20-p23-s00  (32 chars, 22KB)
  ✓ ch20-p22-s00  (40 chars, 25KB)
  ✓ ch20-p21-s01  (62 chars, 36KB)
  ✓ ch20-p24-s00  (70 chars, 36KB)
  ✓ ch20-p22-s01  (40 chars, 25KB)
  ✓ ch20-p23-s01  (72 chars, 54KB)
  ✓ ch20-p24-s01  (72 chars, 40KB)
  ✓ ch20-p25-s01  (34 chars, 23KB)
  ✓ ch20-p25-s00  (61 chars, 34KB)
  ✓ ch20-p26-s00  (74 chars, 42KB)
  ✓ ch20-p27-s00  (19 chars, 17KB)
  ✓ ch20-p27-s01  (19 chars, 16KB)
  ✓ ch20-p25-s02  (28 chars, 20KB)
  ✓ ch20-p28-s01  (29 chars, 20KB)
  ✓ ch20-p26-s01  (76 chars, 40KB)
  ✓ ch20-p29-s01  (40 chars, 24KB)
  ✓ ch20-p30-s00  (46 chars, 29KB)
  ✓ ch20-p29-s00  (66 chars, 36KB)
  ✓ ch20-p31-s01  (33 chars, 21KB)
  ✓ ch20-p32-s00  (45 chars, 27KB)
  ✓ ch20-p30-s01  (67 chars, 36KB)
  ✓ ch20-p31-s00  (30 chars, 20KB)
  ✓ ch20-p34-s00  (41 chars, 27KB)
  ✓ ch20-p32-s01  (64 chars, 37KB)
  ✓ ch20-p33-s00  (52 chars, 30KB)
  ✓ ch20-p34-s01  (82 chars, 45KB)
  ✓ ch20-p35-s00  (29 chars, 20KB)
  ✓ ch20-p36-s00  (50 chars, 28KB)
  ✓ ch20-p35-s01  (73 chars, 39KB)
  ✓ ch20-p33-s01  (60 chars, 36KB)
  ✓ ch20-p37-s00  (25 chars, 28KB)
  ✓ ch20-p37-s01  (15 chars, 15KB)
  ✓ ch20-p36-s01  (74 chars, 44KB)
  ✓ ch20-p38-s00  (44 chars, 34KB)
  ✓ ch21-p01-s00  (34 chars, 23KB)
  ✓ ch21-p02-s01  (27 chars, 21KB)
  ✓ ch21-p01-s01  (81 chars, 58KB)
  ✓ ch21-p03-s00  (26 chars, 19KB)
  ✓ ch21-p00-s00  (50 chars, 30KB)
  ✓ ch21-p03-s01  (54 chars, 45KB)
  ✓ ch21-p02-s00  (35 chars, 23KB)
  ✓ ch21-p04-s00  (57 chars, 34KB)
  ✓ ch21-p04-s01  (53 chars, 30KB)
  ✓ ch21-p06-s00  (18 chars, 16KB)
  ✓ ch21-p05-s01  (64 chars, 37KB)
  ✓ ch21-p05-s00  (64 chars, 35KB)
  ✓ ch21-p08-s01  (158 chars, 106KB)
  ✓ ch21-p08-s00  (31 chars, 21KB)
  ✓ ch21-p08-s02  (121 chars, 73KB)
  ✓ ch21-p06-s01  (57 chars, 32KB)
  ✓ ch21-p10-s00  (38 chars, 25KB)
  ✓ ch21-p09-s00  (70 chars, 38KB)
  ✓ ch21-p08-s04  (139 chars, 104KB)
  ✓ ch21-p10-s02  (35 chars, 22KB)
  ✓ ch21-p11-s00  (15 chars, 14KB)
  ✓ ch21-p08-s03  (105 chars, 73KB)
  ✓ ch21-p11-s01  (79 chars, 45KB)
  ✓ ch21-p12-s00  (46 chars, 29KB)
  ✓ ch21-p13-s00  (57 chars, 36KB)
  ✓ ch21-p12-s01  (47 chars, 29KB)
  ✓ ch21-p10-s01  (41 chars, 24KB)
  ✓ ch21-p14-s00  (33 chars, 21KB)
  ✓ ch21-p17-s00  (50 chars, 43KB)
  ✓ ch21-p16-s01  (18 chars, 16KB)
  ✓ ch21-p13-s01  (46 chars, 28KB)
  ✓ ch21-p19-s01  (51 chars, 32KB)
  ✓ ch21-p16-s00  (27 chars, 20KB)
  ✓ ch21-p21-s00  (38 chars, 24KB)
  ✓ ch21-p19-s00  (29 chars, 21KB)
  ✓ ch21-p21-s01  (32 chars, 22KB)
  ✓ ch21-p21-s02  (19 chars, 17KB)
  ✓ ch21-p21-s03  (17 chars, 16KB)
  ✓ ch21-p21-s04  (18 chars, 17KB)
  ✓ ch21-p23-s00  (29 chars, 22KB)
  ✓ ch21-p21-s05  (18 chars, 16KB)
  ✓ ch21-p22-s01  (46 chars, 29KB)
  ✓ ch21-p23-s01  (20 chars, 17KB)
  ✓ ch21-p23-s02  (21 chars, 18KB)
  ✓ ch21-p20-s00  (63 chars, 35KB)
  ✓ ch21-p23-s03  (32 chars, 22KB)
  ✓ ch21-p24-s00  (45 chars, 29KB)
  ✓ ch21-p24-s01  (48 chars, 28KB)
  ✓ ch21-p26-s00  (35 chars, 22KB)
  ✓ ch21-p25-s01  (52 chars, 32KB)
  ✓ ch21-p25-s00  (24 chars, 18KB)
  ✓ ch21-p28-s01  (47 chars, 27KB)
  ✓ ch21-p27-s00  (46 chars, 29KB)
  ✓ ch21-p26-s01  (84 chars, 59KB)
  ✓ ch21-p29-s01  (33 chars, 21KB)
  ✓ ch21-p30-s00  (57 chars, 33KB)
  ✓ ch21-p30-s01  (32 chars, 24KB)
  ✓ ch21-p29-s00  (51 chars, 31KB)
  ✓ ch21-p31-s01  (17 chars, 15KB)
  ✓ ch21-p31-s02  (19 chars, 16KB)
  ✓ ch21-p31-s03  (19 chars, 16KB)
  ✓ ch21-p31-s00  (14 chars, 14KB)
  ✓ ch21-p33-s00  (29 chars, 21KB)
  ✓ ch21-p32-s01  (18 chars, 16KB)
  ✓ ch21-p34-s00  (79 chars, 59KB)
  ✓ ch21-p33-s01  (45 chars, 28KB)
  ✓ ch21-p32-s00  (98 chars, 52KB)
  ✓ ch21-p35-s00  (22 chars, 17KB)
  ✓ ch21-p35-s01  (112 chars, 72KB)
  ✓ ch21-p36-s01  (39 chars, 24KB)
  ✓ ch21-p36-s02  (91 chars, 47KB)
  ✓ ch21-p38-s00  (32 chars, 21KB)
  ✓ ch22-p00-s01  (19 chars, 15KB)
  ✓ ch22-p00-s00  (46 chars, 29KB)
  ✓ ch21-p34-s01  (58 chars, 34KB)
  ✓ ch22-p00-s02  (20 chars, 16KB)
  ✓ ch22-p01-s00  (40 chars, 31KB)
  ✓ ch22-p02-s00  (26 chars, 19KB)
  ✓ ch21-p37-s00  (37 chars, 30KB)
  ✓ ch22-p01-s01  (36 chars, 24KB)
  ✓ ch22-p03-s00  (54 chars, 30KB)
  ✓ ch22-p02-s01  (71 chars, 41KB)
  ✓ ch22-p03-s01  (45 chars, 27KB)
  ✓ ch22-p05-s00  (53 chars, 31KB)
  ✓ ch22-p04-s00  (34 chars, 23KB)
  ✓ ch22-p04-s01  (87 chars, 59KB)
  ✓ ch22-p06-s01  (74 chars, 41KB)
  ✓ ch22-p06-s00  (65 chars, 36KB)
  ✓ ch22-p06-s02  (72 chars, 40KB)
  ✓ ch22-p06-s04  (118 chars, 64KB)
  ✓ ch22-p07-s00  (16 chars, 15KB)
  ✓ ch22-p06-s03  (77 chars, 42KB)
  ✓ ch22-p08-s01  (29 chars, 21KB)
  ✓ ch22-p07-s01  (62 chars, 35KB)
  ✓ ch22-p09-s00  (57 chars, 32KB)
  ✓ ch22-p10-s00  (35 chars, 23KB)
  ✓ ch22-p10-s02  (40 chars, 26KB)
  ✓ ch22-p10-s01  (42 chars, 27KB)
  ✓ ch22-p10-s03  (66 chars, 38KB)
  ✓ ch22-p11-s00  (31 chars, 23KB)
  ✓ ch22-p12-s00  (32 chars, 21KB)
  ✓ ch22-p11-s01  (77 chars, 43KB)
  ✓ ch22-p14-s01  (16 chars, 16KB)
  ✓ ch22-p15-s00  (49 chars, 43KB)
  ✓ ch22-p17-s00  (25 chars, 19KB)
  ✓ ch22-p14-s00  (15 chars, 15KB)
  ✓ ch22-p18-s01  (38 chars, 26KB)
  ✓ ch22-p17-s01  (46 chars, 28KB)
  ✓ ch22-p18-s00  (53 chars, 32KB)
  ✓ ch22-p19-s00  (48 chars, 27KB)
  ✓ ch22-p20-s00  (43 chars, 27KB)
  ✓ ch22-p19-s01  (57 chars, 32KB)
  ✓ ch22-p21-s01  (31 chars, 22KB)
  ✓ ch22-p21-s00  (35 chars, 23KB)
  ✓ ch22-p22-s00  (44 chars, 27KB)
  ✓ ch22-p22-s01  (36 chars, 23KB)
  ✓ ch22-p20-s01  (71 chars, 38KB)
  ✓ ch22-p23-s00  (30 chars, 20KB)
  ✓ ch22-p22-s02  (66 chars, 36KB)
  ✓ ch22-p24-s00  (26 chars, 19KB)
  ✓ ch22-p24-s01  (42 chars, 26KB)
  ✓ ch22-p23-s01  (82 chars, 57KB)
  ✓ ch22-p25-s00  (37 chars, 24KB)
  ✓ ch22-p26-s00  (40 chars, 26KB)
  ✓ ch22-p25-s01  (70 chars, 39KB)
  ✓ ch22-p27-s00  (61 chars, 48KB)
  ✓ ch22-p27-s01  (29 chars, 19KB)
  ✓ ch22-p29-s00  (36 chars, 23KB)
  ✓ ch22-p30-s00  (68 chars, 38KB)
  ✓ ch22-p29-s01  (88 chars, 47KB)
  ✓ ch22-p30-s01  (27 chars, 18KB)
  ✓ ch22-p28-s00  (89 chars, 60KB)
  ✓ ch22-p31-s00  (48 chars, 29KB)
  ✓ ch22-p33-s00  (20 chars, 16KB)
  ✓ ch22-p32-s00  (18 chars, 16KB)
  ✓ ch22-p34-s00  (62 chars, 35KB)
  ✓ ch22-p33-s01  (78 chars, 43KB)
  ✓ ch22-p34-s01  (49 chars, 29KB)
  ✓ ch22-p32-s01  (96 chars, 50KB)
  ✓ ch22-p35-s00  (26 chars, 19KB)
  ✓ ch22-p36-s00  (21 chars, 18KB)
  ✓ ch22-p36-s01  (29 chars, 20KB)
  ✓ ch22-p37-s01  (33 chars, 21KB)
  ✓ ch22-p37-s00  (63 chars, 36KB)
  ✓ ch22-p35-s01  (77 chars, 63KB)
  ✓ ch22-p37-s02  (51 chars, 33KB)
  ✓ ch22-p38-s00  (46 chars, 28KB)
  ✓ ch22-p39-s00  (59 chars, 33KB)
  ✓ ch22-p38-s01  (40 chars, 26KB)
  ✓ ch22-p40-s00  (20 chars, 17KB)
  ✓ ch22-p39-s01  (58 chars, 36KB)
  ✓ ch22-p40-s01  (16 chars, 16KB)
  ✓ ch22-p41-s00  (32 chars, 21KB)
  ✓ ch22-p41-s01  (35 chars, 24KB)
  ✓ ch23-p01-s00  (26 chars, 20KB)
  ✓ ch23-p00-s00  (39 chars, 26KB)
  ✓ ch23-p00-s01  (33 chars, 22KB)
  ✓ ch23-p01-s01  (65 chars, 38KB)
  ✓ ch23-p02-s00  (29 chars, 20KB)
  ✓ ch23-p03-s00  (78 chars, 56KB)
  ✓ ch23-p02-s01  (44 chars, 28KB)
  ✓ ch23-p04-s00  (100 chars, 53KB)
  ✓ ch23-p06-s01  (27 chars, 20KB)
  ✓ ch23-p06-s00  (33 chars, 22KB)
  ✓ ch23-p06-s02  (28 chars, 19KB)
  ✓ ch23-p06-s03  (49 chars, 29KB)
  ✓ ch23-p05-s00  (98 chars, 53KB)
  ✓ ch23-p08-s00  (39 chars, 27KB)
  ✓ ch23-p09-s00  (48 chars, 28KB)
  ✓ ch23-p08-s02  (155 chars, 96KB)
  ✓ ch23-p08-s03  (115 chars, 79KB)
  ✓ ch23-p08-s01  (142 chars, 94KB)
  ✓ ch23-p10-s00  (54 chars, 31KB)
  ✓ ch23-p11-s00  (28 chars, 20KB)
  ✓ ch23-p12-s00  (99 chars, 52KB)
  ✓ ch23-p10-s01  (55 chars, 33KB)
  ✓ ch23-p11-s01  (86 chars, 50KB)
  ✓ ch23-p12-s01  (41 chars, 26KB)
  ✓ ch23-p13-s00  (31 chars, 21KB)
  ✓ ch23-p15-s01  (15 chars, 15KB)
  ✓ ch23-p15-s00  (28 chars, 20KB)
  ✓ ch23-p19-s00  (24 chars, 18KB)
  ✓ ch23-p18-s00  (60 chars, 34KB)
  ✓ ch23-p20-s00  (21 chars, 17KB)
  ✓ ch23-p19-s01  (67 chars, 37KB)
  ✓ ch23-p21-s00  (22 chars, 17KB)
  ✓ ch23-p20-s01  (61 chars, 35KB)
  ✓ ch23-p22-s00  (18 chars, 16KB)
  ✓ ch23-p21-s01  (71 chars, 37KB)
  ✓ ch23-p23-s01  (46 chars, 29KB)
  ✓ ch23-p23-s00  (34 chars, 23KB)
  ✓ ch23-p24-s01  (59 chars, 33KB)
  ✓ ch23-p24-s00  (88 chars, 60KB)
  ✓ ch23-p22-s01  (47 chars, 30KB)
  ✓ ch23-p25-s00  (73 chars, 56KB)
  ✓ ch23-p26-s01  (21 chars, 16KB)
  ✓ ch23-p26-s00  (31 chars, 21KB)
  ✓ ch23-p27-s00  (44 chars, 29KB)
  ✓ ch23-p27-s01  (40 chars, 26KB)
  ✓ ch23-p29-s01  (37 chars, 24KB)
  ✓ ch23-p28-s00  (30 chars, 21KB)
  ✓ ch23-p26-s02  (85 chars, 46KB)
  ✓ ch23-p29-s02  (21 chars, 17KB)
  ✓ ch23-p30-s01  (42 chars, 27KB)
  ✓ ch23-p31-s00  (16 chars, 15KB)
  ✓ ch23-p30-s00  (24 chars, 18KB)
  ✓ ch23-p31-s01  (48 chars, 27KB)
  ✓ ch23-p32-s01  (22 chars, 17KB)
  ✓ ch23-p32-s00  (31 chars, 21KB)
  ✓ ch23-p31-s02  (59 chars, 34KB)
  ✓ ch23-p32-s02  (55 chars, 30KB)
  ✓ ch23-p33-s00  (24 chars, 18KB)
  ✓ ch23-p33-s01  (45 chars, 28KB)
  ✓ ch23-p34-s00  (57 chars, 32KB)
  ✓ ch23-p35-s01  (49 chars, 29KB)
  ✓ ch23-p34-s01  (66 chars, 37KB)
  ✓ ch23-p35-s00  (22 chars, 18KB)
  ✓ ch23-p35-s02  (59 chars, 31KB)
  ✓ ch23-p36-s00  (30 chars, 21KB)
  ✓ ch23-p36-s01  (52 chars, 32KB)
  ✓ ch23-p37-s01  (70 chars, 55KB)
  ✓ ch23-p37-s00  (64 chars, 37KB)
  ✓ ch23-p38-s00  (40 chars, 27KB)
  ✓ ch23-p38-s01  (50 chars, 29KB)
  ✓ ch23-p40-s00  (35 chars, 22KB)
  ✓ ch23-p39-s00  (20 chars, 17KB)
  ✓ ch24-p00-s01  (61 chars, 35KB)
  ✓ ch24-p00-s00  (32 chars, 22KB)
  ✓ ch24-p01-s01  (24 chars, 19KB)
  ✓ ch24-p01-s02  (29 chars, 20KB)
  ✓ ch24-p01-s00  (22 chars, 19KB)
  ✓ ch24-p02-s01  (35 chars, 24KB)
  ✓ ch24-p02-s00  (35 chars, 23KB)
  ✓ ch24-p02-s03  (34 chars, 24KB)
  ✓ ch24-p02-s02  (35 chars, 23KB)
  ✓ ch24-p03-s00  (35 chars, 23KB)
  ✓ ch24-p04-s00  (27 chars, 19KB)
  ✓ ch24-p05-s02  (27 chars, 19KB)
  ✓ ch24-p05-s01  (20 chars, 16KB)
  ✓ ch24-p05-s00  (63 chars, 55KB)
  ✓ ch24-p05-s03  (20 chars, 16KB)
  ✓ ch24-p06-s00  (39 chars, 25KB)
  ✓ ch24-p05-s04  (22 chars, 18KB)
  ✓ ch24-p06-s01  (48 chars, 28KB)
  ✓ ch24-p07-s01  (36 chars, 24KB)
  ✓ ch24-p07-s02  (46 chars, 28KB)
  ✓ ch24-p07-s00  (28 chars, 20KB)
  ✓ ch24-p09-s00  (33 chars, 22KB)
  ✓ ch24-p07-s03  (46 chars, 28KB)
  ✓ ch24-p10-s00  (40 chars, 25KB)
  ✓ ch24-p09-s01  (190 chars, 106KB)
  ✓ ch24-p09-s02  (132 chars, 84KB)
  ✓ ch24-p11-s01  (46 chars, 28KB)
  ✓ ch24-p09-s03  (135 chars, 88KB)
  ✓ ch24-p11-s00  (35 chars, 22KB)
  ✓ ch24-p11-s02  (50 chars, 29KB)
  ✓ ch24-p11-s03  (38 chars, 22KB)
  ✓ ch24-p13-s00  (65 chars, 35KB)
  ✓ ch24-p14-s00  (41 chars, 26KB)
  ✓ ch24-p12-s00  (49 chars, 29KB)
  ✓ ch24-p13-s01  (76 chars, 42KB)
  ✓ ch24-p14-s01  (58 chars, 33KB)
  ✓ ch24-p17-s01  (15 chars, 16KB)
  ✓ ch24-p17-s00  (28 chars, 21KB)
  ✓ ch24-p15-s00  (33 chars, 21KB)
  ✓ ch24-p20-s00  (27 chars, 19KB)
  ✓ ch24-p18-s00  (50 chars, 43KB)
  ✓ ch24-p21-s00  (31 chars, 21KB)
  ✓ ch24-p20-s01  (57 chars, 32KB)
  ✓ ch24-p21-s01  (67 chars, 36KB)
  ✓ ch24-p22-s00  (86 chars, 46KB)
  ✓ ch24-p23-s00  (28 chars, 21KB)
  ✓ ch24-p22-s01  (66 chars, 37KB)
  ✓ ch24-p24-s00  (30 chars, 21KB)
  ✓ ch24-p25-s00  (54 chars, 32KB)
  ✓ ch24-p23-s01  (97 chars, 52KB)
  ✓ ch24-p24-s01  (23 chars, 18KB)
  ✓ ch24-p25-s01  (63 chars, 35KB)
  ✓ ch24-p26-s00  (33 chars, 22KB)
  ✓ ch24-p27-s00  (47 chars, 29KB)
  ✓ ch24-p27-s01  (33 chars, 20KB)
  ✓ ch24-p26-s01  (77 chars, 42KB)
  ✓ ch24-p27-s02  (44 chars, 27KB)
  ✓ ch24-p28-s00  (23 chars, 18KB)
  ✓ ch24-p28-s01  (18 chars, 16KB)
  ✓ ch24-p29-s01  (45 chars, 26KB)
  ✓ ch24-p30-s00  (37 chars, 23KB)
  ✓ ch24-p29-s00  (41 chars, 25KB)
  ✓ ch24-p31-s00  (29 chars, 19KB)
  ✓ ch24-p31-s01  (36 chars, 24KB)
  ✓ ch24-p30-s01  (38 chars, 25KB)
  ✓ ch24-p32-s01  (28 chars, 20KB)
  ✓ ch24-p32-s02  (20 chars, 17KB)
  ✓ ch24-p32-s00  (18 chars, 17KB)
  ✓ ch24-p33-s00  (33 chars, 22KB)
  ✓ ch24-p34-s00  (46 chars, 27KB)
  ✓ ch24-p33-s01  (80 chars, 44KB)
  ✓ ch24-p35-s00  (26 chars, 18KB)
  ✓ ch24-p34-s01  (73 chars, 42KB)
  ✓ ch24-p35-s01  (78 chars, 42KB)
  ✓ ch24-p35-s02  (43 chars, 27KB)
  ✓ ch24-p36-s00  (22 chars, 17KB)
  ✓ ch24-p36-s01  (66 chars, 38KB)
  ✓ ch24-p37-s00  (36 chars, 24KB)
  ✓ ch24-p37-s01  (68 chars, 39KB)
  ✓ ch24-p39-s00  (17 chars, 16KB)
  ✓ ch24-p38-s00  (27 chars, 21KB)
  ✓ ch24-p40-s00  (32 chars, 21KB)
  ✓ ch24-p39-s01  (28 chars, 22KB)
  ✓ ch25-p00-s00  (10 chars, 13KB)
  ✓ ch24-p38-s01  (71 chars, 39KB)
  ✓ ch25-p02-s00  (41 chars, 24KB)
  ✓ ch25-p00-s01  (49 chars, 29KB)
  ✓ ch25-p01-s00  (38 chars, 25KB)
  ✓ ch25-p01-s01  (58 chars, 33KB)
  ✓ ch25-p03-s00  (33 chars, 22KB)
  ✓ ch25-p02-s02  (22 chars, 16KB)
  ✓ ch25-p04-s00  (18 chars, 16KB)
  ✓ ch25-p02-s01  (27 chars, 18KB)
  ✓ ch25-p05-s01  (41 chars, 25KB)
  ✓ ch25-p05-s00  (74 chars, 43KB)
  ✓ ch25-p06-s00  (23 chars, 18KB)
  ✓ ch25-p04-s01  (90 chars, 63KB)
  ✓ ch25-p06-s01  (34 chars, 24KB)
  ✓ ch25-p08-s00  (19 chars, 15KB)
  ✓ ch25-p07-s00  (33 chars, 22KB)
  ✓ ch25-p07-s01  (69 chars, 3KB)
  ✓ ch25-p08-s01  (53 chars, 31KB)
  ✓ ch25-p09-s00  (36 chars, 24KB)
  ✓ ch25-p10-s00  (59 chars, 48KB)
  ✓ ch25-p11-s00  (43 chars, 26KB)
  ✓ ch25-p10-s01  (163 chars, 101KB)
  ✓ ch25-p10-s02  (117 chars, 74KB)
  ✓ ch25-p12-s01  (44 chars, 26KB)
  ✓ ch25-p12-s00  (74 chars, 54KB)
  ✓ ch25-p13-s00  (50 chars, 30KB)
  ✓ ch25-p10-s03  (105 chars, 67KB)
  ✓ ch25-p14-s00  (35 chars, 23KB)
  ✓ ch25-p13-s01  (83 chars, 45KB)
  ✓ ch25-p17-s00  (21 chars, 17KB)
  ✓ ch25-p17-s01  (25 chars, 18KB)
  ✓ ch25-p14-s01  (66 chars, 50KB)
  ✓ ch25-p20-s01  (42 chars, 26KB)
  ✓ ch25-p20-s00  (39 chars, 24KB)
  ✓ ch25-p21-s00  (38 chars, 24KB)
  ✓ ch25-p23-s00  (44 chars, 27KB)
  ✓ ch25-p22-s00  (42 chars, 27KB)
  ✓ ch25-p22-s01  (42 chars, 27KB)
  ✓ ch25-p23-s01  (47 chars, 29KB)
  ✓ ch25-p24-s01  (42 chars, 25KB)
  ✓ ch25-p24-s00  (46 chars, 29KB)
  ✓ ch25-p26-s01  (19 chars, 16KB)
  ✓ ch25-p26-s00  (56 chars, 32KB)
  ✓ ch25-p27-s01  (51 chars, 31KB)
  ✓ ch25-p25-s00  (66 chars, 39KB)
  ✓ ch25-p27-s00  (90 chars, 48KB)
  ✓ ch25-p28-s01  (30 chars, 19KB)
  ✓ ch25-p28-s02  (44 chars, 4KB)
  ✓ ch25-p29-s00  (19 chars, 17KB)
  ✓ ch25-p28-s00  (25 chars, 18KB)
  ✓ ch25-p29-s01  (16 chars, 15KB)
  ✓ ch25-p30-s00  (42 chars, 26KB)
  ✓ ch25-p30-s01  (25 chars, 19KB)
  ✓ ch25-p31-s01  (55 chars, 30KB)
  ✓ ch25-p31-s00  (45 chars, 27KB)
  ✓ ch25-p32-s00  (31 chars, 21KB)
  ✓ ch25-p32-s01  (40 chars, 25KB)
  ✓ ch25-p33-s00  (68 chars, 37KB)
  ✓ ch25-p35-s00  (23 chars, 17KB)
  ✓ ch25-p34-s00  (74 chars, 41KB)
  ✓ ch25-p36-s01  (37 chars, 24KB)
  ✓ ch25-p35-s01  (91 chars, 48KB)
  ✓ ch25-p36-s00  (107 chars, 57KB)
  ✓ ch25-p37-s00  (72 chars, 42KB)
  ✓ ch25-p34-s01  (53 chars, 31KB)
  ✓ ch25-p38-s01  (41 chars, 27KB)
  ✓ ch25-p38-s00  (57 chars, 34KB)
  ✓ ch25-p39-s01  (34 chars, 22KB)
  ✓ ch25-p40-s00  (20 chars, 17KB)
  ✓ ch25-p39-s00  (20 chars, 17KB)
  ✓ ch25-p41-s00  (19 chars, 17KB)
  ✓ ch25-p40-s01  (101 chars, 52KB)
  ✓ ch25-p41-s01  (33 chars, 23KB)
  ✓ ch25-p39-s02  (76 chars, 40KB)
  ✓ ch25-p42-s00  (32 chars, 21KB)
  ✓ ch26-p00-s00  (25 chars, 19KB)
  ✓ ch25-p42-s01  (34 chars, 20KB)
  ✓ ch26-p00-s01  (54 chars, 33KB)
  ✓ ch26-p01-s01  (50 chars, 29KB)
  ✓ ch26-p01-s02  (19 chars, 16KB)
  ✓ ch26-p02-s00  (27 chars, 19KB)
  ✓ ch26-p02-s01  (24 chars, 19KB)
  ✓ ch26-p03-s00  (51 chars, 31KB)
  ✓ ch26-p03-s01  (40 chars, 27KB)
  ✓ ch26-p01-s00  (22 chars, 18KB)
  ✓ ch26-p04-s00  (27 chars, 19KB)
  ✓ ch26-p05-s00  (23 chars, 17KB)
  ✓ ch26-p05-s01  (41 chars, 27KB)
  ✓ ch26-p06-s00  (60 chars, 35KB)
  ✓ ch26-p05-s02  (40 chars, 26KB)
  ✓ ch26-p06-s01  (65 chars, 36KB)
  ✓ ch26-p07-s00  (32 chars, 22KB)
  ✓ ch26-p07-s01  (36 chars, 24KB)
  ✓ ch26-p08-s00  (20 chars, 18KB)
  ✓ ch26-p08-s01  (59 chars, 35KB)
  ✓ ch26-p10-s00  (58 chars, 32KB)
  ✓ ch26-p09-s00  (74 chars, 41KB)
  ✓ ch26-p11-s00  (50 chars, 29KB)
  ✓ ch26-p10-s01  (197 chars, 133KB)
  ✓ ch26-p10-s03  (91 chars, 50KB)
  ✓ ch26-p13-s00  (39 chars, 23KB)
  ✓ ch26-p10-s02  (189 chars, 112KB)
  ✓ ch26-p12-s00  (59 chars, 34KB)
  ✓ ch26-p12-s01  (96 chars, 52KB)
  ✓ ch26-p13-s01  (44 chars, 26KB)
  ✓ ch26-p14-s00  (30 chars, 21KB)
  ✓ ch26-p14-s01  (80 chars, 46KB)
  ✓ ch26-p15-s00  (33 chars, 21KB)
  ✓ ch26-p17-s00  (35 chars, 26KB)
  ✓ ch26-p18-s00  (50 chars, 42KB)
  ✓ ch26-p20-s00  (21 chars, 17KB)
  ✓ ch26-p21-s00  (25 chars, 18KB)
  ✓ ch26-p21-s01  (37 chars, 24KB)
  ✓ ch26-p21-s02  (34 chars, 22KB)
  ✓ ch26-p20-s01  (95 chars, 52KB)
  ✓ ch26-p22-s00  (36 chars, 24KB)
  ✓ ch26-p21-s03  (23 chars, 18KB)
  ✓ ch26-p22-s01  (58 chars, 33KB)
  ✓ ch26-p22-s02  (47 chars, 29KB)
  ✓ ch26-p23-s00  (51 chars, 31KB)
  ✓ ch26-p24-s00  (42 chars, 25KB)
  ✓ ch26-p25-s00  (28 chars, 20KB)
  ✓ ch26-p24-s01  (62 chars, 34KB)
  ✓ ch26-p23-s01  (59 chars, 49KB)
  ✓ ch26-p25-s01  (71 chars, 39KB)
  ✓ ch26-p26-s00  (66 chars, 36KB)
  ✓ ch26-p27-s00  (40 chars, 26KB)
  ✓ ch26-p28-s01  (41 chars, 24KB)
  ✓ ch26-p26-s01  (59 chars, 36KB)
  ✓ ch26-p28-s02  (19 chars, 15KB)
  ✓ ch26-p29-s01  (79 chars, 44KB)
  ✓ ch26-p29-s00  (65 chars, 37KB)
  ✓ ch26-p30-s00  (60 chars, 35KB)
  ✓ ch26-p31-s00  (26 chars, 18KB)
  ✓ ch26-p32-s00  (52 chars, 29KB)
  ✓ ch26-p32-s01  (57 chars, 34KB)
  ✓ ch26-p33-s00  (36 chars, 23KB)
  ✓ ch26-p31-s01  (67 chars, 37KB)
  ✓ ch26-p34-s00  (36 chars, 22KB)
  ✓ ch26-p33-s01  (79 chars, 41KB)
  ✓ ch26-p35-s00  (78 chars, 42KB)
  ✓ ch26-p35-s01  (23 chars, 18KB)
  ✓ ch26-p35-s02  (39 chars, 25KB)
  ✓ ch26-p34-s01  (58 chars, 35KB)
  ✓ ch26-p36-s00  (41 chars, 24KB)
  ✓ ch26-p36-s01  (40 chars, 25KB)
  ✓ ch26-p37-s00  (17 chars, 15KB)
  ✓ ch26-p38-s00  (58 chars, 32KB)
  ✓ ch26-p37-s01  (18 chars, 16KB)
  ✓ ch27-p00-s00  (15 chars, 14KB)
  ✓ ch27-p01-s00  (17 chars, 17KB)
  ✓ ch27-p02-s00  (20 chars, 17KB)
  ✓ ch27-p00-s01  (66 chars, 38KB)
  ✓ ch27-p02-s01  (21 chars, 18KB)
  ✓ ch27-p01-s01  (69 chars, 40KB)
  ✓ ch27-p03-s00  (28 chars, 19KB)
  ✓ ch27-p03-s01  (23 chars, 17KB)
  ✓ ch27-p04-s00  (41 chars, 25KB)
  ✓ ch27-p04-s01  (35 chars, 22KB)
  ✓ ch27-p05-s00  (33 chars, 21KB)
  ✓ ch27-p05-s01  (37 chars, 23KB)
  ✓ ch27-p05-s03  (36 chars, 22KB)
  ✓ ch27-p05-s04  (32 chars, 22KB)
  ✓ ch27-p05-s02  (46 chars, 28KB)
  ✓ ch27-p05-s05  (35 chars, 22KB)
  ✓ ch27-p07-s00  (31 chars, 21KB)
  ✓ ch27-p08-s00  (19 chars, 16KB)
  ✓ ch27-p06-s00  (54 chars, 32KB)
  ✓ ch27-p07-s01  (85 chars, 56KB)
  ✓ ch27-p09-s00  (34 chars, 21KB)
  ✓ ch27-p10-s00  (20 chars, 16KB)
  ✓ ch27-p08-s01  (83 chars, 57KB)
  ✓ ch27-p09-s01  (46 chars, 27KB)
  ✓ ch27-p10-s01  (22 chars, 17KB)
  ✓ ch27-p10-s02  (22 chars, 18KB)
  ✓ ch27-p10-s03  (23 chars, 18KB)
  ✓ ch27-p11-s00  (73 chars, 39KB)
  ✓ ch27-p13-s00  (45 chars, 26KB)
  ✓ ch27-p14-s00  (18 chars, 16KB)
  ✓ ch27-p10-s04  (22 chars, 18KB)
  ✓ ch27-p14-s02  (46 chars, 27KB)
  ✓ ch27-p14-s01  (32 chars, 20KB)
  ✓ ch27-p15-s00  (82 chars, 44KB)
  ✓ ch27-p16-s00  (48 chars, 28KB)
  ✓ ch27-p17-s00  (44 chars, 27KB)
  ✓ ch27-p17-s01  (24 chars, 19KB)
  ✓ ch27-p16-s01  (75 chars, 41KB)
  ✓ ch27-p17-s02  (26 chars, 19KB)
  ✓ ch27-p19-s00  (33 chars, 22KB)
  ✓ ch27-p21-s00  (17 chars, 16KB)
  ✓ ch27-p18-s00  (73 chars, 42KB)
  ✓ ch27-p21-s01  (30 chars, 21KB)
  ✓ ch27-p24-s00  (46 chars, 29KB)
  ✓ ch27-p25-s00  (45 chars, 25KB)
  ✓ ch27-p22-s00  (52 chars, 43KB)
  ✓ ch27-p25-s01  (14 chars, 13KB)
  ✓ ch27-p26-s00  (32 chars, 21KB)
  ✓ ch27-p27-s00  (43 chars, 27KB)
  ✓ ch27-p26-s01  (76 chars, 55KB)
  ✓ ch27-p27-s01  (73 chars, 38KB)
  ✓ ch27-p28-s00  (52 chars, 31KB)
  ✓ ch27-p28-s01  (42 chars, 25KB)
  ✓ ch27-p29-s01  (17 chars, 14KB)
  ✓ ch27-p29-s02  (18 chars, 14KB)
  ✓ ch27-p29-s00  (23 chars, 17KB)
  ✓ ch27-p30-s00  (64 chars, 35KB)
  ✓ ch27-p31-s01  (47 chars, 29KB)
  ✓ ch27-p31-s00  (49 chars, 29KB)
  ✓ ch27-p30-s01  (26 chars, 19KB)
  ✓ ch27-p32-s00  (30 chars, 20KB)
  ✓ ch27-p33-s01  (32 chars, 24KB)
  ✓ ch27-p34-s00  (22 chars, 18KB)
  ✓ ch27-p32-s01  (55 chars, 30KB)
  ✓ ch27-p34-s02  (29 chars, 22KB)
  ✓ ch27-p34-s03  (30 chars, 19KB)
  ✓ ch27-p34-s04  (38 chars, 25KB)
  ✓ ch27-p35-s00  (21 chars, 17KB)
  ✓ ch27-p35-s01  (53 chars, 31KB)
  ✓ ch27-p37-s00  (32 chars, 21KB)
  ✓ ch27-p36-s00  (32 chars, 21KB)
  ✓ ch27-p36-s01  (16 chars, 14KB)
  ✓ ch27-p39-s00  (34 chars, 23KB)
  ✓ ch27-p38-s01  (43 chars, 27KB)
  ✓ ch27-p39-s01  (48 chars, 26KB)
  ✓ ch27-p39-s02  (44 chars, 26KB)
  ✓ ch27-p40-s01  (39 chars, 24KB)
  ✓ ch27-p40-s00  (60 chars, 34KB)
  ✓ ch27-p40-s02  (15 chars, 13KB)
  ✓ ch27-p42-s00  (23 chars, 18KB)
  ✓ ch27-p41-s01  (48 chars, 28KB)
  ✓ ch27-p41-s00  (66 chars, 38KB)
  ✓ ch27-p42-s02  (24 chars, 18KB)
  ✓ ch27-p43-s02  (24 chars, 18KB)
  ✓ ch27-p43-s01  (25 chars, 18KB)
  ✓ ch27-p38-s00  (31 chars, 21KB)
  ✓ ch27-p44-s02  (20 chars, 16KB)
  ✓ ch27-p44-s01  (32 chars, 23KB)
  ✓ ch27-p45-s00  (33 chars, 24KB)
  ✓ ch27-p44-s00  (27 chars, 21KB)
  ✓ ch27-p45-s01  (37 chars, 25KB)
  ✓ ch27-p46-s00  (24 chars, 25KB)
[drive] Driving: rate -6% pitch +0Hz, one clip per paragraph
  · 5 repeated clip(s) will be copied, not re-synthesized
  ✓ drive-ch01-p03  (80 chars, 46KB)
  ✓ drive-ch01-p01  (67 chars, 42KB)
  ✓ drive-ch01-p02  (150 chars, 76KB)
  ✓ drive-ch01-p04  (141 chars, 80KB)
  ✓ drive-ch01-p00  (143 chars, 75KB)
  ✓ drive-ch01-p05  (130 chars, 71KB)
  ✓ drive-ch01-p06  (143 chars, 72KB)
  ✓ drive-ch01-p08  (197 chars, 99KB)
  ✓ drive-ch01-p09  (177 chars, 87KB)
  ✓ drive-ch01-p10  (72 chars, 39KB)
  ✓ drive-ch01-p07  (49 chars, 30KB)
  ✓ drive-ch01-p12  (90 chars, 53KB)
  ✓ drive-ch01-p15  (66 chars, 37KB)
  ✓ drive-ch01-p11  (438 chars, 205KB)
  ✓ drive-ch01-p13  (195 chars, 94KB)
  ✓ drive-ch01-p14  (179 chars, 89KB)
  ✓ drive-ch01-p18  (48 chars, 24KB)
  ✓ drive-ch01-p17  (52 chars, 33KB)
  ✓ drive-ch01-p16  (438 chars, 196KB)
  ✓ drive-ch01-p20  (68 chars, 39KB)
  ✓ drive-ch01-p22  (133 chars, 69KB)
  ✓ drive-ch01-p21  (160 chars, 86KB)
  ✓ drive-ch01-p23  (206 chars, 108KB)
  ✓ drive-ch01-p25  (175 chars, 85KB)
  ✓ drive-ch01-p19  (438 chars, 205KB)
  ✓ drive-ch01-p27  (141 chars, 73KB)
  ✓ drive-ch01-p26  (136 chars, 72KB)
  ✓ drive-ch01-p24  (171 chars, 90KB)
  ✓ drive-ch01-p28  (173 chars, 98KB)
  ✓ drive-ch01-p29  (141 chars, 75KB)
  ✓ drive-ch01-p30  (181 chars, 90KB)
  ✓ drive-ch01-p32  (100 chars, 56KB)
  ✓ drive-ch02-p00  (98 chars, 47KB)
  ✓ drive-ch01-p31  (110 chars, 65KB)
  ✓ drive-ch02-p02  (52 chars, 28KB)
  ✓ drive-ch02-p01  (179 chars, 87KB)
  ✓ drive-ch02-p03  (186 chars, 93KB)
  ✓ drive-ch02-p05  (147 chars, 68KB)
  ✓ drive-ch02-p04  (170 chars, 86KB)
  ✓ drive-ch02-p06  (185 chars, 90KB)
  ✓ drive-ch02-p07  (110 chars, 53KB)
  ✓ drive-ch02-p08  (24 chars, 16KB)
  ✓ drive-ch02-p10  (126 chars, 67KB)
  ✓ drive-ch02-p11  (163 chars, 83KB)
  ✓ drive-ch02-p12  (183 chars, 88KB)
  ✓ drive-ch02-p15  (66 chars, 38KB)
  ✓ drive-ch02-p13  (73 chars, 40KB)
  ✓ drive-ch02-p16  (49 chars, 25KB)
  ✓ drive-ch02-p09  (489 chars, 226KB)
  ✓ drive-ch02-p14  (489 chars, 222KB)
  ✓ drive-ch02-p18  (93 chars, 55KB)
  ✓ drive-ch02-p19  (154 chars, 75KB)
  ✓ drive-ch02-p21  (130 chars, 66KB)
  ✓ drive-ch02-p22  (211 chars, 101KB)
  ✓ drive-ch02-p20  (259 chars, 119KB)
  ✓ drive-ch02-p17  (489 chars, 224KB)
  ✓ drive-ch02-p25  (140 chars, 70KB)
  ✓ drive-ch02-p23  (211 chars, 100KB)
  ✓ drive-ch02-p26  (207 chars, 104KB)
  ✓ drive-ch02-p27  (191 chars, 98KB)
  ✓ drive-ch02-p24  (91 chars, 49KB)
  ✓ drive-ch02-p31  (121 chars, 56KB)
  ✓ drive-ch02-p29  (163 chars, 83KB)
  ✓ drive-ch02-p32  (82 chars, 49KB)
  ✓ drive-ch02-p28  (130 chars, 65KB)
  ✓ drive-ch03-p01  (47 chars, 25KB)
  ✓ drive-ch02-p30  (171 chars, 85KB)
  ✓ drive-ch03-p02  (83 chars, 45KB)
  ✓ drive-ch03-p00  (110 chars, 64KB)
  ✓ drive-ch03-p03  (105 chars, 58KB)
  ✓ drive-ch03-p07  (63 chars, 36KB)
  ✓ drive-ch03-p06  (144 chars, 67KB)
  ✓ drive-ch03-p09  (52 chars, 33KB)
  ✓ drive-ch03-p08  (186 chars, 90KB)
  ✓ drive-ch03-p04  (174 chars, 77KB)
  ✓ drive-ch03-p11  (160 chars, 83KB)
  ✓ drive-ch03-p05  (163 chars, 73KB)
  ✓ drive-ch03-p13  (37 chars, 20KB)
  ✓ drive-ch03-p12  (192 chars, 94KB)
  ✓ drive-ch03-p10  (379 chars, 175KB)
  ✓ drive-ch03-p16  (49 chars, 25KB)
  ✓ drive-ch03-p18  (59 chars, 37KB)
  ✓ drive-ch03-p15  (45 chars, 32KB)
  ✓ drive-ch03-p19  (150 chars, 76KB)
  ✓ drive-ch03-p20  (205 chars, 98KB)
  ✓ drive-ch03-p21  (84 chars, 46KB)
  ✓ drive-ch03-p22  (111 chars, 61KB)
  ✓ drive-ch03-p17  (379 chars, 181KB)
  ✓ drive-ch03-p23  (178 chars, 87KB)
  ✓ drive-ch03-p24  (161 chars, 77KB)
  ✓ drive-ch03-p25  (48 chars, 33KB)
  ✓ drive-ch03-p27  (118 chars, 63KB)
  ✓ drive-ch03-p26  (139 chars, 70KB)
  ✓ drive-ch03-p29  (106 chars, 55KB)
  ✓ drive-ch03-p30  (148 chars, 78KB)
  ✓ drive-ch03-p32  (94 chars, 54KB)
  ✓ drive-ch03-p31  (205 chars, 102KB)
  ✓ drive-ch03-p14  (379 chars, 174KB)
  ✓ drive-ch03-p28  (65 chars, 36KB)
  ✓ drive-ch03-p33  (91 chars, 52KB)
  ✓ drive-ch04-p01  (72 chars, 38KB)
  ✓ drive-ch04-p02  (104 chars, 53KB)
  ✓ drive-ch03-p34  (46 chars, 30KB)
  ✓ drive-ch04-p00  (122 chars, 63KB)
  ✓ drive-ch04-p03  (153 chars, 76KB)
  ✓ drive-ch04-p05  (72 chars, 41KB)
  ✓ drive-ch04-p06  (83 chars, 44KB)
  ✓ drive-ch04-p07  (122 chars, 66KB)
  ✓ drive-ch04-p04  (106 chars, 59KB)
  ✓ drive-ch04-p11  (162 chars, 82KB)
  ✓ drive-ch04-p12  (109 chars, 51KB)
  ✓ drive-ch04-p09  (25 chars, 16KB)
  ✓ drive-ch04-p13  (176 chars, 85KB)
  ✓ drive-ch04-p14  (193 chars, 92KB)
  ✓ drive-ch04-p15  (30 chars, 18KB)
  ✓ drive-ch04-p08  (191 chars, 90KB)
  ✓ drive-ch04-p17  (44 chars, 29KB)
  ✓ drive-ch04-p16  (423 chars, 192KB)
  ✓ drive-ch04-p18  (49 chars, 24KB)
  ✓ drive-ch04-p20  (67 chars, 36KB)
  ✓ drive-ch04-p10  (423 chars, 190KB)
  ✓ drive-ch04-p22  (114 chars, 56KB)
  ✓ drive-ch04-p21  (190 chars, 86KB)
  ✓ drive-ch04-p24  (198 chars, 95KB)
  ✓ drive-ch04-p23  (117 chars, 63KB)
  ✓ drive-ch04-p25  (224 chars, 100KB)
  ✓ drive-ch04-p27  (137 chars, 68KB)
  ✓ drive-ch04-p19  (423 chars, 186KB)
  ✓ drive-ch04-p26  (79 chars, 42KB)
  ✓ drive-ch04-p29  (156 chars, 80KB)
  ✓ drive-ch04-p32  (144 chars, 69KB)
  ✓ drive-ch04-p30  (112 chars, 58KB)
  ✓ drive-ch04-p31  (129 chars, 89KB)
  ✓ drive-ch04-p34  (66 chars, 44KB)
  ✓ drive-ch04-p28  (207 chars, 99KB)
  ✓ drive-ch04-p33  (115 chars, 59KB)
  ✓ drive-ch05-p02  (78 chars, 40KB)
  ✓ drive-ch05-p01  (122 chars, 55KB)
  ✓ drive-ch05-p00  (130 chars, 67KB)
  ✓ drive-ch05-p05  (50 chars, 26KB)
  ✓ drive-ch05-p04  (122 chars, 57KB)
  ✓ drive-ch05-p03  (194 chars, 88KB)
  ✓ drive-ch05-p07  (133 chars, 63KB)
  ✓ drive-ch05-p08  (139 chars, 71KB)
  ✓ drive-ch05-p09  (73 chars, 41KB)
  ✓ drive-ch05-p11  (52 chars, 32KB)
  ✓ drive-ch05-p06  (147 chars, 83KB)
  ✓ drive-ch05-p12  (119 chars, 61KB)
  ✓ drive-ch05-p13  (127 chars, 64KB)
  ✓ drive-ch05-p14  (35 chars, 20KB)
  ✓ drive-ch05-p17  (49 chars, 24KB)
  ✓ drive-ch05-p16  (62 chars, 39KB)
  ✓ drive-ch05-p10  (417 chars, 193KB)
  ✓ drive-ch05-p19  (77 chars, 39KB)
  ✓ drive-ch05-p20  (169 chars, 76KB)
  ✓ drive-ch05-p15  (417 chars, 197KB)
  ✓ drive-ch05-p21  (140 chars, 71KB)
  ✓ drive-ch05-p18  (417 chars, 191KB)
  ✓ drive-ch05-p22  (121 chars, 57KB)
  ✓ drive-ch05-p23  (141 chars, 74KB)
  ✓ drive-ch05-p24  (206 chars, 89KB)
  ✓ drive-ch05-p25  (111 chars, 50KB)
  ✓ drive-ch05-p26  (57 chars, 34KB)
  ✓ drive-ch05-p28  (118 chars, 62KB)
  ✓ drive-ch05-p27  (128 chars, 65KB)
  ✓ drive-ch05-p29  (113 chars, 59KB)
  ✓ drive-ch05-p30  (118 chars, 58KB)
  ✓ drive-ch05-p33  (77 chars, 40KB)
  ✓ drive-ch05-p32  (132 chars, 70KB)
  ✓ drive-ch05-p31  (176 chars, 86KB)
  ✓ drive-ch06-p00  (60 chars, 35KB)
  ✓ drive-ch05-p34  (70 chars, 45KB)
  ✓ drive-ch06-p02  (64 chars, 30KB)
  ✓ drive-ch06-p01  (84 chars, 39KB)
  ✓ drive-ch06-p03  (62 chars, 41KB)
  ✓ drive-ch06-p05  (65 chars, 37KB)
  ✓ drive-ch06-p04  (114 chars, 56KB)
  ✓ drive-ch06-p06  (92 chars, 52KB)
  ✓ drive-ch06-p09  (17 chars, 13KB)
  ✓ drive-ch06-p07  (155 chars, 71KB)
  ✓ drive-ch06-p08  (119 chars, 60KB)
  ✓ drive-ch06-p12  (67 chars, 36KB)
  ✓ drive-ch06-p11  (131 chars, 70KB)
  ✓ drive-ch06-p13  (115 chars, 57KB)
  ✓ drive-ch06-p15  (36 chars, 19KB)
  ✓ drive-ch06-p10  (475 chars, 207KB)
  ✓ drive-ch06-p14  (120 chars, 65KB)
  ✓ drive-ch06-p17  (46 chars, 30KB)
  ✓ drive-ch06-p18  (49 chars, 24KB)
  ✓ drive-ch06-p21  (151 chars, 66KB)
  ✓ drive-ch06-p20  (103 chars, 48KB)
  ✓ drive-ch06-p22  (91 chars, 45KB)
  ✓ drive-ch06-p23  (144 chars, 71KB)
  ✓ drive-ch06-p19  (475 chars, 218KB)
  ✓ drive-ch06-p25  (130 chars, 63KB)
  ✓ drive-ch06-p26  (50 chars, 26KB)
  ✓ drive-ch06-p24  (173 chars, 85KB)
  ✓ drive-ch06-p28  (123 chars, 70KB)
  ✓ drive-ch06-p16  (475 chars, 207KB)
  ✓ drive-ch06-p27  (130 chars, 70KB)
  ✓ drive-ch06-p29  (142 chars, 71KB)
  ✓ drive-ch06-p30  (108 chars, 52KB)
  ✓ drive-ch06-p33  (184 chars, 85KB)
  ✓ drive-ch06-p31  (124 chars, 56KB)
  ✓ drive-ch06-p34  (78 chars, 41KB)
  ✓ drive-ch06-p32  (92 chars, 44KB)
  ✓ drive-ch06-p35  (67 chars, 44KB)
  ✓ drive-ch07-p00  (82 chars, 51KB)
  ✓ drive-ch07-p01  (72 chars, 41KB)
  ✓ drive-ch07-p04  (106 chars, 70KB)
  ✓ drive-ch07-p03  (135 chars, 68KB)
  ✓ drive-ch07-p02  (102 chars, 66KB)
  ✓ drive-ch07-p07  (24 chars, 16KB)
  ✓ drive-ch07-p05  (52 chars, 26KB)
  ✓ drive-ch07-p08  (457 chars, 27KB)
  ✓ drive-ch07-p10  (113 chars, 57KB)
  ✓ drive-ch07-p06  (159 chars, 86KB)
  ✓ drive-ch07-p09  (42 chars, 21KB)
  ✓ drive-ch07-p11  (87 chars, 46KB)
  ✓ drive-ch07-p14  (33 chars, 17KB)
  ✓ drive-ch07-p12  (132 chars, 62KB)
  ✓ drive-ch07-p16  (45 chars, 24KB)
  ✓ drive-ch07-p17  (50 chars, 25KB)
  ✓ drive-ch07-p19  (89 chars, 42KB)
  ✓ drive-ch07-p18  (457 chars, 199KB)
  ✓ drive-ch07-p20  (122 chars, 58KB)
  ✓ drive-ch07-p15  (457 chars, 193KB)
  ✓ drive-ch07-p21  (129 chars, 56KB)
  ✓ drive-ch07-p13  (142 chars, 62KB)
  ✓ drive-ch07-p24  (98 chars, 48KB)
  ✓ drive-ch07-p22  (110 chars, 51KB)
  ✓ drive-ch07-p23  (128 chars, 62KB)
  ✓ drive-ch07-p26  (51 chars, 33KB)
  ✓ drive-ch07-p25  (187 chars, 91KB)
  ✓ drive-ch07-p28  (138 chars, 70KB)
  ✓ drive-ch07-p27  (148 chars, 76KB)
  ✓ drive-ch07-p29  (124 chars, 63KB)
  ✓ drive-ch07-p30  (87 chars, 46KB)
  ✓ drive-ch07-p31  (137 chars, 76KB)
  ✓ drive-ch07-p35  (62 chars, 36KB)
  ✓ drive-ch07-p34  (65 chars, 45KB)
  ✓ drive-ch07-p32  (141 chars, 74KB)
  ✓ drive-ch07-p33  (165 chars, 84KB)
  ✓ drive-ch08-p01  (121 chars, 62KB)
  ✓ drive-ch08-p00  (84 chars, 45KB)
  ✓ drive-ch08-p02  (85 chars, 42KB)
  ✓ drive-ch08-p04  (57 chars, 33KB)
  ✓ drive-ch08-p05  (113 chars, 52KB)
  ✓ drive-ch08-p06  (94 chars, 49KB)
  ✓ drive-ch08-p03  (93 chars, 45KB)
  ✓ drive-ch08-p09  (93 chars, 50KB)
  ✓ drive-ch08-p07  (110 chars, 54KB)
  ✓ drive-ch08-p08  (187 chars, 90KB)
  ✓ drive-ch08-p11  (50 chars, 30KB)
  ✓ drive-ch08-p12  (112 chars, 56KB)
  ✓ drive-ch08-p15  (36 chars, 20KB)
  ✓ drive-ch08-p13  (125 chars, 60KB)
  ✓ drive-ch08-p14  (187 chars, 91KB)
  ✓ drive-ch08-p17  (48 chars, 32KB)
  ✓ drive-ch08-p18  (49 chars, 24KB)
  ✓ drive-ch08-p20  (60 chars, 30KB)
  ✓ drive-ch08-p16  (499 chars, 228KB)
  ✓ drive-ch08-p10  (499 chars, 226KB)
  ✓ drive-ch08-p21  (123 chars, 57KB)
  ✓ drive-ch08-p19  (499 chars, 219KB)
  ✓ drive-ch08-p23  (115 chars, 56KB)
  ✓ drive-ch08-p24  (138 chars, 67KB)
  ✓ drive-ch08-p25  (131 chars, 66KB)
  ✓ drive-ch08-p22  (128 chars, 63KB)
  ✓ drive-ch08-p27  (37 chars, 19KB)
  ✓ drive-ch08-p26  (157 chars, 71KB)
  ✓ drive-ch08-p29  (95 chars, 53KB)
  ✓ drive-ch08-p30  (119 chars, 57KB)
  ✓ drive-ch08-p28  (144 chars, 68KB)
  ✓ drive-ch08-p33  (52 chars, 30KB)
  ✓ drive-ch08-p34  (167 chars, 79KB)
  ✓ drive-ch08-p31  (146 chars, 73KB)
  ✓ drive-ch08-p36  (79 chars, 41KB)
  ✓ drive-ch08-p35  (78 chars, 41KB)
  ✓ drive-ch08-p32  (151 chars, 82KB)
  ✓ drive-ch09-p00  (108 chars, 60KB)
  ✓ drive-ch09-p02  (111 chars, 58KB)
  ✓ drive-ch09-p03  (124 chars, 63KB)
  ✓ drive-ch09-p04  (88 chars, 44KB)
  ✓ drive-ch09-p01  (84 chars, 42KB)
  ✓ drive-ch09-p05  (89 chars, 45KB)
  ✓ drive-ch09-p08  (48 chars, 25KB)
  ✓ drive-ch09-p06  (134 chars, 71KB)
  ✓ drive-ch09-p10  (156 chars, 80KB)
  ✓ drive-ch09-p07  (151 chars, 78KB)
  ✓ drive-ch09-p12  (148 chars, 66KB)
  ✓ drive-ch09-p13  (30 chars, 17KB)
  ✓ drive-ch09-p11  (167 chars, 79KB)
  ✓ drive-ch09-p15  (48 chars, 32KB)
  ✓ drive-ch09-p16  (49 chars, 25KB)
  ✓ drive-ch09-p14  (481 chars, 227KB)
  ✓ drive-ch09-p18  (45 chars, 23KB)
  ✓ drive-ch09-p09  (481 chars, 215KB)
  ✓ drive-ch09-p19  (121 chars, 55KB)
  ✓ drive-ch09-p20  (79 chars, 45KB)
  ✓ drive-ch09-p22  (120 chars, 61KB)
  ✓ drive-ch09-p17  (481 chars, 222KB)
  ✓ drive-ch09-p24  (93 chars, 48KB)
  ✓ drive-ch09-p23  (125 chars, 67KB)
  ✓ drive-ch09-p26  (56 chars, 28KB)
  ✓ drive-ch09-p21  (174 chars, 90KB)
  ✓ drive-ch09-p25  (153 chars, 69KB)
  ✓ drive-ch09-p28  (110 chars, 65KB)
  ✓ drive-ch09-p27  (71 chars, 37KB)
  ✓ drive-ch09-p31  (80 chars, 43KB)
  ✓ drive-ch09-p29  (121 chars, 61KB)
  ✓ drive-ch09-p34  (60 chars, 34KB)
  ✓ drive-ch09-p32  (134 chars, 62KB)
  ✓ drive-ch09-p33  (175 chars, 75KB)
  ✓ drive-ch10-p00  (89 chars, 46KB)
  ✓ drive-ch09-p35  (83 chars, 41KB)
  ✓ drive-ch10-p01  (76 chars, 41KB)
  ✓ drive-ch09-p30  (131 chars, 65KB)
  ✓ drive-ch10-p02  (78 chars, 42KB)
  ✓ drive-ch10-p06  (42 chars, 29KB)
  ✓ drive-ch10-p03  (118 chars, 64KB)
  ✓ drive-ch10-p05  (87 chars, 50KB)
  ✓ drive-ch10-p08  (59 chars, 29KB)
  ✓ drive-ch10-p07  (162 chars, 82KB)
  ✓ drive-ch10-p09  (24 chars, 16KB)
  ✓ drive-ch10-p11  (36 chars, 19KB)
  ✓ drive-ch10-p04  (122 chars, 68KB)
  ✓ drive-ch10-p12  (93 chars, 53KB)
  ✓ drive-ch10-p14  (146 chars, 71KB)
  ✓ drive-ch10-p15  (98 chars, 49KB)
  ✓ drive-ch10-p16  (29 chars, 16KB)
  ✓ drive-ch10-p10  (463 chars, 202KB)
  ✓ drive-ch10-p13  (100 chars, 58KB)
  ✓ drive-ch10-p19  (49 chars, 24KB)
  ✓ drive-ch10-p18  (47 chars, 31KB)
  ✓ drive-ch10-p21  (54 chars, 29KB)
  ✓ drive-ch10-p22  (109 chars, 54KB)
  ✓ drive-ch10-p17  (463 chars, 196KB)
  ✓ drive-ch10-p24  (141 chars, 72KB)
  ✓ drive-ch10-p23  (135 chars, 62KB)
  ✓ drive-ch10-p20  (463 chars, 204KB)
  ✓ drive-ch10-p26  (93 chars, 46KB)
  ✓ drive-ch10-p25  (112 chars, 55KB)
  ✓ drive-ch10-p28  (58 chars, 36KB)
  ✓ drive-ch10-p27  (172 chars, 87KB)
  ✓ drive-ch10-p30  (56 chars, 27KB)
  ✓ drive-ch10-p29  (81 chars, 44KB)
  ✓ drive-ch10-p31  (116 chars, 64KB)
  ✓ drive-ch10-p32  (95 chars, 52KB)
  ✓ drive-ch10-p34  (84 chars, 43KB)
  ✓ drive-ch10-p33  (105 chars, 52KB)
  ✓ drive-ch10-p36  (75 chars, 42KB)
  ✓ drive-ch10-p38  (72 chars, 41KB)
  ✓ drive-ch10-p35  (179 chars, 87KB)
  ✓ drive-ch10-p37  (97 chars, 49KB)
  ✓ drive-ch11-p00  (91 chars, 46KB)
  ✓ drive-ch11-p01  (98 chars, 55KB)
  ✓ drive-ch11-p03  (80 chars, 43KB)
  ✓ drive-ch11-p02  (91 chars, 48KB)
  ✓ drive-ch11-p05  (107 chars, 54KB)
  ✓ drive-ch11-p04  (163 chars, 77KB)
  ✓ drive-ch11-p08  (59 chars, 36KB)
  ✓ drive-ch11-p06  (98 chars, 47KB)
  ✓ drive-ch11-p07  (63 chars, 36KB)
  ✓ drive-ch11-p09  (46 chars, 25KB)
  ✓ drive-ch11-p12  (53 chars, 27KB)
  ✓ drive-ch11-p11  (136 chars, 72KB)
  ✓ drive-ch11-p13  (94 chars, 47KB)
  ✓ drive-ch11-p14  (190 chars, 90KB)
  ✓ drive-ch11-p15  (36 chars, 19KB)
  ✓ drive-ch11-p17  (44 chars, 29KB)
  ✓ drive-ch11-p10  (493 chars, 222KB)
  ✓ drive-ch11-p18  (49 chars, 24KB)
  ✓ drive-ch11-p20  (50 chars, 26KB)
  ✓ drive-ch11-p21  (134 chars, 62KB)
  ✓ drive-ch11-p16  (493 chars, 215KB)
  ✓ drive-ch11-p23  (57 chars, 27KB)
  ✓ drive-ch11-p24  (153 chars, 80KB)
  ✓ drive-ch11-p19  (493 chars, 220KB)
  ✓ drive-ch11-p22  (107 chars, 55KB)
  ✓ drive-ch11-p25  (98 chars, 47KB)
  ✓ drive-ch11-p28  (37 chars, 20KB)
  ✓ drive-ch11-p27  (55 chars, 29KB)
  ✓ drive-ch11-p26  (175 chars, 83KB)
  ✓ drive-ch11-p31  (143 chars, 71KB)
  ✓ drive-ch11-p32  (86 chars, 44KB)
  ✓ drive-ch11-p30  (95 chars, 46KB)
  ✓ drive-ch11-p29  (142 chars, 68KB)
  ✓ drive-ch11-p34  (127 chars, 61KB)
  ✓ drive-ch11-p36  (71 chars, 47KB)
  ✓ drive-ch11-p33  (126 chars, 66KB)
  ✓ drive-ch11-p35  (142 chars, 73KB)
  ✓ drive-ch12-p00  (66 chars, 38KB)
  ✓ drive-ch11-p37  (64 chars, 36KB)
  ✓ drive-ch12-p02  (54 chars, 33KB)
  ✓ drive-ch12-p03  (74 chars, 41KB)
  ✓ drive-ch12-p05  (88 chars, 43KB)
  ✓ drive-ch12-p01  (118 chars, 70KB)
  ✓ drive-ch12-p04  (139 chars, 68KB)
  ✓ drive-ch12-p06  (112 chars, 53KB)
  ✓ drive-ch12-p07  (51 chars, 25KB)
  ✓ drive-ch12-p11  (49 chars, 31KB)
  ✓ drive-ch12-p10  (94 chars, 42KB)
  ✓ drive-ch12-p09  (138 chars, 63KB)
  ✓ drive-ch12-p13  (55 chars, 31KB)
  ✓ drive-ch12-p08  (91 chars, 45KB)
  ✓ drive-ch12-p12  (511 chars, 214KB)
  ✓ drive-ch12-p15  (81 chars, 41KB)
  ✓ drive-ch12-p14  (132 chars, 72KB)
  ✓ drive-ch12-p17  (29 chars, 17KB)
  ✓ drive-ch12-p16  (125 chars, 61KB)
  ✓ drive-ch12-p20  (49 chars, 24KB)
  ✓ drive-ch12-p19  (46 chars, 31KB)
  ✓ drive-ch12-p22  (53 chars, 26KB)
  ✓ drive-ch12-p18  (511 chars, 228KB)
  ✓ drive-ch12-p23  (122 chars, 59KB)
  ✓ drive-ch12-p24  (151 chars, 73KB)
  ✓ drive-ch12-p25  (132 chars, 70KB)
  ✓ drive-ch12-p27  (74 chars, 39KB)
  ✓ drive-ch12-p26  (74 chars, 42KB)
  ✓ drive-ch12-p28  (148 chars, 71KB)
  ✓ drive-ch12-p30  (35 chars, 20KB)
  ✓ drive-ch12-p29  (140 chars, 65KB)
  ✓ drive-ch12-p31  (90 chars, 43KB)
  ✓ drive-ch12-p33  (97 chars, 50KB)
  ✓ drive-ch12-p32  (146 chars, 72KB)
  ✓ drive-ch12-p34  (97 chars, 49KB)
  ✓ drive-ch12-p35  (92 chars, 46KB)
  ✓ drive-ch12-p36  (110 chars, 57KB)
  ✓ drive-ch12-p21  (511 chars, 220KB)
  ✓ drive-ch12-p38  (67 chars, 38KB)
  ✓ drive-ch13-p00  (42 chars, 22KB)
  ✓ drive-ch12-p37  (83 chars, 44KB)
  ✓ drive-ch12-p39  (78 chars, 46KB)
  ✓ drive-ch13-p01  (97 chars, 51KB)
  ✓ drive-ch13-p02  (84 chars, 45KB)
  ✓ drive-ch13-p03  (63 chars, 32KB)
  ✓ drive-ch13-p04  (46 chars, 24KB)
  ✓ drive-ch13-p06  (103 chars, 54KB)
  ✓ drive-ch13-p07  (97 chars, 54KB)
  ✓ drive-ch13-p05  (96 chars, 48KB)
  ✓ drive-ch13-p09  (24 chars, 16KB)
  ✓ drive-ch13-p08  (85 chars, 45KB)
  ✓ drive-ch13-p11  (41 chars, 21KB)
  ✓ drive-ch13-p12  (90 chars, 46KB)
  ✓ drive-ch13-p10  (469 chars, 206KB)
  ✓ drive-ch13-p13  (102 chars, 56KB)
  ✓ drive-ch13-p14  (122 chars, 56KB)
  ✓ drive-ch13-p15  (29 chars, 16KB)
  ✓ drive-ch13-p17  (60 chars, 34KB)
  ✓ drive-ch13-p18  (49 chars, 23KB)
  ✓ drive-ch13-p20  (57 chars, 29KB)
  ✓ drive-ch13-p16  (469 chars, 206KB)
  ✓ drive-ch13-p21  (95 chars, 46KB)
  ✓ drive-ch13-p23  (170 chars, 85KB)
  ✓ drive-ch13-p22  (97 chars, 48KB)
  ✓ drive-ch13-p19  (469 chars, 198KB)
  ✓ drive-ch13-p24  (156 chars, 76KB)
  ✓ drive-ch13-p26  (61 chars, 35KB)
  ✓ drive-ch13-p25  (108 chars, 57KB)
  ✓ drive-ch13-p27  (147 chars, 74KB)
  ✓ drive-ch13-p28  (53 chars, 33KB)
  ✓ drive-ch13-p30  (101 chars, 51KB)
  ✓ drive-ch13-p29  (101 chars, 54KB)
  ✓ drive-ch13-p31  (91 chars, 47KB)
  ✓ drive-ch13-p32  (122 chars, 69KB)
  ✓ drive-ch13-p34  (103 chars, 51KB)
  ✓ drive-ch13-p35  (89 chars, 45KB)
  ✓ drive-ch13-p37  (100 chars, 51KB)
  ✓ drive-ch13-p33  (121 chars, 66KB)
  ✓ drive-ch13-p36  (143 chars, 66KB)
  ✓ drive-ch13-p38  (139 chars, 65KB)
  ✓ drive-ch14-p00  (62 chars, 35KB)
  ✓ drive-ch13-p39  (62 chars, 41KB)
  ✓ drive-ch14-p01  (110 chars, 51KB)
  ✓ drive-ch14-p02  (96 chars, 44KB)
  ✓ drive-ch14-p03  (63 chars, 35KB)
  ✓ drive-ch14-p04  (73 chars, 43KB)
  ✓ drive-ch14-p07  (48 chars, 24KB)
  ✓ drive-ch14-p08  (116 chars, 56KB)
  ✓ drive-ch14-p05  (72 chars, 35KB)
  ✓ drive-ch14-p09  (90 chars, 46KB)
  ✓ drive-ch14-p11  (136 chars, 72KB)
  ✓ drive-ch14-p12  (30 chars, 18KB)
  ✓ drive-ch14-p10  (79 chars, 44KB)
  ✓ drive-ch14-p14  (71 chars, 41KB)
  ✓ drive-ch14-p15  (49 chars, 26KB)
  ✓ drive-ch14-p17  (52 chars, 27KB)
  ✓ drive-ch14-p13  (438 chars, 206KB)
  ✓ drive-ch14-p19  (106 chars, 54KB)
  ✓ drive-ch14-p18  (92 chars, 50KB)
  ✓ drive-ch14-p20  (129 chars, 63KB)
  ✓ drive-ch14-p21  (112 chars, 53KB)
  ✓ drive-ch14-p22  (109 chars, 58KB)
  ✓ drive-ch14-p23  (140 chars, 66KB)
  ✓ drive-ch14-p06  (438 chars, 202KB)
  ✓ drive-ch14-p25  (69 chars, 34KB)
  ✓ drive-ch14-p26  (53 chars, 31KB)
  ✓ drive-ch14-p24  (51 chars, 26KB)
  ✓ drive-ch14-p28  (77 chars, 42KB)
  ✓ drive-ch14-p29  (54 chars, 31KB)
  ✓ drive-ch14-p27  (107 chars, 55KB)
  ✓ drive-ch14-p30  (116 chars, 54KB)
  ✓ drive-ch14-p31  (156 chars, 73KB)
  ✓ drive-ch14-p34  (51 chars, 4KB)
  ✓ drive-ch14-p32  (96 chars, 48KB)
  ✓ drive-ch14-p35  (60 chars, 34KB)
  ✓ drive-ch15-p00  (73 chars, 40KB)
  ✓ drive-ch14-p16  (438 chars, 200KB)
  ✓ drive-ch15-p03  (54 chars, 32KB)
  ✓ drive-ch15-p02  (92 chars, 48KB)
  ✓ drive-ch15-p04  (30 chars, 19KB)
  ✓ drive-ch14-p33  (124 chars, 56KB)
  ✓ drive-ch15-p06  (52 chars, 32KB)
  ✓ drive-ch15-p05  (94 chars, 48KB)
  ✓ drive-ch15-p01  (68 chars, 37KB)
  ✓ drive-ch15-p08  (100 chars, 48KB)
  ✓ drive-ch15-p09  (98 chars, 48KB)
  ✓ drive-ch15-p10  (24 chars, 16KB)
  ✓ drive-ch15-p07  (84 chars, 44KB)
  ✓ drive-ch15-p12  (65 chars, 31KB)
  ✓ drive-ch15-p13  (73 chars, 40KB)
  ✓ drive-ch15-p14  (86 chars, 42KB)
  ✓ drive-ch15-p15  (122 chars, 56KB)
  ✓ drive-ch15-p16  (41 chars, 21KB)
  ✓ drive-ch15-p11  (498 chars, 225KB)
  ✓ drive-ch15-p18  (36 chars, 26KB)
  ✓ drive-ch15-p21  (48 chars, 27KB)
  ✓ drive-ch15-p23  (90 chars, 45KB)
  ✓ drive-ch15-p22  (124 chars, 60KB)
  ✓ drive-ch15-p24  (86 chars, 45KB)
  ✓ drive-ch15-p17  (498 chars, 223KB)
  ✓ drive-ch15-p26  (145 chars, 69KB)
  ✓ drive-ch15-p27  (119 chars, 65KB)
  ✓ drive-ch15-p28  (54 chars, 29KB)
  ✓ drive-ch15-p29  (78 chars, 40KB)
  ✓ drive-ch15-p25  (125 chars, 68KB)
  ✓ drive-ch15-p30  (121 chars, 63KB)
  ✓ drive-ch15-p31  (84 chars, 44KB)
  ✓ drive-ch15-p32  (117 chars, 57KB)
  ✓ drive-ch15-p33  (102 chars, 51KB)
  ✓ drive-ch15-p34  (94 chars, 50KB)
  ✓ drive-ch15-p35  (53 chars, 34KB)
  ✓ drive-ch15-p37  (81 chars, 42KB)
  ✓ drive-ch15-p38  (140 chars, 62KB)
  ✓ drive-ch15-p39  (41 chars, 27KB)
  ✓ drive-ch15-p36  (78 chars, 35KB)
  ✓ drive-ch16-p00  (67 chars, 38KB)
  ✓ drive-ch15-p40  (77 chars, 40KB)
  ✓ drive-ch16-p01  (56 chars, 33KB)
  ✓ drive-ch16-p03  (46 chars, 31KB)
  ✓ drive-ch16-p04  (24 chars, 15KB)
  ✓ drive-ch16-p02  (127 chars, 60KB)
  ✓ drive-ch16-p05  (132 chars, 60KB)
  ✓ drive-ch16-p06  (82 chars, 42KB)
  ✓ drive-ch16-p08  (39 chars, 22KB)
  ✓ drive-ch16-p07  (92 chars, 45KB)
  ✓ drive-ch16-p10  (34 chars, 19KB)
  ✓ drive-ch15-p20  (498 chars, 235KB)
  ✓ drive-ch16-p11  (124 chars, 62KB)
  ✓ drive-ch16-p12  (67 chars, 33KB)
  ✓ drive-ch16-p14  (68 chars, 33KB)
  ✓ drive-ch16-p15  (29 chars, 16KB)
  ✓ drive-ch16-p13  (185 chars, 91KB)
  ✓ drive-ch16-p17  (37 chars, 27KB)
  ✓ drive-ch16-p09  (482 chars, 220KB)
  ✓ drive-ch16-p18  (49 chars, 24KB)
  ✓ drive-ch16-p20  (59 chars, 29KB)
  ✓ drive-ch16-p21  (122 chars, 54KB)
  ✓ drive-ch16-p22  (90 chars, 43KB)
  ✓ drive-ch16-p16  (482 chars, 211KB)
  ✓ drive-ch16-p24  (112 chars, 54KB)
  ✓ drive-ch16-p19  (482 chars, 215KB)
  ✓ drive-ch16-p23  (95 chars, 48KB)
  ✓ drive-ch16-p25  (144 chars, 73KB)
  ✓ drive-ch16-p26  (46 chars, 29KB)
  ✓ drive-ch16-p28  (26 chars, 17KB)
  ✓ drive-ch16-p27  (151 chars, 74KB)
  ✓ drive-ch16-p29  (94 chars, 45KB)
  ✓ drive-ch16-p30  (60 chars, 35KB)
  ✓ drive-ch16-p33  (92 chars, 49KB)
  ✓ drive-ch16-p31  (90 chars, 45KB)
  ✓ drive-ch16-p32  (127 chars, 62KB)
  ✓ drive-ch16-p35  (76 chars, 42KB)
  ✓ drive-ch16-p37  (101 chars, 51KB)
  ✓ drive-ch16-p34  (179 chars, 89KB)
  ✓ drive-ch16-p38  (59 chars, 34KB)
  ✓ drive-ch16-p36  (142 chars, 65KB)
  ✓ drive-ch17-p00  (78 chars, 42KB)
  ✓ drive-ch17-p01  (105 chars, 57KB)
  ✓ drive-ch16-p39  (45 chars, 29KB)
  ✓ drive-ch17-p02  (50 chars, 24KB)
  ✓ drive-ch17-p03  (108 chars, 68KB)
  ✓ drive-ch17-p05  (110 chars, 53KB)
  ✓ drive-ch17-p04  (85 chars, 60KB)
  ✓ drive-ch17-p06  (44 chars, 23KB)
  ✓ drive-ch17-p08  (35 chars, 19KB)
  ✓ drive-ch17-p10  (104 chars, 54KB)
  ✓ drive-ch17-p09  (74 chars, 41KB)
  ✓ drive-ch17-p11  (91 chars, 47KB)
  ✓ drive-ch17-p12  (62 chars, 36KB)
  ✓ drive-ch17-p07  (499 chars, 226KB)
  ✓ drive-ch17-p13  (81 chars, 49KB)
  ✓ drive-ch17-p15  (32 chars, 18KB)
  ✓ drive-ch17-p14  (141 chars, 71KB)
  ✓ drive-ch17-p17  (46 chars, 33KB)
  ✓ drive-ch17-p18  (49 chars, 26KB)
  ✓ drive-ch17-p20  (63 chars, 31KB)
  ✓ drive-ch17-p16  (499 chars, 234KB)
  ✓ drive-ch17-p21  (87 chars, 43KB)
  ✓ drive-ch17-p23  (106 chars, 48KB)
  ✓ drive-ch17-p22  (95 chars, 44KB)
  ✓ drive-ch17-p19  (499 chars, 224KB)
  ✓ drive-ch17-p25  (83 chars, 44KB)
  ✓ drive-ch17-p27  (97 chars, 47KB)
  ✓ drive-ch17-p24  (104 chars, 60KB)
  ✓ drive-ch17-p26  (72 chars, 40KB)
  ✓ drive-ch17-p28  (44 chars, 22KB)
  ✓ drive-ch17-p29  (102 chars, 46KB)
  ✓ drive-ch17-p30  (137 chars, 65KB)
  ✓ drive-ch17-p31  (78 chars, 41KB)
  ✓ drive-ch17-p32  (130 chars, 64KB)
  ✓ drive-ch17-p34  (96 chars, 49KB)
  ✓ drive-ch17-p33  (109 chars, 53KB)
  ✓ drive-ch17-p35  (121 chars, 58KB)
  ✓ drive-ch17-p38  (54 chars, 42KB)
  ✓ drive-ch18-p00  (35 chars, 20KB)
  ✓ drive-ch17-p37  (97 chars, 41KB)
  ✓ drive-ch17-p36  (165 chars, 75KB)
  ✓ drive-ch18-p02  (49 chars, 28KB)
  ✓ drive-ch18-p01  (91 chars, 49KB)
  ✓ drive-ch18-p03  (58 chars, 34KB)
  ✓ drive-ch18-p06  (58 chars, 34KB)
  ✓ drive-ch18-p05  (91 chars, 47KB)
  ✓ drive-ch18-p07  (82 chars, 41KB)
  ✓ drive-ch18-p04  (151 chars, 66KB)
  ✓ drive-ch18-p08  (95 chars, 47KB)
  ✓ drive-ch18-p10  (47 chars, 24KB)
  ✓ drive-ch18-p09  (71 chars, 37KB)
  ✓ drive-ch18-p12  (34 chars, 18KB)
  ✓ drive-ch18-p15  (107 chars, 51KB)
  ✓ drive-ch18-p13  (122 chars, 59KB)
  ✓ drive-ch18-p14  (116 chars, 55KB)
  ✓ drive-ch18-p16  (29 chars, 17KB)
  ✓ drive-ch18-p18  (52 chars, 33KB)
  ✓ drive-ch18-p17  (493 chars, 217KB)
  ✓ drive-ch18-p19  (49 chars, 24KB)
  ✓ drive-ch18-p11  (493 chars, 208KB)
  ✓ drive-ch18-p21  (64 chars, 32KB)
  ✓ drive-ch18-p23  (62 chars, 36KB)
  ✓ drive-ch18-p20  (493 chars, 217KB)
  ✓ drive-ch18-p22  (124 chars, 60KB)
  ✓ drive-ch18-p25  (132 chars, 69KB)
  ✓ drive-ch18-p24  (214 chars, 108KB)
  ✓ drive-ch18-p26  (141 chars, 65KB)
  ✓ drive-ch18-p28  (37 chars, 21KB)
  ✓ drive-ch18-p27  (128 chars, 61KB)
  ✓ drive-ch18-p32  (118 chars, 58KB)
  ✓ drive-ch18-p30  (90 chars, 46KB)
  ✓ drive-ch18-p31  (102 chars, 53KB)
  ✓ drive-ch18-p29  (92 chars, 46KB)
  ✓ drive-ch18-p33  (84 chars, 42KB)
  ✓ drive-ch18-p36  (85 chars, 45KB)
  ✓ drive-ch18-p37  (79 chars, 42KB)
  ✓ drive-ch18-p35  (140 chars, 59KB)
  ✓ drive-ch18-p38  (56 chars, 34KB)
  ✓ drive-ch18-p34  (102 chars, 50KB)
  ✓ drive-ch19-p00  (69 chars, 39KB)
  ✓ drive-ch19-p03  (43 chars, 24KB)
  ✓ drive-ch19-p04  (95 chars, 49KB)
  ✓ drive-ch19-p06  (31 chars, 19KB)
  ✓ drive-ch19-p02  (77 chars, 41KB)
  ✓ drive-ch19-p05  (130 chars, 66KB)
  ✓ drive-ch19-p01  (64 chars, 37KB)
  ✓ drive-ch19-p07  (78 chars, 43KB)
  ✓ drive-ch19-p09  (90 chars, 50KB)
  ✓ drive-ch19-p11  (48 chars, 26KB)
  ✓ drive-ch19-p08  (60 chars, 34KB)
  ✓ drive-ch19-p10  (139 chars, 70KB)
  ✓ drive-ch19-p13  (47 chars, 25KB)
  ✓ drive-ch19-p14  (104 chars, 51KB)
  ✓ drive-ch19-p15  (99 chars, 48KB)
  ✓ drive-ch19-p16  (81 chars, 42KB)
  ✓ drive-ch19-p17  (63 chars, 30KB)
  ✓ drive-ch19-p12  (392 chars, 193KB)
  ✓ drive-ch19-p20  (33 chars, 18KB)
  ✓ drive-ch19-p19  (97 chars, 54KB)
  ✓ drive-ch19-p18  (85 chars, 45KB)
  ✓ drive-ch19-p22  (43 chars, 29KB)
  ✓ drive-ch19-p23  (50 chars, 25KB)
  ✓ drive-ch19-p26  (83 chars, 2KB)
  ✓ drive-ch19-p25  (60 chars, 29KB)
  ✓ drive-ch19-p27  (86 chars, 52KB)
  ✓ drive-ch19-p24  (392 chars, 187KB)
  ✓ drive-ch19-p28  (105 chars, 56KB)
  ✓ drive-ch19-p29  (87 chars, 46KB)
  ✓ drive-ch19-p30  (100 chars, 54KB)
  ✓ drive-ch19-p21  (392 chars, 191KB)
  ✓ drive-ch19-p32  (117 chars, 56KB)
  ✓ drive-ch19-p33  (56 chars, 34KB)
  ✓ drive-ch19-p31  (101 chars, 53KB)
  ✓ drive-ch19-p34  (95 chars, 48KB)
  ✓ drive-ch19-p36  (92 chars, 55KB)
  ✓ drive-ch19-p35  (100 chars, 56KB)
  ✓ drive-ch19-p38  (103 chars, 51KB)
  ✓ drive-ch19-p40  (105 chars, 52KB)
  ✓ drive-ch19-p37  (129 chars, 70KB)
  ✓ drive-ch19-p41  (119 chars, 56KB)
  ✓ drive-ch19-p39  (127 chars, 66KB)
  ✓ drive-ch19-p44  (87 chars, 46KB)
  ✓ drive-ch19-p42  (106 chars, 52KB)
  ✓ drive-ch19-p43  (100 chars, 49KB)
  ✓ drive-ch20-p00  (74 chars, 38KB)
  ✓ drive-ch19-p45  (63 chars, 43KB)
  ✓ drive-ch20-p01  (89 chars, 43KB)
  ✓ drive-ch20-p04  (27 chars, 16KB)
  ✓ drive-ch20-p03  (48 chars, 24KB)
  ✓ drive-ch20-p05  (102 chars, 51KB)
  ✓ drive-ch20-p02  (113 chars, 64KB)
  ✓ drive-ch20-p06  (118 chars, 54KB)
  ✓ drive-ch20-p08  (24 chars, 16KB)
  ✓ drive-ch20-p07  (62 chars, 34KB)
  ✓ drive-ch20-p10  (36 chars, 19KB)
  ✓ drive-ch20-p12  (58 chars, 33KB)
  ✓ drive-ch20-p11  (124 chars, 68KB)
  ✓ drive-ch20-p15  (29 chars, 16KB)
  ✓ drive-ch20-p13  (113 chars, 56KB)
  ✓ drive-ch20-p14  (92 chars, 49KB)
  ✓ drive-ch20-p17  (39 chars, 29KB)
  ✓ drive-ch20-p20  (118 chars, 59KB)
  ✓ drive-ch20-p09  (473 chars, 213KB)
  ✓ drive-ch20-p21  (93 chars, 47KB)
  ✓ drive-ch20-p16  (473 chars, 213KB)
  ✓ drive-ch20-p19  (473 chars, 220KB)
  ✓ drive-ch20-p23  (105 chars, 53KB)
  ✓ drive-ch20-p22  (81 chars, 42KB)
  ✓ drive-ch20-p24  (143 chars, 62KB)
  ✓ drive-ch20-p27  (39 chars, 27KB)
  ✓ drive-ch20-p26  (151 chars, 69KB)
  ✓ drive-ch20-p28  (68 chars, 38KB)
  ✓ drive-ch20-p25  (125 chars, 64KB)
  ✓ drive-ch20-p29  (107 chars, 49KB)
  ✓ drive-ch20-p30  (114 chars, 54KB)
  ✓ drive-ch20-p33  (113 chars, 55KB)
  ✓ drive-ch20-p31  (64 chars, 33KB)
  ✓ drive-ch20-p32  (110 chars, 52KB)
  ✓ drive-ch20-p35  (103 chars, 51KB)
  ✓ drive-ch20-p34  (124 chars, 62KB)
  ✓ drive-ch20-p38  (44 chars, 29KB)
  ✓ drive-ch20-p36  (125 chars, 63KB)
  ✓ drive-ch20-p37  (41 chars, 37KB)
  ✓ drive-ch21-p00  (50 chars, 26KB)
  ✓ drive-ch21-p03  (81 chars, 43KB)
  ✓ drive-ch21-p02  (63 chars, 39KB)
  ✓ drive-ch21-p01  (116 chars, 60KB)
  ✓ drive-ch21-p04  (111 chars, 53KB)
  ✓ drive-ch21-p05  (129 chars, 60KB)
  ✓ drive-ch21-p06  (76 chars, 39KB)
  ✓ drive-ch21-p09  (70 chars, 32KB)
  ✓ drive-ch21-p10  (116 chars, 60KB)
  ✓ drive-ch21-p11  (95 chars, 49KB)
  ✓ drive-ch21-p12  (94 chars, 48KB)
  ✓ drive-ch21-p13  (104 chars, 52KB)
  ✓ drive-ch21-p14  (33 chars, 17KB)
  ✓ drive-ch21-p16  (46 chars, 30KB)
  ✓ drive-ch21-p17  (50 chars, 25KB)
  ✓ drive-ch21-p19  (81 chars, 46KB)
  ✓ drive-ch21-p08  (558 chars, 247KB)
  ✓ drive-ch21-p20  (63 chars, 30KB)
  ✓ drive-ch21-p22  (64 chars, 37KB)
  ✓ drive-ch21-p15  (558 chars, 244KB)
  ✓ drive-ch21-p21  (147 chars, 94KB)
  ✓ drive-ch21-p25  (77 chars, 44KB)
  ✓ drive-ch21-p24  (94 chars, 50KB)
  ✓ drive-ch21-p23  (105 chars, 67KB)
  ✓ drive-ch21-p27  (46 chars, 26KB)
  ✓ drive-ch21-p26  (120 chars, 60KB)
  ✓ drive-ch21-p18  (558 chars, 255KB)
  ✓ drive-ch21-p28  (86 chars, 43KB)
  ✓ drive-ch21-p29  (85 chars, 43KB)
  ✓ drive-ch21-p30  (90 chars, 47KB)
  ✓ drive-ch21-p31  (72 chars, 51KB)
  ✓ drive-ch21-p32  (117 chars, 57KB)
  ✓ drive-ch21-p33  (75 chars, 42KB)
  ✓ drive-ch21-p34  (138 chars, 68KB)
  ✓ drive-ch21-p37  (37 chars, 25KB)
  ✓ drive-ch21-p38  (51 chars, 30KB)
  ✓ drive-ch21-p35  (135 chars, 65KB)
  ✓ drive-ch22-p00  (87 chars, 52KB)
  ✓ drive-ch21-p36  (150 chars, 71KB)
  ✓ drive-ch22-p01  (77 chars, 48KB)
  ✓ drive-ch22-p02  (98 chars, 51KB)
  ✓ drive-ch22-p03  (100 chars, 49KB)
  ✓ drive-ch22-p04  (122 chars, 59KB)
  ✓ drive-ch22-p05  (53 chars, 27KB)
  ✓ drive-ch22-p08  (45 chars, 31KB)
  ✓ drive-ch22-p07  (79 chars, 43KB)
  ✓ drive-ch22-p09  (57 chars, 28KB)
  ✓ drive-ch22-p12  (32 chars, 18KB)
  ✓ drive-ch22-p10  (186 chars, 97KB)
  ✓ drive-ch22-p11  (109 chars, 55KB)
  ✓ drive-ch22-p15  (49 chars, 25KB)
  ✓ drive-ch22-p14  (32 chars, 26KB)
  ✓ drive-ch22-p17  (72 chars, 39KB)
  ✓ drive-ch22-p06  (410 chars, 194KB)
  ✓ drive-ch22-p18  (92 chars, 48KB)
  ✓ drive-ch22-p13  (410 chars, 188KB)
  ✓ drive-ch22-p16  (410 chars, 192KB)
  ✓ drive-ch22-p19  (106 chars, 49KB)
  ✓ drive-ch22-p20  (115 chars, 52KB)
  ✓ drive-ch22-p21  (67 chars, 37KB)
  ✓ drive-ch22-p24  (69 chars, 39KB)
  ✓ drive-ch22-p23  (113 chars, 55KB)
  ✓ drive-ch22-p22  (148 chars, 71KB)
  ✓ drive-ch22-p26  (40 chars, 22KB)
  ✓ drive-ch22-p25  (108 chars, 54KB)
  ✓ drive-ch22-p27  (91 chars, 45KB)
  ✓ drive-ch22-p28  (89 chars, 40KB)
  ✓ drive-ch22-p29  (125 chars, 59KB)
  ✓ drive-ch22-p31  (48 chars, 26KB)
  ✓ drive-ch22-p30  (96 chars, 48KB)
  ✓ drive-ch22-p33  (99 chars, 52KB)
  ✓ drive-ch22-p34  (112 chars, 55KB)
  ✓ drive-ch22-p32  (115 chars, 58KB)
  ✓ drive-ch22-p36  (51 chars, 32KB)
  ✓ drive-ch22-p39  (118 chars, 60KB)
  ✓ drive-ch22-p40  (37 chars, 28KB)
  ✓ drive-ch22-p38  (87 chars, 46KB)
  ✓ drive-ch22-p35  (104 chars, 53KB)
  ✓ drive-ch22-p37  (149 chars, 76KB)
  ✓ drive-ch22-p41  (68 chars, 38KB)
  ✓ drive-ch23-p00  (73 chars, 40KB)
  ✓ drive-ch23-p01  (92 chars, 47KB)
  ✓ drive-ch23-p04  (100 chars, 45KB)
  ✓ drive-ch23-p02  (74 chars, 38KB)
  ✓ drive-ch23-p03  (78 chars, 36KB)
  ✓ drive-ch23-p07  (24 chars, 16KB)
  ✓ drive-ch23-p06  (140 chars, 76KB)
  ✓ drive-ch23-p09  (48 chars, 24KB)
  ✓ drive-ch23-p05  (98 chars, 45KB)
  ✓ drive-ch23-p10  (110 chars, 53KB)
  ✓ drive-ch23-p08  (454 chars, 205KB)
  ✓ drive-ch23-p12  (141 chars, 67KB)
  ✓ drive-ch23-p11  (115 chars, 60KB)
  ✓ drive-ch23-p16  (48 chars, 25KB)
  ✓ drive-ch23-p15  (44 chars, 31KB)
  ✓ drive-ch23-p18  (60 chars, 29KB)
  ✓ drive-ch23-p13  (31 chars, 18KB)
  ✓ drive-ch23-p14  (454 chars, 214KB)
  ✓ drive-ch23-p19  (92 chars, 47KB)
  ✓ drive-ch23-p17  (454 chars, 205KB)
  ✓ drive-ch23-p20  (83 chars, 44KB)
  ✓ drive-ch23-p21  (94 chars, 46KB)
  ✓ drive-ch23-p23  (81 chars, 45KB)
  ✓ drive-ch23-p22  (66 chars, 39KB)
  ✓ drive-ch23-p25  (73 chars, 35KB)
  ✓ drive-ch23-p26  (139 chars, 67KB)
  ✓ drive-ch23-p24  (148 chars, 67KB)
  ✓ drive-ch23-p28  (30 chars, 17KB)
  ✓ drive-ch23-p30  (67 chars, 38KB)
  ✓ drive-ch23-p27  (85 chars, 45KB)
  ✓ drive-ch23-p29  (99 chars, 54KB)
  ✓ drive-ch23-p33  (70 chars, 38KB)
  ✓ drive-ch23-p31  (125 chars, 65KB)
  ✓ drive-ch23-p34  (124 chars, 57KB)
  ✓ drive-ch23-p35  (132 chars, 65KB)
  ✓ drive-ch23-p36  (83 chars, 46KB)
  ✓ drive-ch23-p39  (46 chars, 31KB)
  ✓ drive-ch23-p32  (110 chars, 57KB)
  ✓ drive-ch23-p37  (135 chars, 68KB)
  ✓ drive-ch23-p38  (91 chars, 49KB)
  ✓ drive-ch23-p40  (54 chars, 33KB)
  ✓ drive-ch24-p02  (142 chars, 80KB)
  ✓ drive-ch24-p03  (35 chars, 20KB)
  ✓ drive-ch24-p00  (94 chars, 48KB)
  ✓ drive-ch24-p06  (88 chars, 45KB)
  ✓ drive-ch24-p05  (156 chars, 89KB)
  ✓ drive-ch24-p04  (27 chars, 17KB)
  ✓ drive-ch24-p01  (77 chars, 48KB)
  ✓ drive-ch24-p07  (159 chars, 83KB)
  ✓ drive-ch24-p11  (172 chars, 85KB)
  ✓ drive-ch24-p08  (24 chars, 15KB)
  ✓ drive-ch24-p12  (49 chars, 25KB)
  ✓ drive-ch24-p10  (40 chars, 20KB)
  ✓ drive-ch24-p09  (493 chars, 207KB)
  ✓ drive-ch24-p15  (33 chars, 17KB)
  ✓ drive-ch24-p14  (100 chars, 50KB)
  ✓ drive-ch24-p18  (50 chars, 25KB)
  ✓ drive-ch24-p17  (44 chars, 30KB)
  ✓ drive-ch24-p20  (85 chars, 44KB)
  ✓ drive-ch24-p13  (142 chars, 66KB)
  ✓ drive-ch24-p21  (99 chars, 50KB)
  ✓ drive-ch24-p22  (153 chars, 72KB)
  ✓ drive-ch24-p23  (126 chars, 62KB)
  ✓ drive-ch24-p24  (54 chars, 33KB)
  ✓ drive-ch24-p16  (493 chars, 212KB)
  ✓ drive-ch24-p19  (493 chars, 221KB)
  ✓ drive-ch24-p27  (126 chars, 67KB)
  ✓ drive-ch24-p26  (111 chars, 55KB)
  ✓ drive-ch24-p28  (42 chars, 29KB)
  ✓ drive-ch24-p29  (87 chars, 45KB)
  ✓ drive-ch24-p32  (68 chars, 44KB)
  ✓ drive-ch24-p25  (118 chars, 56KB)
  ✓ drive-ch24-p33  (114 chars, 54KB)
  ✓ drive-ch24-p35  (149 chars, 73KB)
  ✓ drive-ch24-p30  (76 chars, 41KB)
  ✓ drive-ch24-p36  (89 chars, 47KB)
  ✓ drive-ch24-p34  (120 chars, 58KB)
  ✓ drive-ch24-p37  (105 chars, 53KB)
  ✓ drive-ch24-p38  (99 chars, 50KB)
  ✓ drive-ch25-p00  (60 chars, 35KB)
  ✓ drive-ch24-p31  (66 chars, 36KB)
  ✓ drive-ch24-p40  (51 chars, 30KB)
  ✓ drive-ch25-p02  (92 chars, 50KB)
  ✓ drive-ch25-p01  (97 chars, 50KB)
  ✓ drive-ch24-p39  (46 chars, 31KB)
  ✓ drive-ch25-p06  (58 chars, 35KB)
  ✓ drive-ch25-p04  (109 chars, 58KB)
  ✓ drive-ch25-p05  (116 chars, 58KB)
  ✓ drive-ch25-p07  (103 chars, 53KB)
  ✓ drive-ch25-p03  (33 chars, 19KB)
  ✓ drive-ch25-p11  (43 chars, 23KB)
  ✓ drive-ch25-p08  (73 chars, 40KB)
  ✓ drive-ch25-p10  (447 chars, 206KB)
  ✓ drive-ch25-p14  (102 chars, 51KB)
  ✓ drive-ch25-p13  (134 chars, 64KB)
  ✓ drive-ch25-p17  (47 chars, 29KB)
  ✓ drive-ch25-p09  (36 chars, 21KB)
  ✓ drive-ch25-p16  (447 chars, 195KB)
  ✓ drive-ch25-p20  (82 chars, 42KB)
  ✓ drive-ch25-p12  (119 chars, 57KB)
  ✓ drive-ch25-p21  (38 chars, 20KB)
  ✓ drive-ch25-p22  (85 chars, 44KB)
  ✓ drive-ch25-p23  (92 chars, 46KB)
  ✓ drive-ch25-p24  (89 chars, 45KB)
  ✓ drive-ch25-p26  (76 chars, 42KB)
  ✓ drive-ch25-p27  (142 chars, 69KB)
  ✓ drive-ch25-p19  (447 chars, 199KB)
  ✓ drive-ch25-p25  (66 chars, 33KB)
  ✓ drive-ch25-p29  (36 chars, 27KB)
  ✓ drive-ch25-p28  (101 chars, 56KB)
  ✓ drive-ch25-p30  (68 chars, 38KB)
  ✓ drive-ch25-p33  (68 chars, 33KB)
  ✓ drive-ch25-p32  (72 chars, 40KB)
  ✓ drive-ch25-p31  (101 chars, 48KB)
  ✓ drive-ch25-p34  (128 chars, 63KB)
  ✓ drive-ch25-p37  (72 chars, 35KB)
  ✓ drive-ch25-p35  (115 chars, 57KB)
  ✓ drive-ch25-p38  (99 chars, 51KB)
  ✓ drive-ch25-p40  (122 chars, 58KB)
  ✓ drive-ch25-p39  (132 chars, 65KB)
  ✓ drive-ch25-p42  (67 chars, 36KB)
  ✓ drive-ch25-p41  (53 chars, 34KB)
  ✓ drive-ch26-p00  (80 chars, 44KB)
  ✓ drive-ch26-p01  (93 chars, 53KB)
  ✓ drive-ch26-p02  (52 chars, 32KB)
  ✓ drive-ch25-p36  (145 chars, 71KB)
  ✓ drive-ch26-p03  (92 chars, 48KB)
  ✓ drive-ch26-p04  (27 chars, 16KB)
  ✓ drive-ch26-p05  (106 chars, 57KB)
  ✓ drive-ch26-p09  (74 chars, 36KB)
  ✓ drive-ch26-p07  (69 chars, 39KB)
  ✓ drive-ch26-p08  (80 chars, 45KB)
  ✓ drive-ch26-p06  (126 chars, 58KB)
  ✓ drive-ch26-p10  (538 chars, 243KB)
  ✓ drive-ch26-p13  (84 chars, 42KB)
  ✓ drive-ch26-p12  (156 chars, 73KB)
  ✓ drive-ch26-p11  (50 chars, 25KB)
  ✓ drive-ch26-p15  (33 chars, 18KB)
  ✓ drive-ch26-p14  (111 chars, 58KB)
  ✓ drive-ch26-p18  (50 chars, 26KB)
  ✓ drive-ch26-p17  (51 chars, 36KB)
  ✓ drive-ch26-p20  (117 chars, 58KB)
  ✓ drive-ch26-p16  (538 chars, 245KB)
  ✓ drive-ch26-p22  (143 chars, 72KB)
  ✓ drive-ch26-p21  (122 chars, 68KB)
  ✓ drive-ch26-p24  (105 chars, 51KB)
  ✓ drive-ch26-p19  (538 chars, 240KB)
  ✓ drive-ch26-p23  (111 chars, 55KB)
  ✓ drive-ch26-p27  (40 chars, 22KB)
  ✓ drive-ch26-p26  (126 chars, 60KB)
  ✓ drive-ch26-p28  (104 chars, 53KB)
  ✓ drive-ch26-p25  (100 chars, 51KB)
  ✓ drive-ch26-p30  (60 chars, 29KB)
  ✓ drive-ch26-p29  (145 chars, 66KB)
  ✓ drive-ch26-p33  (116 chars, 55KB)
  ✓ drive-ch26-p31  (94 chars, 46KB)
  ✓ drive-ch26-p32  (110 chars, 53KB)
  ✓ drive-ch26-p34  (95 chars, 49KB)
  ✓ drive-ch26-p36  (82 chars, 41KB)
  ✓ drive-ch26-p37  (36 chars, 25KB)
  ✓ drive-ch27-p00  (82 chars, 45KB)
  ✓ drive-ch26-p38  (77 chars, 41KB)
  ✓ drive-ch27-p01  (87 chars, 49KB)
  ✓ drive-ch27-p03  (52 chars, 31KB)
  ✓ drive-ch26-p35  (142 chars, 72KB)
  ✓ drive-ch27-p04  (77 chars, 39KB)
  ✓ drive-ch27-p06  (54 chars, 27KB)
  ✓ drive-ch27-p02  (42 chars, 30KB)
  ✓ drive-ch27-p05  (224 chars, 115KB)
  ✓ drive-ch27-p08  (103 chars, 51KB)
  ✓ drive-ch27-p07  (117 chars, 55KB)
  ✓ drive-ch27-p09  (81 chars, 40KB)
  ✓ drive-ch27-p13  (45 chars, 21KB)
  ✓ drive-ch27-p10  (113 chars, 71KB)
  ✓ drive-ch27-p14  (98 chars, 53KB)
  ✓ drive-ch27-p12  (511 chars, 229KB)
  ✓ drive-ch27-p11  (73 chars, 32KB)
  ✓ drive-ch27-p16  (124 chars, 59KB)
  ✓ drive-ch27-p18  (73 chars, 35KB)
  ✓ drive-ch27-p19  (33 chars, 18KB)
  ✓ drive-ch27-p17  (96 chars, 55KB)
  ✓ drive-ch27-p21  (48 chars, 32KB)
  ✓ drive-ch27-p15  (82 chars, 38KB)
  ✓ drive-ch27-p24  (46 chars, 25KB)
  ✓ drive-ch27-p22  (52 chars, 26KB)
  ✓ drive-ch27-p25  (60 chars, 33KB)
  ✓ drive-ch27-p27  (117 chars, 55KB)
  ✓ drive-ch27-p20  (511 chars, 236KB)
  ✓ drive-ch27-p29  (60 chars, 39KB)
  ✓ drive-ch27-p26  (109 chars, 55KB)
  ✓ drive-ch27-p31  (97 chars, 51KB)
  ✓ drive-ch27-p28  (95 chars, 48KB)
  ✓ drive-ch27-p32  (86 chars, 43KB)
  ✓ drive-ch27-p33  (47 chars, 32KB)
  ✓ drive-ch27-p30  (91 chars, 47KB)
  ✓ drive-ch27-p34  (153 chars, 87KB)
  ✓ drive-ch27-p37  (32 chars, 18KB)
  ✓ drive-ch27-p36  (49 chars, 28KB)
  ✓ drive-ch27-p23  (511 chars, 249KB)
  ✓ drive-ch27-p38  (75 chars, 40KB)
  ✓ drive-ch27-p35  (75 chars, 39KB)
  ✓ drive-ch27-p41  (115 chars, 55KB)
  ✓ drive-ch27-p43  (84 chars, 47KB)
  ✓ drive-ch27-p44  (81 chars, 50KB)
  ✓ drive-ch27-p40  (116 chars, 60KB)
  ✓ drive-ch27-p45  (71 chars, 41KB)
  ✓ drive-ch27-p42  (66 chars, 52KB)
  ✓ drive-ch27-p39  (128 chars, 64KB)
  ✓ drive-ch27-p46  (24 chars, 21KB)

[bedtime] rendering 84/84 segments into audio/bedtime/…
  ch00-core        core   00:09:46.85     952 KB
  ch00-medium      medium 00:02:56.18     285 KB
  ch00-long        long   00:03:23.54     318 KB
  ch01-core        core   00:07:36.11     730 KB
  ch01-medium      medium 00:02:10.25     207 KB
  ch01-long        long   00:02:17.68     218 KB
  ch02-core        core   00:07:08.08     702 KB
  ch02-medium      medium 00:02:14.55     220 KB
  ch02-long        long   00:02:56.25     281 KB
  ch03-core        core   00:06:22.08     615 KB
  ch03-medium      medium 00:02:08.17     207 KB
  ch03-long        long   00:02:44.77     251 KB
  ch04-core        core   00:06:35.19     649 KB
  ch04-medium      medium 00:01:53.47     187 KB
  ch04-long        long   00:02:43.40     256 KB
  ch05-core        core   00:06:15.74     613 KB
  ch05-medium      medium 00:02:04.51     201 KB
  ch05-long        long   00:02:22.94     225 KB
  ch06-core        core   00:06:03.24     593 KB
  ch06-medium      medium 00:01:37.66     160 KB
  ch06-long        long   00:02:33.77     243 KB
  ch07-core        core   00:06:09.77     592 KB
  ch07-medium      medium 00:01:51.99     182 KB
  ch07-long        long   00:02:40.73     251 KB
  ch08-core        core   00:06:34.19     650 KB
  ch08-medium      medium 00:01:51.35     181 KB
  ch08-long        long   00:02:31.61     236 KB
  ch09-core        core   00:06:31.97     641 KB
  ch09-medium      medium 00:01:58.28     193 KB
  ch09-long        long   00:02:19.25     221 KB
  ch10-core        core   00:06:17.90     607 KB
  ch10-medium      medium 00:01:51.52     178 KB
  ch10-long        long   00:02:24.92     227 KB
  ch11-core        core   00:06:24.02     630 KB
  ch11-medium      medium 00:01:44.51     166 KB
  ch11-long        long   00:02:33.91     241 KB
  ch12-core        core   00:06:50.15     666 KB
  ch12-medium      medium 00:02:03.79     196 KB
  ch12-long        long   00:02:12.04     204 KB
  ch13-core        core   00:05:47.82     561 KB
  ch13-medium      medium 00:02:03.88     199 KB
  ch13-long        long   00:02:56.32     274 KB
  ch14-core        core   00:05:19.04     515 KB
  ch14-medium      medium 00:01:41.13     159 KB
  ch14-long        long   00:02:27.75     228 KB
  ch15-core        core   00:05:49.98     575 KB
  ch15-medium      medium 00:01:45.33     165 KB
  ch15-long        long   00:02:41.03     252 KB
  ch16-core        core   00:05:55.66     575 KB
  ch16-medium      medium 00:01:53.82     179 KB
  ch16-long        long   00:02:38.50     247 KB
  ch17-core        core   00:06:36.57     629 KB
  ch17-medium      medium 00:01:39.94     157 KB
  ch17-long        long   00:02:37.87     250 KB
  ch18-core        core   00:06:18.49     605 KB
  ch18-medium      medium 00:01:51.86     182 KB
  ch18-long        long   00:02:18.14     217 KB
  ch19-core        core   00:06:46.68     636 KB
  ch19-medium      medium 00:01:45.69     164 KB
  ch19-long        long   00:03:10.18     295 KB
  ch20-core        core   00:05:56.34     572 KB
  ch20-medium      medium 00:01:48.23     175 KB
  ch20-long        long   00:02:31.66     237 KB
  ch21-core        core   00:06:44.69     650 KB
  ch21-medium      medium 00:01:59.37     182 KB
  ch21-long        long   00:02:42.04     250 KB
  ch22-core        core   00:05:09.56     505 KB
  ch22-medium      medium 00:02:05.04     196 KB
  ch22-long        long   00:03:27.94     325 KB
  ch23-core        core   00:05:47.61     564 KB
  ch23-medium      medium 00:02:12.69     208 KB
  ch23-long        long   00:02:53.63     266 KB
  ch24-core        core   00:06:34.07     633 KB
  ch24-medium      medium 00:01:55.82     185 KB
  ch24-long        long   00:02:46.69     257 KB
  ch25-core        core   00:06:01.12     573 KB
  ch25-medium      medium 00:01:46.88     166 KB
  ch25-long        long   00:02:57.95     281 KB
  ch26-core        core   00:06:26.97     635 KB
  ch26-medium      medium 00:01:53.86     181 KB
  ch26-long        long   00:02:33.76     241 KB
  ch27-core        core   00:07:33.36     719 KB
  ch27-medium      medium 00:01:52.27     171 KB
  ch27-long        long   00:03:03.18     272 KB
  outro            all    00:00:25.00  (silent, bed only)
  core   03:01:06.25   18.0 MB  29 files
  medium 03:55:06.29   23.4 MB  57 files
  long   05:09:55.74   30.6 MB  85 files

[drive] rendering 84/84 segments into audio/drive/…
  ch00-core        core   00:06:41.69     727 KB
  ch00-medium      medium 00:02:00.63     218 KB
  ch00-long        long   00:02:19.48     243 KB
  ch01-core        core   00:05:10.45     554 KB
  ch01-medium      medium 00:01:30.91     159 KB
  ch01-long        long   00:01:40.84     175 KB
  ch02-core        core   00:04:55.54     537 KB
  ch02-medium      medium 00:01:37.21     173 KB
  ch02-long        long   00:02:05.90     220 KB
  ch03-core        core   00:04:16.13     460 KB
  ch03-medium      medium 00:01:32.00     164 KB
  ch03-long        long   00:01:51.61     189 KB
  ch04-core        core   00:04:43.29     508 KB
  ch04-medium      medium 00:01:23.77     150 KB
  ch04-long        long   00:01:56.45     201 KB
  ch05-core        core   00:04:26.99     480 KB
  ch05-medium      medium 00:01:27.31     155 KB
  ch05-long        long   00:01:40.43     175 KB
  ch06-core        core   00:04:20.74     467 KB
  ch06-medium      medium 00:01:13.43     130 KB
  ch06-long        long   00:01:48.35     188 KB
  ch07-core        core   00:03:44.55     395 KB
  ch07-medium      medium 00:01:20.27     142 KB
  ch07-long        long   00:01:57.25     201 KB
  ch08-core        core   00:04:45.95     516 KB
  ch08-medium      medium 00:01:19.90     141 KB
  ch08-long        long   00:01:47.05     184 KB
  ch09-core        core   00:04:32.62     492 KB
  ch09-medium      medium 00:01:28.76     157 KB
  ch09-long        long   00:01:40.17     174 KB
  ch10-core        core   00:04:25.46     470 KB
  ch10-medium      medium 00:01:19.55     139 KB
  ch10-long        long   00:01:46.20     182 KB
  ch11-core        core   00:04:33.02     493 KB
  ch11-medium      medium 00:01:15.29     130 KB
  ch11-long        long   00:01:51.59     190 KB
  ch12-core        core   00:04:45.85     512 KB
  ch12-medium      medium 00:01:27.41     152 KB
  ch12-long        long   00:01:33.70     158 KB
  ch13-core        core   00:04:01.88     432 KB
  ch13-medium      medium 00:01:28.45     154 KB
  ch13-long        long   00:02:04.91     214 KB
  ch14-core        core   00:03:45.62     403 KB
  ch14-medium      medium 00:01:14.03     127 KB
  ch14-long        long   00:01:40.22     169 KB
  ch15-core        core   00:04:16.61     458 KB
  ch15-medium      medium 00:01:15.37     129 KB
  ch15-long        long   00:01:54.65     196 KB
  ch16-core        core   00:04:09.01     444 KB
  ch16-medium      medium 00:01:20.65     139 KB
  ch16-long        long   00:01:51.64     192 KB
  ch17-core        core   00:04:28.41     477 KB
  ch17-medium      medium 00:01:12.26     123 KB
  ch17-long        long   00:01:50.26     192 KB
  ch18-core        core   00:04:16.65     455 KB
  ch18-medium      medium 00:01:23.47     147 KB
  ch18-long        long   00:01:40.23     171 KB
  ch19-core        core   00:04:38.88     484 KB
  ch19-medium      medium 00:01:10.16     119 KB
  ch19-long        long   00:02:12.07     227 KB
  ch20-core        core   00:04:06.37     442 KB
  ch20-medium      medium 00:01:17.32     136 KB
  ch20-long        long   00:01:49.43     186 KB
  ch21-core        core   00:04:25.72     481 KB
  ch21-medium      medium 00:01:24.43     143 KB
  ch21-long        long   00:01:53.92     193 KB
  ch22-core        core   00:03:46.39     403 KB
  ch22-medium      medium 00:01:29.09     152 KB
  ch22-long        long   00:02:28.62     254 KB
  ch23-core        core   00:03:58.21     431 KB
  ch23-medium      medium 00:01:32.86     160 KB
  ch23-long        long   00:02:01.72     207 KB
  ch24-core        core   00:04:27.62     479 KB
  ch24-medium      medium 00:01:26.07     149 KB
  ch24-long        long   00:01:59.10     201 KB
  ch25-core        core   00:04:06.47     443 KB
  ch25-medium      medium 00:01:20.47     137 KB
  ch25-long        long   00:02:10.14     225 KB
  ch26-core        core   00:04:32.44     495 KB
  ch26-medium      medium 00:01:20.58     140 KB
  ch26-long        long   00:01:49.96     188 KB
  ch27-core        core   00:05:13.07     550 KB
  ch27-medium      medium 00:01:20.55     135 KB
  ch27-long        long   00:02:07.91     209 KB
  outro            all    00:00:06.00  (silent, bed only)
  core   02:04:59.63   13.8 MB  29 files
  medium 02:43:29.83   18.0 MB  57 files
  long   03:36:21.63   23.6 MB  85 files

✓ audio/ + chapters.txt + manifest.json/.js
